udi,air_temp_k,process_temp_k,rot_speed_rpm,torque_nm,tool_wear_min,machine_failure,twf,hdf,pwf,osf
1,305.41,314.11,1676.6,34.09,4.8,0,0,0,0,0
2,301.26,311.10,1260.5,54.52,233.7,1,0,0,0,1
3,301.82,312.38,1640.8,34.54,241.1,0,0,0,0,0
4,301.01,311.26,1330.2,40.55,107.6,0,0,0,0,0
5,301.30,310.49,1550.2,38.88,47.4,0,0,0,0,0
6,299.36,310.05,1560.8,37.49,72.3,0,0,0,0,0
7,298.30,307.66,1609.9,45.49,141.6,0,0,0,0,0
8,301.21,310.45,1713.1,37.74,10.4,0,0,0,0,0
9,295.96,306.02,1532.5,42.73,202.3,0,0,0,0,0
10,301.48,312.43,1334.1,40.90,32.5,0,0,0,0,0
11,301.06,311.38,1456.6,50.52,74.0,0,0,0,0,0
12,298.82,309.75,1608.9,55.93,17.3,1,0,0,1,0
13,300.38,310.85,1396.2,45.96,73.3,0,0,0,0,0
14,298.48,306.47,1866.3,36.44,40.3,0,0,0,0,0
15,298.13,307.80,1764.0,38.02,1.9,0,0,0,0,0
16,301.91,310.94,1497.9,43.88,236.9,0,0,0,0,0
17,300.38,309.76,1615.3,45.00,98.7,0,0,0,0,0
18,303.96,314.46,1489.9,40.31,124.7,0,0,0,0,0
19,305.21,314.80,1874.6,33.86,33.1,0,0,0,0,0
20,301.37,311.98,1205.7,61.16,64.8,0,0,0,0,0
21,300.61,309.31,1718.3,32.09,2.9,0,0,0,0,0
22,303.39,312.62,1315.9,56.20,34.4,0,0,0,0,0
23,296.59,306.62,1568.2,44.73,164.8,0,0,0,0,0
24,297.68,307.31,1732.6,40.69,96.6,0,0,0,0,0
25,299.73,309.96,1453.3,31.22,219.9,0,0,0,0,0
26,300.78,312.18,1402.9,49.48,97.3,0,0,0,0,0
27,300.33,309.78,1411.7,38.04,141.5,0,0,0,0,0
28,300.37,308.61,1541.2,42.87,189.3,0,0,0,0,0
29,301.62,311.02,1524.6,53.11,231.5,1,1,0,0,1
30,300.15,311.09,1329.8,54.41,156.3,0,0,0,0,0
31,301.28,313.46,1286.0,43.77,200.0,0,0,0,0,0
32,300.66,310.23,1434.1,47.79,127.6,0,0,0,0,0
33,299.01,310.03,1441.7,49.61,35.2,0,0,0,0,0
34,298.49,308.74,1521.2,35.59,56.0,0,0,0,0,0
35,298.11,308.56,1585.5,45.83,204.3,0,0,0,0,0
36,300.97,310.72,1404.3,46.55,22.8,0,0,0,0,0
37,299.77,309.35,1843.0,23.81,179.6,0,0,0,0,0
38,303.80,314.91,1930.6,26.82,88.4,0,0,0,0,0
39,300.48,310.27,1662.7,42.39,29.9,0,0,0,0,0
40,303.99,313.94,1595.8,39.06,226.8,0,0,0,0,0
41,298.01,307.78,1351.3,48.28,119.3,0,0,0,0,0
42,300.39,311.77,1623.4,40.00,150.9,0,0,0,0,0
43,297.73,307.13,1490.7,42.90,188.8,0,0,0,0,0
44,300.00,310.55,1604.3,43.86,153.5,0,0,0,0,0
45,302.05,312.14,1396.4,41.27,70.4,0,0,0,0,0
46,299.69,309.64,1500.9,43.37,169.3,0,0,0,0,0
47,299.94,311.45,1401.1,47.97,79.8,0,0,0,0,0
48,301.30,312.34,1411.1,43.13,151.9,0,0,0,0,0
49,304.31,313.30,1335.1,48.48,113.3,0,0,0,0,0
50,298.78,309.15,1605.9,37.44,228.4,0,0,0,0,0
51,298.49,306.93,1662.3,41.50,129.6,0,0,0,0,0
52,299.31,310.06,1242.6,50.18,27.3,0,0,0,0,0
53,300.29,309.57,1157.4,53.01,236.0,1,0,0,0,1
54,299.04,308.18,1649.5,30.33,10.3,0,0,0,0,0
55,301.12,311.07,1625.1,32.40,83.8,0,0,0,0,0
56,302.05,311.27,1761.9,34.62,59.9,0,0,0,0,0
57,298.15,306.92,1339.6,38.20,32.1,0,0,0,0,0
58,303.73,313.84,1801.9,33.35,7.6,0,0,0,0,0
59,297.73,305.97,2094.9,10.23,98.2,1,0,0,1,0
60,301.22,310.86,1458.6,35.12,145.7,0,0,0,0,0
61,300.77,310.26,1150.0,53.08,62.0,0,0,0,0,0
62,304.17,313.86,1278.1,52.31,53.1,0,0,0,0,0
63,299.25,310.42,1719.2,42.66,4.8,0,0,0,0,0
64,300.46,309.31,1743.4,32.31,25.1,0,0,0,0,0
65,301.36,312.37,1403.7,54.65,214.9,1,0,0,0,1
66,302.07,312.33,1214.1,49.57,236.0,1,0,0,0,1
67,299.94,309.54,1150.0,52.71,174.4,0,0,0,0,0
68,303.88,313.86,1302.6,51.57,109.9,0,0,0,0,0
69,297.99,309.71,1488.7,45.04,139.4,0,0,0,0,0
70,298.52,309.14,1468.3,44.31,36.8,0,0,0,0,0
71,300.37,309.02,1285.2,48.81,165.0,0,0,0,0,0
72,298.53,310.21,1424.0,40.12,122.2,0,0,0,0,0
73,297.23,305.62,1472.2,42.40,184.5,0,0,0,0,0
74,302.96,314.43,1353.4,60.28,187.8,1,0,0,0,1
75,301.92,312.08,1150.0,55.58,116.4,0,0,0,0,0
76,295.72,306.66,1538.1,50.83,173.7,0,0,0,0,0
77,301.99,312.19,1249.8,55.81,179.6,0,0,0,0,0
78,302.38,310.87,1623.1,49.87,240.1,1,0,0,0,1
79,297.91,308.66,1710.0,29.10,113.9,0,0,0,0,0
80,302.59,312.38,1508.9,48.53,14.4,0,0,0,0,0
81,297.06,306.97,1660.9,40.66,180.3,0,0,0,0,0
82,299.01,310.05,1758.5,17.61,239.5,1,1,0,1,0
83,299.67,311.39,1688.6,39.34,136.8,0,0,0,0,0
84,300.97,310.55,1430.7,40.07,211.3,0,0,0,0,0
85,300.78,309.35,1640.4,33.44,158.5,0,0,0,0,0
86,300.44,310.54,1512.6,39.48,144.3,0,0,0,0,0
87,298.29,306.22,1525.1,32.54,216.0,0,0,0,0,0
88,303.08,312.49,1475.7,43.74,132.9,0,0,0,0,0
89,301.33,312.48,1497.0,43.33,193.7,0,0,0,0,0
90,298.92,309.41,1650.8,40.50,201.4,0,0,0,0,0
91,298.86,309.63,1194.6,40.63,236.4,0,0,0,0,0
92,302.81,314.08,1521.5,24.33,53.6,0,0,0,0,0
93,301.28,312.63,1401.6,46.46,197.9,0,0,0,0,0
94,298.19,308.41,1561.8,35.14,201.9,0,0,0,0,0
95,299.22,310.08,1427.7,45.78,183.1,0,0,0,0,0
96,302.06,312.09,1796.9,22.01,66.5,0,0,0,0,0
97,296.05,305.86,1732.5,34.26,174.4,0,0,0,0,0
98,298.27,308.76,1715.7,31.20,122.5,0,0,0,0,0
99,301.44,310.92,1564.0,36.49,211.0,0,0,0,0,0
100,297.55,307.12,1580.9,48.83,16.2,0,0,0,0,0
101,303.21,314.04,1611.7,40.52,200.5,0,0,0,0,0
102,297.77,309.30,1794.1,19.17,231.4,0,0,0,0,0
103,297.23,306.89,1706.1,27.61,105.6,0,0,0,0,0
104,297.34,308.53,1446.7,36.65,42.5,0,0,0,0,0
105,300.08,311.39,1780.1,31.50,169.9,0,0,0,0,0
106,299.18,310.24,1933.4,25.69,180.6,0,0,0,0,0
107,298.46,308.82,1330.9,45.51,110.1,0,0,0,0,0
108,300.22,309.29,1676.1,23.58,76.0,0,0,0,0,0
109,298.39,310.25,1293.1,48.47,54.6,0,0,0,0,0
110,300.51,310.09,1475.5,45.57,155.0,0,0,0,0,0
111,301.30,311.73,1495.5,44.84,13.8,0,0,0,0,0
112,300.72,309.01,1488.3,51.39,212.3,1,1,0,0,0
113,297.84,307.43,1609.0,39.74,101.5,0,0,0,0,0
114,301.80,310.79,1481.8,42.59,74.9,0,0,0,0,0
115,300.32,309.40,1493.0,37.74,103.8,0,0,0,0,0
116,301.67,312.43,1320.1,50.14,160.5,0,0,0,0,0
117,301.95,312.15,1361.4,45.33,234.4,1,1,0,0,0
118,299.22,310.08,1546.6,40.08,7.4,0,0,0,0,0
119,301.57,311.53,1595.1,49.17,138.1,0,0,0,0,0
120,298.58,306.83,1504.9,43.91,202.9,0,0,0,0,0
121,301.17,309.88,1271.5,55.69,185.7,0,0,0,0,0
122,296.76,306.24,1724.4,24.62,7.8,0,0,0,0,0
123,301.36,310.49,1563.9,32.26,1.7,0,0,0,0,0
124,300.05,310.56,1493.4,38.04,12.2,0,0,0,0,0
125,296.64,304.56,1693.7,28.74,28.6,0,0,0,0,0
126,300.67,309.54,1527.2,36.29,61.3,0,0,0,0,0
127,298.94,309.38,1512.1,28.54,170.9,0,0,0,0,0
128,304.24,315.37,1614.1,30.29,113.3,0,0,0,0,0
129,300.40,311.71,1805.9,36.90,148.4,0,0,0,0,0
130,304.61,313.71,1517.4,37.07,210.9,0,0,0,0,0
131,301.46,311.74,1838.7,22.52,242.0,0,0,0,0,0
132,298.27,307.71,1707.4,46.65,188.6,0,0,0,0,0
133,300.61,310.79,1365.3,41.90,92.8,0,0,0,0,0
134,300.49,311.47,1613.4,38.00,190.8,0,0,0,0,0
135,301.73,311.42,1365.1,44.23,129.3,0,0,0,0,0
136,296.88,307.21,1553.0,35.50,74.3,0,0,0,0,0
137,299.50,311.66,1502.2,46.01,92.8,0,0,0,0,0
138,298.84,309.45,1397.3,39.77,134.9,0,0,0,0,0
139,300.47,310.50,1761.1,33.22,242.1,1,1,0,0,0
140,300.40,311.06,1571.6,26.84,153.0,0,0,0,0,0
141,300.66,311.51,1695.4,41.95,163.3,0,0,0,0,0
142,301.35,308.95,1569.5,34.42,182.2,0,0,0,0,0
143,299.65,309.26,1489.7,40.18,104.0,0,0,0,0,0
144,301.56,313.17,1505.6,43.08,180.3,0,0,0,0,0
145,299.23,308.51,1393.9,36.70,118.0,0,0,0,0,0
146,299.18,309.34,1777.1,40.22,189.8,0,0,0,0,0
147,300.69,309.11,1681.8,27.54,243.2,0,0,0,0,0
148,300.39,309.15,1261.5,48.92,46.4,0,0,0,0,0
149,298.03,307.08,1534.4,32.35,113.8,0,0,0,0,0
150,304.46,314.76,1338.4,47.24,168.3,0,0,0,0,0
151,298.06,307.81,1389.5,40.05,162.9,0,0,0,0,0
152,296.96,306.71,1516.9,37.17,238.7,0,0,0,0,0
153,302.27,312.08,1539.9,24.09,84.1,0,0,0,0,0
154,301.06,310.50,1483.1,38.80,120.5,0,0,0,0,0
155,300.79,310.73,1606.2,36.70,194.2,0,0,0,0,0
156,298.74,309.27,1579.6,36.26,9.6,0,0,0,0,0
157,297.20,308.12,1614.8,49.17,212.9,0,0,0,0,0
158,299.56,308.52,1510.4,41.20,14.6,0,0,0,0,0
159,299.91,311.16,1480.1,47.48,119.1,0,0,0,0,0
160,300.02,309.13,1576.1,43.36,0.1,0,0,0,0,0
161,300.19,310.31,1805.6,24.96,209.4,0,0,0,0,0
162,302.48,311.03,1723.7,28.46,201.2,0,0,0,0,0
163,297.80,307.25,1414.3,46.77,111.0,0,0,0,0,0
164,296.18,303.59,1712.5,24.44,47.0,0,0,0,0,0
165,299.24,308.12,1541.9,44.19,1.9,0,0,0,0,0
166,296.67,305.46,1211.8,56.92,22.8,0,0,0,0,0
167,294.53,305.31,1569.9,40.84,201.1,0,0,0,0,0
168,303.05,312.93,1590.8,43.70,165.1,0,0,0,0,0
169,300.36,311.61,1329.3,52.57,123.9,0,0,0,0,0
170,298.75,308.12,1598.0,40.99,73.1,0,0,0,0,0
171,299.22,308.28,1956.4,29.99,162.9,0,0,0,0,0
172,303.49,314.47,1849.2,31.84,48.6,0,0,0,0,0
173,302.26,312.43,1536.4,40.94,51.9,0,0,0,0,0
174,301.80,312.79,1507.0,44.12,187.3,0,0,0,0,0
175,300.66,310.24,1710.8,36.64,42.8,0,0,0,0,0
176,297.87,307.97,1719.0,34.58,78.4,0,0,0,0,0
177,299.75,310.25,1425.1,36.96,196.2,0,0,0,0,0
178,298.11,308.65,1681.6,57.26,179.4,1,0,0,1,0
179,304.06,314.66,1655.8,41.25,13.6,0,0,0,0,0
180,297.91,306.74,1332.1,49.37,174.6,0,0,0,0,0
181,297.39,308.09,1540.7,39.29,140.6,0,0,0,0,0
182,296.73,308.89,1638.1,31.71,164.3,0,0,0,0,0
183,301.60,312.15,1670.7,27.65,128.3,0,0,0,0,0
184,296.66,307.68,1694.0,45.68,233.4,0,0,0,0,0
185,301.22,311.56,1617.2,30.70,64.9,0,0,0,0,0
186,300.57,308.76,1462.8,41.55,151.9,0,0,0,0,0
187,299.59,309.38,1632.8,39.75,12.4,0,0,0,0,0
188,304.99,314.75,1453.7,49.75,148.7,0,0,0,0,0
189,298.91,309.04,1737.3,32.14,70.8,0,0,0,0,0
190,300.99,310.33,1591.5,42.06,181.6,0,0,0,0,0
191,297.53,306.01,1517.4,54.26,65.1,0,0,0,0,0
192,298.40,308.13,1426.9,47.59,139.0,0,0,0,0,0
193,301.51,310.98,1341.0,43.86,160.7,0,0,0,0,0
194,298.46,309.21,1834.7,43.08,20.2,0,0,0,0,0
195,299.93,310.84,1922.1,29.25,9.2,0,0,0,0,0
196,301.38,311.54,1651.8,37.24,5.9,0,0,0,0,0
197,300.16,312.23,1573.8,33.11,165.4,0,0,0,0,0
198,299.17,308.98,1375.0,43.26,75.6,0,0,0,0,0
199,300.11,309.58,1336.6,47.05,2.9,0,0,0,0,0
200,295.77,307.88,1598.8,35.61,161.9,0,0,0,0,0
201,299.44,309.88,1637.3,34.27,189.8,0,0,0,0,0
202,302.13,311.58,1619.5,36.02,209.6,0,0,0,0,0
203,303.50,313.40,1497.4,46.66,187.8,0,0,0,0,0
204,301.39,311.18,1550.0,48.45,27.3,0,0,0,0,0
205,300.31,309.36,1472.3,41.44,133.4,0,0,0,0,0
206,300.34,312.09,1547.7,41.66,98.2,0,0,0,0,0
207,298.47,308.27,1457.8,33.12,232.1,1,1,0,0,0
208,301.92,312.84,1643.0,19.61,82.1,1,0,0,1,0
209,301.81,311.05,1427.2,43.37,99.6,0,0,0,0,0
210,298.92,309.54,1617.2,32.70,175.6,0,0,0,0,0
211,296.90,308.27,1192.3,53.94,180.0,0,0,0,0,0
212,300.87,311.20,1508.8,41.14,145.6,0,0,0,0,0
213,302.52,313.82,1408.5,47.85,110.1,0,0,0,0,0
214,299.10,309.27,1426.0,46.66,30.9,0,0,0,0,0
215,300.53,311.16,1638.4,44.08,147.0,0,0,0,0,0
216,300.83,310.72,1354.4,53.25,101.4,0,0,0,0,0
217,301.98,312.09,1670.9,31.61,64.9,0,0,0,0,0
218,301.03,310.84,1581.1,39.66,227.4,1,1,0,0,0
219,298.14,307.91,1305.8,49.16,135.4,0,0,0,0,0
220,301.69,312.42,1391.8,28.89,214.0,0,0,0,0,0
221,299.40,309.86,1551.1,38.82,23.9,0,0,0,0,0
222,300.06,310.93,1625.1,35.64,198.6,0,0,0,0,0
223,301.78,312.18,1736.2,38.88,224.5,0,0,0,0,0
224,296.32,307.85,1481.4,33.68,220.6,1,1,0,0,0
225,301.73,312.15,1325.8,48.95,235.2,1,0,0,0,1
226,297.85,307.51,1711.9,40.78,230.6,0,0,0,0,0
227,298.84,308.68,1578.2,33.01,33.6,0,0,0,0,0
228,302.42,311.68,1342.8,47.90,40.6,0,0,0,0,0
229,302.40,311.55,1723.9,42.24,198.5,0,0,0,0,0
230,298.36,309.86,1501.8,41.72,215.8,0,0,0,0,0
231,297.94,309.18,1824.7,25.74,61.6,0,0,0,0,0
232,296.95,308.05,1481.7,39.36,153.0,0,0,0,0,0
233,298.29,306.49,1287.4,46.63,51.9,1,0,1,0,0
234,303.21,312.98,1452.2,44.26,158.3,0,0,0,0,0
235,300.37,310.23,1462.2,39.00,109.6,0,0,0,0,0
236,298.01,308.68,1214.0,52.64,199.0,0,0,0,0,0
237,299.74,309.11,1777.9,34.02,174.8,0,0,0,0,0
238,297.33,308.28,1681.2,38.13,60.8,0,0,0,0,0
239,299.82,309.13,1485.2,35.51,151.9,0,0,0,0,0
240,301.40,312.98,1515.9,42.06,176.2,0,0,0,0,0
241,297.18,309.77,1220.4,42.14,120.0,0,0,0,0,0
242,301.74,310.90,1586.8,40.13,222.6,0,0,0,0,0
243,303.17,312.72,1583.3,52.19,35.4,0,0,0,0,0
244,301.86,312.20,1441.3,39.86,70.7,0,0,0,0,0
245,298.90,309.27,1660.0,34.93,11.7,0,0,0,0,0
246,301.88,312.14,1288.8,46.97,216.1,0,0,0,0,0
247,298.05,308.43,1713.8,39.02,182.2,0,0,0,0,0
248,297.89,307.61,1787.4,24.48,221.7,0,0,0,0,0
249,304.33,313.90,1570.3,35.41,172.9,0,0,0,0,0
250,297.47,307.56,1502.4,32.55,206.9,0,0,0,0,0
251,298.39,309.27,1690.1,42.62,99.8,0,0,0,0,0
252,299.49,308.40,1484.7,54.71,38.8,0,0,0,0,0
253,300.18,309.32,1510.2,37.76,172.2,0,0,0,0,0
254,302.64,311.56,1857.1,21.52,200.3,0,0,0,0,0
255,301.59,311.05,1570.9,33.25,229.3,0,0,0,0,0
256,302.72,313.27,1626.2,29.81,63.1,0,0,0,0,0
257,301.54,311.68,1528.5,33.61,236.5,1,1,0,0,0
258,300.59,309.89,1685.7,39.36,125.6,0,0,0,0,0
259,297.22,307.39,1368.8,43.35,162.1,0,0,0,0,0
260,300.29,310.79,1712.3,31.68,164.6,0,0,0,0,0
261,298.54,307.99,1514.5,43.15,78.3,0,0,0,0,0
262,298.56,308.42,1327.9,47.93,184.3,0,0,0,0,0
263,299.43,309.23,1847.2,24.47,241.2,0,0,0,0,0
264,304.18,311.87,1665.4,39.61,206.0,0,0,0,0,0
265,302.01,312.70,1706.5,31.71,144.1,0,0,0,0,0
266,302.06,312.22,1150.0,57.02,217.7,1,0,0,0,1
267,297.84,308.82,1660.9,40.71,152.0,0,0,0,0,0
268,300.00,310.15,1608.7,45.75,53.1,0,0,0,0,0
269,299.56,310.75,1570.1,48.83,15.6,0,0,0,0,0
270,300.59,309.57,1583.9,38.75,206.4,0,0,0,0,0
271,301.67,312.33,1389.0,50.19,42.6,0,0,0,0,0
272,299.72,309.34,1393.9,41.12,130.1,0,0,0,0,0
273,300.24,310.49,1701.7,37.48,106.2,0,0,0,0,0
274,301.33,311.80,1698.2,28.06,112.3,0,0,0,0,0
275,300.82,310.52,1720.7,21.57,136.8,0,0,0,0,0
276,301.62,312.30,1721.9,36.38,11.4,0,0,0,0,0
277,294.53,304.05,1511.4,43.63,15.4,0,0,0,0,0
278,298.03,308.38,1220.7,54.59,136.8,0,0,0,0,0
279,299.69,309.42,1492.3,39.62,140.5,0,0,0,0,0
280,297.97,307.90,1802.6,39.42,118.7,0,0,0,0,0
281,297.83,308.69,1601.0,39.45,238.1,0,0,0,0,0
282,294.86,303.72,1329.5,48.97,14.3,0,0,0,0,0
283,301.32,310.48,1150.0,54.06,134.5,0,0,0,0,0
284,299.33,309.78,1579.5,48.94,170.1,0,0,0,0,0
285,298.14,308.96,1501.8,40.43,5.4,0,0,0,0,0
286,303.43,313.00,1591.4,29.69,79.1,0,0,0,0,0
287,299.06,309.86,1745.6,16.93,122.1,1,0,0,1,0
288,301.72,313.16,1362.0,50.86,116.6,0,0,0,0,0
289,300.46,312.61,1727.0,21.14,68.7,0,0,0,0,0
290,301.24,311.18,1619.3,37.60,50.4,0,0,0,0,0
291,295.89,306.96,1711.8,37.29,131.2,0,0,0,0,0
292,299.67,310.34,1423.5,50.31,173.5,0,0,0,0,0
293,299.11,309.70,1658.1,35.72,112.4,0,0,0,0,0
294,301.37,311.06,1377.7,41.26,52.5,0,0,0,0,0
295,305.57,314.22,1667.5,34.94,183.1,0,0,0,0,0
296,303.05,313.35,1674.3,36.16,187.2,0,0,0,0,0
297,302.58,312.12,1756.2,26.65,202.4,0,0,0,0,0
298,297.04,306.25,1367.6,39.44,207.0,0,0,0,0,0
299,300.43,310.11,1563.8,33.87,162.0,0,0,0,0,0
300,299.52,311.10,1676.1,28.99,4.9,0,0,0,0,0
301,297.16,307.98,1522.4,39.50,194.9,0,0,0,0,0
302,300.64,310.13,1564.5,47.79,70.8,0,0,0,0,0
303,302.01,313.99,1201.8,51.41,177.8,0,0,0,0,0
304,300.66,310.50,1498.3,31.88,125.5,0,0,0,0,0
305,301.84,311.53,1554.7,50.36,90.8,0,0,0,0,0
306,302.70,313.20,1599.2,34.88,226.0,0,0,0,0,0
307,299.24,309.29,1650.5,37.05,205.7,0,0,0,0,0
308,303.91,314.70,1694.5,39.78,72.3,0,0,0,0,0
309,298.28,306.74,1769.1,38.79,157.3,0,0,0,0,0
310,299.56,308.06,1408.3,55.10,7.9,0,0,0,0,0
311,299.90,310.99,1812.2,26.45,240.0,0,0,0,0,0
312,299.12,307.96,1493.2,42.90,242.8,0,0,0,0,0
313,297.00,305.96,1830.6,31.77,180.9,0,0,0,0,0
314,302.12,311.57,1754.1,36.52,73.8,0,0,0,0,0
315,303.71,313.92,1455.1,39.26,105.8,0,0,0,0,0
316,301.00,310.88,1862.9,25.13,66.0,0,0,0,0,0
317,300.23,311.26,1556.5,34.14,222.2,0,0,0,0,0
318,299.26,308.86,1443.1,45.26,35.3,0,0,0,0,0
319,300.92,307.81,1691.4,32.01,128.4,0,0,0,0,0
320,301.17,311.12,1554.0,39.10,117.4,0,0,0,0,0
321,299.64,309.01,1358.2,53.57,132.6,0,0,0,0,0
322,298.79,308.27,1711.2,26.69,82.2,0,0,0,0,0
323,294.89,303.96,1298.1,47.27,227.7,0,0,0,0,0
324,299.94,308.73,1188.5,55.86,103.8,0,0,0,0,0
325,302.81,313.66,1523.1,40.53,216.1,0,0,0,0,0
326,300.12,311.67,1498.7,44.96,82.6,0,0,0,0,0
327,296.92,308.50,1610.9,35.77,49.9,0,0,0,0,0
328,298.36,307.36,1551.1,37.15,59.4,0,0,0,0,0
329,296.80,306.31,1422.7,53.90,118.9,0,0,0,0,0
330,295.86,305.45,1398.7,42.42,72.1,0,0,0,0,0
331,303.02,313.69,1497.5,46.01,36.8,0,0,0,0,0
332,300.35,311.46,1543.8,35.58,147.9,0,0,0,0,0
333,300.93,311.53,1441.8,47.51,130.0,0,0,0,0,0
334,295.59,307.60,1651.8,36.71,7.9,0,0,0,0,0
335,301.09,311.09,1721.7,35.90,15.6,0,0,0,0,0
336,301.40,311.83,1581.4,39.58,10.6,0,0,0,0,0
337,302.51,312.12,1617.1,44.93,10.0,0,0,0,0,0
338,297.90,306.88,1466.4,49.20,26.0,0,0,0,0,0
339,297.44,306.95,1217.0,58.72,79.4,0,0,0,0,0
340,302.55,312.03,1482.1,40.20,181.6,0,0,0,0,0
341,301.29,312.79,1654.0,42.86,7.1,0,0,0,0,0
342,299.40,307.85,1370.1,46.58,61.8,1,0,1,0,0
343,301.51,311.54,1438.0,46.00,38.3,0,0,0,0,0
344,303.52,312.32,1593.8,38.78,76.9,0,0,0,0,0
345,300.61,311.04,1531.6,29.01,141.4,0,0,0,0,0
346,301.06,311.41,1711.9,36.61,102.5,0,0,0,0,0
347,301.88,311.04,1446.7,33.62,72.9,0,0,0,0,0
348,301.49,312.47,1507.3,44.72,203.8,0,0,0,0,0
349,299.72,309.79,1227.0,60.83,45.7,0,0,0,0,0
350,300.17,309.94,1577.8,36.07,88.3,0,0,0,0,0
351,296.23,305.55,1353.0,51.70,103.0,0,0,0,0,0
352,297.37,307.60,1696.3,34.60,36.3,0,0,0,0,0
353,305.20,314.47,1588.9,26.28,74.9,0,0,0,0,0
354,298.77,309.36,1394.5,50.22,101.5,0,0,0,0,0
355,296.57,306.57,1476.4,41.10,30.4,0,0,0,0,0
356,302.70,311.99,1250.1,50.00,0.8,0,0,0,0,0
357,303.60,314.14,1421.6,54.11,239.1,1,0,0,0,1
358,297.37,307.40,1737.5,32.38,50.9,0,0,0,0,0
359,300.07,312.31,1598.4,40.54,15.6,0,0,0,0,0
360,299.56,308.85,1370.7,58.81,149.8,0,0,0,0,0
361,299.38,309.38,1394.4,33.81,60.3,0,0,0,0,0
362,298.32,308.79,1664.2,40.93,20.3,0,0,0,0,0
363,298.34,307.78,1150.0,48.93,15.0,0,0,0,0,0
364,299.01,309.91,1582.4,48.28,95.9,0,0,0,0,0
365,301.11,310.89,1696.1,31.98,18.1,0,0,0,0,0
366,299.62,310.80,1669.9,39.17,111.5,0,0,0,0,0
367,300.46,310.02,1458.0,50.63,104.1,0,0,0,0,0
368,300.31,310.68,1817.4,28.83,62.5,0,0,0,0,0
369,299.61,311.12,1718.8,37.10,129.2,0,0,0,0,0
370,298.70,307.99,1791.1,36.28,45.9,0,0,0,0,0
371,298.28,309.65,1751.0,34.91,73.9,0,0,0,0,0
372,299.25,308.81,1521.4,47.30,111.5,0,0,0,0,0
373,299.97,309.36,1235.4,51.82,142.3,0,0,0,0,0
374,297.13,306.70,1511.8,33.98,69.7,0,0,0,0,0
375,298.43,307.14,1274.8,41.20,28.5,0,0,0,0,0
376,301.96,313.67,1379.5,36.77,96.2,0,0,0,0,0
377,298.37,308.14,1639.0,27.18,41.8,0,0,0,0,0
378,300.24,309.24,1393.3,50.02,12.7,0,0,0,0,0
379,297.15,306.69,1632.0,43.99,63.7,0,0,0,0,0
380,302.52,313.00,1513.5,44.45,93.4,0,0,0,0,0
381,302.70,313.14,1547.2,39.87,91.2,0,0,0,0,0
382,300.51,309.03,1495.2,41.74,21.5,0,0,0,0,0
383,300.25,312.04,1718.3,43.60,93.0,0,0,0,0,0
384,300.93,311.49,1671.6,34.15,222.9,0,0,0,0,0
385,299.73,308.91,1577.6,31.18,108.0,0,0,0,0,0
386,298.58,308.50,1442.1,43.03,124.3,0,0,0,0,0
387,301.73,311.55,1770.1,34.79,200.7,0,0,0,0,0
388,298.55,307.85,1471.0,46.26,3.3,0,0,0,0,0
389,300.83,310.04,1427.1,40.14,108.0,0,0,0,0,0
390,302.55,314.31,1545.6,40.36,236.7,0,0,0,0,0
391,297.61,306.68,1578.5,34.53,9.6,0,0,0,0,0
392,299.71,310.07,1444.6,43.91,136.8,0,0,0,0,0
393,300.03,309.51,1528.7,48.72,5.4,0,0,0,0,0
394,295.69,304.77,1670.5,49.38,122.8,0,0,0,0,0
395,299.01,309.27,1312.1,44.39,83.1,0,0,0,0,0
396,300.14,310.35,1557.3,37.60,240.4,0,0,0,0,0
397,297.42,306.54,1375.5,45.55,172.8,0,0,0,0,0
398,302.00,312.56,1508.9,36.38,235.7,0,0,0,0,0
399,303.34,313.41,1791.8,24.09,239.4,0,0,0,0,0
400,302.96,312.71,1709.2,38.38,170.0,0,0,0,0,0
401,304.17,313.11,1790.6,37.10,184.5,0,0,0,0,0
402,299.42,309.11,1446.1,43.50,95.1,0,0,0,0,0
403,302.38,310.01,1680.0,29.94,55.9,0,0,0,0,0
404,300.68,310.24,1651.9,28.55,188.8,0,0,0,0,0
405,297.53,308.55,1678.7,37.52,115.6,0,0,0,0,0
406,298.11,307.74,1556.6,36.65,99.4,0,0,0,0,0
407,299.20,309.25,1455.2,37.07,239.6,0,0,0,0,0
408,296.44,306.98,1825.8,28.05,10.4,0,0,0,0,0
409,299.95,310.56,1524.2,33.85,170.8,0,0,0,0,0
410,300.06,310.14,1798.8,39.07,188.0,0,0,0,0,0
411,305.78,315.41,1706.7,46.07,85.5,0,0,0,0,0
412,300.61,309.85,1541.7,41.94,135.2,0,0,0,0,0
413,302.77,312.26,1357.2,52.31,107.2,0,0,0,0,0
414,301.12,310.49,1771.3,34.13,229.5,0,0,0,0,0
415,298.63,307.45,1767.7,30.96,216.8,1,1,0,0,0
416,298.06,309.76,1285.5,46.83,141.0,0,0,0,0,0
417,298.85,309.38,1298.6,43.38,109.3,0,0,0,0,0
418,299.33,309.18,1526.9,50.00,112.8,0,0,0,0,0
419,302.33,313.62,1465.0,33.61,236.1,1,1,0,0,0
420,302.50,312.06,1371.6,43.01,176.7,0,0,0,0,0
421,299.22,308.65,1828.1,30.59,5.1,0,0,0,0,0
422,299.50,311.16,1372.4,43.83,230.0,0,0,0,0,0
423,298.40,308.52,1420.9,48.37,137.6,0,0,0,0,0
424,299.62,310.05,1259.4,53.18,185.1,0,0,0,0,0
425,300.55,310.66,1923.3,32.43,143.5,0,0,0,0,0
426,298.89,309.36,1582.4,46.55,19.5,0,0,0,0,0
427,300.28,310.52,1469.6,42.58,124.6,0,0,0,0,0
428,298.72,308.16,1709.0,30.85,224.2,1,1,0,0,0
429,302.70,311.93,1579.5,46.51,39.6,0,0,0,0,0
430,300.46,311.92,1791.4,36.51,69.1,0,0,0,0,0
431,298.86,309.23,1514.3,42.16,2.4,0,0,0,0,0
432,302.85,313.45,1288.8,48.33,104.9,0,0,0,0,0
433,296.49,306.77,1647.6,30.25,234.4,1,1,0,0,0
434,299.74,310.72,1785.3,38.74,50.6,0,0,0,0,0
435,303.10,313.96,1751.1,37.23,178.3,0,0,0,0,0
436,302.49,310.86,1414.5,42.55,236.9,0,0,0,0,0
437,301.61,311.64,1195.6,44.79,33.4,0,0,0,0,0
438,299.93,310.48,1796.6,27.24,76.5,0,0,0,0,0
439,302.07,311.51,1255.3,46.27,4.7,0,0,0,0,0
440,301.48,312.11,1949.1,11.60,104.3,1,0,0,1,0
441,302.20,311.06,1374.2,50.05,237.3,1,0,0,0,1
442,297.95,308.37,1560.6,39.35,44.6,0,0,0,0,0
443,302.26,312.23,1612.9,21.06,54.0,0,0,0,0,0
444,298.16,307.83,1495.3,32.24,234.1,0,0,0,0,0
445,297.42,308.63,1393.4,34.60,120.0,0,0,0,0,0
446,299.98,308.30,1655.8,38.19,230.3,1,1,0,0,0
447,299.86,310.37,1839.6,34.55,122.2,0,0,0,0,0
448,302.59,311.93,1456.4,38.70,164.1,0,0,0,0,0
449,299.57,309.09,1535.6,47.92,93.8,0,0,0,0,0
450,300.65,310.94,1408.1,39.81,135.8,0,0,0,0,0
451,297.96,307.89,1385.9,56.11,124.7,0,0,0,0,0
452,297.51,309.38,1455.1,41.80,130.8,0,0,0,0,0
453,299.27,309.88,1476.6,32.31,182.9,0,0,0,0,0
454,301.18,311.53,1476.2,39.11,190.5,0,0,0,0,0
455,305.24,315.53,1528.7,48.42,51.3,0,0,0,0,0
456,297.87,307.39,1682.0,31.70,231.3,0,0,0,0,0
457,303.65,315.92,1596.2,43.31,154.2,0,0,0,0,0
458,299.43,310.82,1455.3,41.27,227.3,0,0,0,0,0
459,302.86,312.13,1691.9,23.52,168.2,0,0,0,0,0
460,297.03,307.26,1493.7,48.87,172.8,0,0,0,0,0
461,300.53,309.99,1702.2,32.76,99.6,0,0,0,0,0
462,300.32,308.97,1543.6,34.14,91.1,0,0,0,0,0
463,299.09,310.81,1344.5,41.28,214.2,1,1,0,0,0
464,299.45,307.51,1796.4,40.14,223.4,0,0,0,0,0
465,300.00,310.97,1563.2,39.15,185.8,0,0,0,0,0
466,300.26,310.63,1881.9,20.49,215.4,0,0,0,0,0
467,296.18,304.05,1680.7,34.80,59.8,0,0,0,0,0
468,297.47,307.67,1613.6,32.72,67.6,0,0,0,0,0
469,298.22,307.49,1330.9,33.30,65.4,0,0,0,0,0
470,294.43,304.03,1753.8,37.04,164.0,0,0,0,0,0
471,297.23,306.41,1661.7,34.61,133.2,0,0,0,0,0
472,301.49,311.55,1648.7,30.89,154.4,0,0,0,0,0
473,300.62,310.81,1319.3,48.68,186.6,0,0,0,0,0
474,298.13,308.77,1421.4,37.77,203.9,0,0,0,0,0
475,301.88,312.48,1715.6,36.31,54.0,0,0,0,0,0
476,299.98,311.08,1606.2,37.42,221.3,1,1,0,0,0
477,298.11,309.08,1603.2,41.01,218.5,0,0,0,0,0
478,301.25,311.06,1518.7,36.73,208.2,0,0,0,0,0
479,302.68,313.37,1716.8,30.80,162.7,0,0,0,0,0
480,299.29,308.81,1403.3,40.09,153.4,0,0,0,0,0
481,301.48,312.06,1531.3,38.22,232.4,0,0,0,0,0
482,300.59,311.73,1645.6,36.78,164.3,0,0,0,0,0
483,300.65,309.77,1451.8,51.25,75.6,0,0,0,0,0
484,297.48,308.13,1591.2,32.83,178.7,0,0,0,0,0
485,297.25,307.03,1520.5,39.88,29.9,0,0,0,0,0
486,297.75,308.04,1433.6,44.59,36.6,0,0,0,0,0
487,300.63,311.80,1371.8,43.94,43.7,0,0,0,0,0
488,299.86,309.51,1544.4,36.14,41.9,0,0,0,0,0
489,299.62,309.38,1385.6,48.69,221.1,0,0,0,0,0
490,302.59,314.75,1816.2,28.97,32.4,0,0,0,0,0
491,303.07,311.06,1418.1,38.51,234.5,0,0,0,0,0
492,296.21,308.32,1740.3,28.34,187.0,0,0,0,0,0
493,295.70,307.89,1608.2,34.90,143.7,0,0,0,0,0
494,299.07,307.70,1520.9,40.00,119.5,0,0,0,0,0
495,300.88,312.74,1759.9,33.46,208.5,0,0,0,0,0
496,301.16,311.06,1484.4,40.94,214.2,1,1,0,0,0
497,299.46,308.71,1765.6,37.97,34.8,0,0,0,0,0
498,295.73,306.10,1398.0,41.71,145.2,0,0,0,0,0
499,303.78,312.56,1588.0,39.59,194.9,0,0,0,0,0
500,298.60,308.89,1824.9,26.25,152.7,0,0,0,0,0
501,300.72,311.87,1813.2,32.13,158.5,0,0,0,0,0
502,300.04,310.38,1198.6,47.14,40.5,0,0,0,0,0
503,299.34,311.27,1531.0,49.14,140.6,0,0,0,0,0
504,302.24,312.46,1897.2,27.68,120.9,0,0,0,0,0
505,302.54,311.75,1482.7,35.64,106.0,0,0,0,0,0
506,297.25,308.34,1449.4,46.73,228.3,0,0,0,0,0
507,294.83,304.34,1150.0,60.72,122.1,0,0,0,0,0
508,298.68,308.69,1308.7,52.06,9.6,0,0,0,0,0
509,300.69,311.01,1639.8,46.86,188.7,0,0,0,0,0
510,300.56,311.51,1493.6,34.08,164.9,0,0,0,0,0
511,300.72,309.42,1666.9,32.68,42.4,0,0,0,0,0
512,302.27,313.47,1291.8,40.66,86.3,0,0,0,0,0
513,302.05,311.24,1555.6,40.49,156.8,0,0,0,0,0
514,299.12,310.61,1564.0,30.63,36.5,0,0,0,0,0
515,297.21,306.41,1473.3,41.21,199.1,0,0,0,0,0
516,298.46,310.59,1769.7,26.44,91.3,0,0,0,0,0
517,302.39,311.42,1668.1,38.01,193.1,0,0,0,0,0
518,298.57,308.22,1484.1,45.00,25.2,0,0,0,0,0
519,302.29,313.20,1637.0,33.00,234.4,0,0,0,0,0
520,301.36,312.51,1851.1,26.98,78.7,0,0,0,0,0
521,304.35,314.28,1360.0,50.85,85.4,0,0,0,0,0
522,299.98,311.34,1795.0,31.65,48.6,0,0,0,0,0
523,295.33,305.50,1586.3,36.33,146.2,0,0,0,0,0
524,304.04,314.94,1513.3,41.30,42.6,0,0,0,0,0
525,300.07,310.08,1448.0,53.21,89.0,0,0,0,0,0
526,299.75,310.09,1473.6,44.76,184.9,0,0,0,0,0
527,302.88,312.96,1460.2,45.90,47.0,0,0,0,0,0
528,299.30,307.44,1269.7,48.42,207.7,1,0,1,0,0
529,297.85,307.82,1412.3,38.40,146.0,0,0,0,0,0
530,299.29,308.63,1472.6,33.77,239.1,0,0,0,0,0
531,301.16,312.64,1398.0,45.31,184.1,0,0,0,0,0
532,299.21,308.27,1592.5,42.20,51.7,0,0,0,0,0
533,303.65,312.58,1575.8,48.93,57.8,0,0,0,0,0
534,298.05,308.78,1750.6,26.45,63.4,0,0,0,0,0
535,298.43,307.89,1350.0,51.40,168.6,0,0,0,0,0
536,297.23,306.84,1650.7,34.03,169.8,0,0,0,0,0
537,303.84,312.89,1493.1,31.48,128.1,0,0,0,0,0
538,303.47,313.66,1576.3,40.59,43.0,0,0,0,0,0
539,299.39,309.46,1612.9,40.46,207.1,0,0,0,0,0
540,298.22,307.82,1410.1,40.01,16.8,0,0,0,0,0
541,296.41,306.65,1576.6,39.38,231.9,0,0,0,0,0
542,302.91,311.95,1450.9,54.94,53.6,0,0,0,0,0
543,301.26,309.56,1694.5,35.78,166.0,0,0,0,0,0
544,301.29,309.32,1558.8,48.38,171.4,0,0,0,0,0
545,299.24,309.11,1690.2,30.07,150.9,0,0,0,0,0
546,302.43,311.90,1354.0,41.73,153.4,0,0,0,0,0
547,300.05,309.60,1633.9,25.19,78.9,0,0,0,0,0
548,297.59,308.46,1507.0,34.23,114.9,0,0,0,0,0
549,298.16,307.63,1739.6,35.71,0.6,0,0,0,0,0
550,300.53,311.66,1626.6,32.90,185.2,0,0,0,0,0
551,297.24,307.27,1375.6,44.73,84.5,0,0,0,0,0
552,301.06,311.55,1598.1,28.62,29.0,0,0,0,0,0
553,298.08,308.69,1241.0,49.26,82.0,0,0,0,0,0
554,299.03,308.63,1520.9,39.61,107.1,0,0,0,0,0
555,298.91,307.82,1599.7,36.93,79.0,0,0,0,0,0
556,299.33,306.04,1314.5,40.00,229.6,1,1,1,0,0
557,301.04,309.08,1673.6,34.90,16.7,0,0,0,0,0
558,297.32,307.63,1621.5,42.92,164.4,0,0,0,0,0
559,298.64,309.61,1424.3,47.44,221.5,0,0,0,0,0
560,297.19,305.60,1806.4,35.59,101.2,0,0,0,0,0
561,298.94,309.11,1339.7,46.12,60.3,0,0,0,0,0
562,297.95,307.55,1372.2,45.89,185.8,0,0,0,0,0
563,300.26,310.88,1410.4,45.81,211.4,0,0,0,0,0
564,300.89,311.51,1391.1,42.47,103.4,0,0,0,0,0
565,303.87,313.48,1808.2,31.81,191.6,0,0,0,0,0
566,299.02,309.15,1677.6,43.66,15.7,0,0,0,0,0
567,302.68,313.02,1150.0,34.90,45.9,0,0,0,0,0
568,298.88,308.67,1528.1,39.77,95.7,0,0,0,0,0
569,298.62,306.13,1520.5,36.41,94.6,0,0,0,0,0
570,301.25,311.26,1617.8,40.13,22.4,0,0,0,0,0
571,302.03,311.19,1445.7,51.47,172.2,0,0,0,0,0
572,302.18,311.31,1741.7,39.51,171.0,0,0,0,0,0
573,301.02,310.89,1635.2,43.32,72.0,0,0,0,0,0
574,300.29,310.68,1416.9,52.74,206.6,0,0,0,0,0
575,303.54,312.11,1399.1,41.52,180.0,0,0,0,0,0
576,299.01,309.37,1510.5,41.75,242.3,0,0,0,0,0
577,298.27,308.28,1209.2,40.44,124.8,0,0,0,0,0
578,298.70,309.45,1845.0,22.31,190.8,0,0,0,0,0
579,297.38,306.75,1439.8,37.81,127.5,0,0,0,0,0
580,298.62,308.41,1610.7,39.46,88.3,0,0,0,0,0
581,303.18,313.18,1786.7,31.89,193.1,0,0,0,0,0
582,296.72,305.71,1393.2,31.91,84.5,0,0,0,0,0
583,303.51,313.53,1651.1,35.39,117.0,0,0,0,0,0
584,296.87,306.09,1408.1,50.86,168.5,0,0,0,0,0
585,302.14,311.34,1744.9,22.68,243.0,0,0,0,0,0
586,294.49,303.64,1819.1,39.48,237.4,0,0,0,0,0
587,303.50,313.25,1900.8,22.12,132.2,0,0,0,0,0
588,298.60,308.54,1429.3,48.51,180.9,0,0,0,0,0
589,300.38,311.90,1577.8,29.21,140.9,0,0,0,0,0
590,299.83,310.36,1398.9,33.98,122.9,0,0,0,0,0
591,299.30,309.16,1613.7,33.00,197.0,0,0,0,0,0
592,303.10,312.21,1719.7,30.46,244.0,1,1,0,0,0
593,302.14,311.14,1554.2,44.32,36.1,0,0,0,0,0
594,299.88,310.69,1857.1,25.00,46.6,0,0,0,0,0
595,300.94,311.42,1194.2,57.88,210.3,1,0,0,0,1
596,301.90,312.50,1692.5,26.17,235.7,0,0,0,0,0
597,299.39,310.11,1422.7,42.74,115.7,0,0,0,0,0
598,301.72,313.62,1432.6,46.27,95.4,0,0,0,0,0
599,302.13,313.39,1246.4,40.45,213.6,0,0,0,0,0
600,298.80,309.69,1466.9,47.13,177.2,0,0,0,0,0
601,297.68,306.71,1681.4,26.67,94.0,0,0,0,0,0
602,300.68,309.55,1535.9,41.14,37.3,0,0,0,0,0
603,298.21,309.23,1834.7,29.56,78.3,0,0,0,0,0
604,300.87,310.78,1657.8,39.94,166.8,0,0,0,0,0
605,299.44,311.79,1387.9,44.11,205.9,0,0,0,0,0
606,302.03,311.31,1384.0,40.71,145.1,0,0,0,0,0
607,301.83,312.36,1482.0,46.20,154.2,0,0,0,0,0
608,304.24,316.17,1587.7,39.97,200.1,0,0,0,0,0
609,302.53,312.08,1400.1,38.61,150.0,0,0,0,0,0
610,301.07,311.28,1832.1,33.63,230.7,0,0,0,0,0
611,298.77,308.11,1556.0,42.87,30.3,0,0,0,0,0
612,297.96,308.32,1251.1,42.04,38.9,0,0,0,0,0
613,301.07,310.86,1520.3,40.55,118.7,0,0,0,0,0
614,302.66,312.82,1534.2,37.84,52.4,0,0,0,0,0
615,301.79,310.79,1533.6,44.05,199.9,0,0,0,0,0
616,299.74,310.59,1825.3,15.07,166.7,1,0,0,1,0
617,298.88,308.89,1536.0,44.93,103.7,0,0,0,0,0
618,302.34,311.98,1551.5,34.79,3.9,0,0,0,0,0
619,300.52,309.86,1310.5,48.56,33.2,0,0,0,0,0
620,296.42,307.30,1210.8,42.30,82.8,0,0,0,0,0
621,303.10,313.38,1642.1,42.29,87.2,0,0,0,0,0
622,295.55,305.63,1690.5,39.87,244.1,1,1,0,0,0
623,298.44,309.34,1854.3,40.06,84.3,0,0,0,0,0
624,299.19,309.46,1441.5,35.65,11.4,0,0,0,0,0
625,301.22,310.18,1694.2,38.36,240.1,0,0,0,0,0
626,298.92,307.84,1453.3,36.09,184.5,0,0,0,0,0
627,298.61,308.68,1457.4,49.92,216.6,0,0,0,0,0
628,299.94,309.77,1550.5,30.14,160.0,0,0,0,0,0
629,302.30,311.64,1480.8,42.08,142.3,0,0,0,0,0
630,299.33,310.66,1560.4,45.66,238.2,1,1,0,0,0
631,304.24,315.17,1449.1,30.80,189.5,0,0,0,0,0
632,300.54,311.47,1150.0,52.95,219.4,1,0,0,0,1
633,299.00,309.78,1377.2,45.82,226.2,1,1,0,0,0
634,299.14,309.65,1150.0,50.52,129.5,0,0,0,0,0
635,298.67,309.22,1369.4,47.90,206.8,0,0,0,0,0
636,301.34,312.36,1508.7,45.61,104.9,0,0,0,0,0
637,299.42,308.16,1403.2,50.45,66.4,0,0,0,0,0
638,299.67,308.65,1500.9,47.32,209.2,0,0,0,0,0
639,298.73,307.57,1477.2,41.42,70.6,0,0,0,0,0
640,303.65,312.02,1361.0,37.66,142.3,1,0,1,0,0
641,296.18,305.61,1619.9,44.96,76.1,0,0,0,0,0
642,299.32,310.99,1711.7,34.59,147.5,0,0,0,0,0
643,300.78,308.44,1482.2,48.76,17.5,0,0,0,0,0
644,300.64,309.57,1550.3,42.57,151.8,0,0,0,0,0
645,300.08,310.58,1435.2,51.46,103.2,0,0,0,0,0
646,301.52,311.07,1521.0,37.19,6.0,0,0,0,0,0
647,300.51,310.49,1678.5,50.48,139.4,0,0,0,0,0
648,299.60,309.55,1531.5,38.90,154.1,0,0,0,0,0
649,297.92,308.20,1463.6,41.67,69.0,0,0,0,0,0
650,300.68,310.29,1595.2,49.34,44.2,0,0,0,0,0
651,297.81,307.04,1539.3,49.55,5.3,0,0,0,0,0
652,295.94,305.10,1169.2,62.70,87.6,0,0,0,0,0
653,301.94,310.07,1622.4,30.17,10.2,0,0,0,0,0
654,299.47,307.85,1598.0,40.60,186.9,0,0,0,0,0
655,299.02,311.75,1788.7,36.51,133.0,0,0,0,0,0
656,299.61,309.51,1490.8,39.71,217.0,0,0,0,0,0
657,299.72,312.17,1540.5,42.70,152.4,0,0,0,0,0
658,299.36,308.48,1583.6,33.41,207.1,0,0,0,0,0
659,299.63,309.61,1583.4,38.67,165.8,0,0,0,0,0
660,300.49,312.70,1393.4,41.00,187.6,0,0,0,0,0
661,299.74,309.94,1383.9,47.31,12.3,0,0,0,0,0
662,301.07,312.02,1650.8,30.87,100.5,0,0,0,0,0
663,305.01,314.16,1328.0,45.85,232.0,0,0,0,0,0
664,302.00,313.54,1554.4,40.55,121.5,0,0,0,0,0
665,300.97,310.69,1638.5,28.33,6.5,0,0,0,0,0
666,300.22,310.62,1474.4,39.06,83.5,0,0,0,0,0
667,300.77,310.84,1569.1,33.60,161.3,0,0,0,0,0
668,301.62,310.85,1385.5,55.56,57.5,0,0,0,0,0
669,300.92,311.53,1559.5,39.75,179.7,0,0,0,0,0
670,302.39,314.00,1735.7,30.01,85.6,0,0,0,0,0
671,302.20,312.23,1599.0,37.92,10.3,0,0,0,0,0
672,299.62,308.92,1603.5,35.82,230.9,0,0,0,0,0
673,299.07,308.05,1249.9,47.85,192.7,0,0,0,0,0
674,301.01,312.59,1416.2,34.20,70.4,0,0,0,0,0
675,303.38,315.22,1488.1,44.27,173.1,0,0,0,0,0
676,297.85,308.04,1343.4,29.45,54.1,0,0,0,0,0
677,300.92,310.05,1658.9,43.09,186.1,0,0,0,0,0
678,299.90,310.11,1606.9,43.44,242.9,1,1,0,0,0
679,299.71,307.63,1672.1,40.84,53.5,0,0,0,0,0
680,299.56,310.41,1532.3,46.14,161.4,0,0,0,0,0
681,303.14,314.23,1576.0,30.24,73.5,0,0,0,0,0
682,302.17,310.43,1358.3,43.79,167.6,1,0,1,0,0
683,300.32,309.32,1630.8,33.81,45.8,0,0,0,0,0
684,298.99,308.48,1407.5,52.87,223.6,1,0,0,0,1
685,301.87,311.98,1450.6,43.68,239.8,0,0,0,0,0
686,300.73,310.20,1374.4,46.12,37.9,0,0,0,0,0
687,299.15,309.78,1511.7,40.60,55.2,0,0,0,0,0
688,299.19,307.95,1238.4,45.97,117.2,0,0,0,0,0
689,300.54,311.27,1422.0,42.66,97.4,0,0,0,0,0
690,296.69,305.91,1491.8,41.56,173.3,0,0,0,0,0
691,299.71,308.34,1577.4,34.96,93.2,0,0,0,0,0
692,299.45,308.76,1323.4,51.18,126.0,0,0,0,0,0
693,298.88,309.48,1236.0,39.01,119.1,0,0,0,0,0
694,301.41,310.50,1212.9,46.79,68.6,0,0,0,0,0
695,298.48,310.47,1657.6,30.73,160.6,0,0,0,0,0
696,300.48,310.24,1396.7,30.46,42.7,0,0,0,0,0
697,299.23,308.63,1514.9,37.76,222.6,1,1,0,0,0
698,299.22,309.29,1537.6,43.83,78.6,0,0,0,0,0
699,299.02,308.26,1459.6,52.13,212.7,1,0,0,0,1
700,305.73,316.25,1482.7,42.69,239.3,0,0,0,0,0
701,300.21,310.90,1501.7,34.87,68.2,0,0,0,0,0
702,298.34,308.51,1415.7,43.42,166.1,0,0,0,0,0
703,296.79,305.95,1398.4,40.14,6.1,0,0,0,0,0
704,297.04,305.97,1475.6,50.01,211.1,0,0,0,0,0
705,298.02,306.40,1417.9,39.89,87.8,0,0,0,0,0
706,299.03,307.68,1505.4,28.67,238.6,0,0,0,0,0
707,299.60,310.32,1836.0,29.76,195.6,0,0,0,0,0
708,302.11,312.05,1570.4,27.77,134.9,0,0,0,0,0
709,299.04,308.02,1618.4,32.55,149.4,0,0,0,0,0
710,300.75,311.03,1704.9,30.03,29.5,0,0,0,0,0
711,299.94,312.11,1492.8,42.39,56.4,0,0,0,0,0
712,301.21,312.18,1595.1,41.31,44.3,0,0,0,0,0
713,301.01,311.06,1412.0,48.68,130.3,0,0,0,0,0
714,300.06,308.85,1324.2,50.10,158.9,0,0,0,0,0
715,299.80,309.61,1505.7,38.92,201.7,0,0,0,0,0
716,303.94,316.51,1595.5,37.78,106.7,0,0,0,0,0
717,300.22,312.40,1543.0,48.89,92.6,0,0,0,0,0
718,297.71,309.07,1511.4,55.73,136.0,0,0,0,0,0
719,298.83,309.18,1415.4,41.67,235.4,0,0,0,0,0
720,296.65,306.25,1268.3,53.82,144.4,0,0,0,0,0
721,298.70,309.17,1721.0,35.99,80.3,0,0,0,0,0
722,297.06,305.93,1541.5,47.25,18.4,0,0,0,0,0
723,302.05,312.89,1459.5,46.28,151.4,0,0,0,0,0
724,304.49,313.81,1897.3,30.56,220.9,0,0,0,0,0
725,300.55,311.42,1583.9,33.90,146.8,0,0,0,0,0
726,298.47,307.28,1570.5,42.78,194.7,0,0,0,0,0
727,298.51,307.65,1370.9,41.17,70.3,0,0,0,0,0
728,297.44,307.47,1500.1,46.60,144.9,0,0,0,0,0
729,297.21,308.05,1180.4,59.05,19.7,0,0,0,0,0
730,299.49,309.16,1749.7,30.31,184.4,0,0,0,0,0
731,302.04,309.68,1435.8,38.72,164.7,0,0,0,0,0
732,299.20,307.07,1581.8,54.78,67.6,1,0,0,1,0
733,296.45,303.09,1545.3,42.48,128.7,0,0,0,0,0
734,304.23,315.18,1565.3,34.07,26.3,0,0,0,0,0
735,296.20,308.01,1830.8,23.82,147.0,0,0,0,0,0
736,301.22,312.28,1294.7,40.14,52.9,0,0,0,0,0
737,303.83,314.56,1589.3,41.27,48.0,0,0,0,0,0
738,302.40,313.74,1749.6,36.70,101.7,0,0,0,0,0
739,301.58,312.98,1526.2,36.41,213.1,0,0,0,0,0
740,296.04,306.45,1486.9,37.35,60.7,0,0,0,0,0
741,301.64,312.82,1881.7,29.84,130.4,0,0,0,0,0
742,298.57,309.22,1697.8,32.54,235.7,0,0,0,0,0
743,299.96,311.03,1540.4,44.71,83.7,0,0,0,0,0
744,297.10,305.42,1339.6,43.88,102.6,1,0,1,0,0
745,297.50,307.60,1550.7,45.13,137.3,0,0,0,0,0
746,297.97,308.56,1610.0,31.17,118.1,0,0,0,0,0
747,303.84,311.74,1666.2,42.50,96.6,0,0,0,0,0
748,298.19,306.87,1641.7,38.17,60.7,0,0,0,0,0
749,297.23,307.09,1504.8,50.57,91.9,0,0,0,0,0
750,295.18,305.13,1250.8,45.00,203.4,0,0,0,0,0
751,303.64,312.47,1712.6,37.03,203.8,0,0,0,0,0
752,301.35,310.88,1768.7,35.75,43.6,0,0,0,0,0
753,298.92,309.18,1352.5,54.97,84.5,0,0,0,0,0
754,295.10,305.62,1323.9,50.49,79.4,0,0,0,0,0
755,297.84,309.17,1412.7,42.49,238.3,0,0,0,0,0
756,298.41,306.97,1596.1,38.74,77.1,0,0,0,0,0
757,304.09,315.32,1307.2,38.05,147.9,0,0,0,0,0
758,298.22,307.65,1589.8,29.68,226.3,0,0,0,0,0
759,301.32,309.21,1598.6,27.32,128.3,0,0,0,0,0
760,296.55,307.34,1428.6,38.64,98.4,0,0,0,0,0
761,299.29,309.49,1851.3,21.31,230.1,0,0,0,0,0
762,302.05,312.84,1632.2,30.67,10.0,0,0,0,0,0
763,298.75,307.53,1716.3,34.15,143.7,0,0,0,0,0
764,297.15,306.32,1364.9,36.24,173.0,0,0,0,0,0
765,301.52,311.01,1871.1,35.14,178.4,0,0,0,0,0
766,301.18,311.98,1865.7,25.62,28.6,0,0,0,0,0
767,300.60,309.01,1695.6,40.13,163.0,0,0,0,0,0
768,302.26,312.84,1527.2,43.61,130.4,0,0,0,0,0
769,299.06,308.71,1754.1,32.70,15.5,0,0,0,0,0
770,300.76,310.94,1339.6,41.90,77.9,0,0,0,0,0
771,297.75,308.30,1668.2,39.12,67.4,0,0,0,0,0
772,299.47,308.52,1484.0,43.02,60.5,0,0,0,0,0
773,300.14,310.88,1548.0,44.14,144.6,0,0,0,0,0
774,295.65,307.12,1378.9,48.30,219.2,0,0,0,0,0
775,298.79,309.13,1555.6,42.08,87.8,0,0,0,0,0
776,301.41,312.29,1523.2,43.38,171.8,0,0,0,0,0
777,296.81,306.28,1675.1,39.40,239.3,0,0,0,0,0
778,298.57,306.75,1616.1,39.89,142.3,0,0,0,0,0
779,300.22,311.07,1991.6,27.56,128.2,0,0,0,0,0
780,306.07,315.09,1711.4,34.22,226.9,1,1,0,0,0
781,301.96,311.66,1755.6,35.49,61.2,0,0,0,0,0
782,298.91,310.20,1462.9,40.90,185.1,0,0,0,0,0
783,296.86,306.94,1672.5,31.83,230.1,0,0,0,0,0
784,299.28,310.44,1765.5,24.28,101.8,0,0,0,0,0
785,300.06,311.87,1429.1,40.62,113.1,0,0,0,0,0
786,302.20,312.81,1350.6,41.55,46.2,0,0,0,0,0
787,298.94,309.05,1685.4,33.77,111.8,0,0,0,0,0
788,301.68,313.85,1457.9,44.16,81.2,0,0,0,0,0
789,302.22,310.51,1677.7,35.77,42.7,0,0,0,0,0
790,299.52,309.90,1607.9,30.25,18.2,0,0,0,0,0
791,301.57,311.05,1420.6,41.14,25.6,0,0,0,0,0
792,299.27,311.02,1777.5,27.30,32.8,0,0,0,0,0
793,300.06,309.72,1607.5,36.82,233.3,1,1,0,0,0
794,296.96,307.25,1841.3,29.15,19.0,0,0,0,0,0
795,300.09,311.69,1535.2,45.47,84.2,0,0,0,0,0
796,301.72,311.85,1453.7,45.21,236.9,0,0,0,0,0
797,301.16,311.12,1700.7,23.93,140.5,0,0,0,0,0
798,299.52,308.90,1440.5,44.57,30.6,0,0,0,0,0
799,302.02,310.88,1859.4,30.89,95.5,0,0,0,0,0
800,298.82,307.20,1609.8,37.82,115.8,0,0,0,0,0
801,299.54,309.97,1582.6,43.97,123.0,0,0,0,0,0
802,297.27,305.42,1765.3,38.15,165.8,0,0,0,0,0
803,301.36,310.04,1372.5,49.94,178.6,0,0,0,0,0
804,299.14,309.11,1363.6,43.19,87.6,0,0,0,0,0
805,300.47,310.25,1544.6,36.74,79.5,0,0,0,0,0
806,300.39,311.02,1648.1,32.64,152.4,0,0,0,0,0
807,299.99,309.20,1590.0,40.52,182.3,0,0,0,0,0
808,300.62,312.86,1473.4,52.32,225.0,1,1,0,0,1
809,301.50,311.48,1501.6,44.98,181.3,0,0,0,0,0
810,299.83,310.00,1699.2,42.54,237.0,0,0,0,0,0
811,301.11,312.26,1423.9,41.56,10.0,0,0,0,0,0
812,300.35,310.08,1299.8,47.17,227.9,0,0,0,0,0
813,301.17,311.23,1745.2,34.84,103.7,0,0,0,0,0
814,299.51,309.78,1361.0,52.28,227.5,1,0,0,0,1
815,302.08,311.34,1716.8,34.63,196.2,0,0,0,0,0
816,301.26,310.68,1418.7,46.18,137.2,0,0,0,0,0
817,298.31,308.32,1487.7,48.63,72.1,0,0,0,0,0
818,299.68,309.41,1420.8,36.98,173.0,0,0,0,0,0
819,298.50,308.18,1295.7,57.60,115.3,0,0,0,0,0
820,296.42,304.53,1650.8,32.17,102.6,0,0,0,0,0
821,299.58,309.63,1573.5,27.67,17.1,0,0,0,0,0
822,302.66,310.48,1443.2,42.49,63.0,0,0,0,0,0
823,301.37,311.61,1560.3,46.56,95.8,0,0,0,0,0
824,299.98,309.98,1636.5,43.01,97.3,0,0,0,0,0
825,300.86,310.72,1360.9,35.11,225.6,1,1,0,0,0
826,301.32,311.41,1265.4,53.49,148.2,0,0,0,0,0
827,302.45,312.91,1442.7,50.94,200.6,0,0,0,0,0
828,301.68,310.83,1600.7,36.05,64.0,0,0,0,0,0
829,304.27,313.67,1506.9,37.52,235.0,1,1,0,0,0
830,302.32,313.72,1487.2,39.62,152.4,0,0,0,0,0
831,296.52,305.52,1506.4,39.57,237.0,1,1,0,0,0
832,300.27,309.73,1597.3,34.44,241.1,0,0,0,0,0
833,302.08,312.22,1301.2,51.45,107.5,0,0,0,0,0
834,299.60,309.47,1150.0,54.46,75.4,0,0,0,0,0
835,296.88,307.03,1823.6,21.82,97.7,0,0,0,0,0
836,300.10,310.28,1481.8,43.52,183.7,0,0,0,0,0
837,298.78,308.24,1351.8,58.15,243.7,1,0,0,0,1
838,295.54,305.73,1692.7,29.12,159.6,0,0,0,0,0
839,299.75,311.84,1331.4,38.11,210.5,0,0,0,0,0
840,302.17,312.55,1699.6,26.35,148.3,0,0,0,0,0
841,301.43,311.56,1344.4,50.06,113.4,0,0,0,0,0
842,301.42,311.39,1617.5,31.74,219.9,1,1,0,0,0
843,300.34,309.60,1394.9,54.35,49.1,0,0,0,0,0
844,297.88,309.00,1618.2,32.79,19.8,0,0,0,0,0
845,302.47,312.68,1701.0,32.63,227.6,1,1,0,0,0
846,299.55,308.13,1596.3,34.15,86.6,0,0,0,0,0
847,298.79,308.89,1329.1,39.88,210.9,0,0,0,0,0
848,300.37,310.89,1552.3,24.48,152.7,0,0,0,0,0
849,303.48,312.97,1506.4,33.12,221.4,0,0,0,0,0
850,301.03,311.06,1270.6,42.41,156.4,0,0,0,0,0
851,300.71,309.46,1646.3,29.25,143.3,0,0,0,0,0
852,298.19,308.14,1462.1,43.20,95.3,0,0,0,0,0
853,303.92,314.23,1432.0,42.03,65.1,0,0,0,0,0
854,301.82,312.99,1544.5,48.95,195.2,0,0,0,0,0
855,303.29,313.49,1743.6,45.05,5.6,0,0,0,0,0
856,303.70,312.95,1604.0,36.95,57.3,0,0,0,0,0
857,297.63,306.86,1474.5,41.34,11.4,0,0,0,0,0
858,301.80,313.62,1301.9,57.10,122.7,0,0,0,0,0
859,301.60,311.64,1428.7,43.15,5.0,0,0,0,0,0
860,296.38,306.14,1150.0,51.64,168.7,0,0,0,0,0
861,300.73,312.25,1507.7,34.49,23.4,0,0,0,0,0
862,299.09,310.59,1778.5,36.33,186.7,0,0,0,0,0
863,296.02,307.18,1822.6,39.32,62.8,0,0,0,0,0
864,301.60,311.61,1617.1,38.15,38.6,0,0,0,0,0
865,299.61,309.16,1225.3,41.49,11.1,0,0,0,0,0
866,299.88,310.07,1690.7,34.58,221.8,1,1,0,0,0
867,301.52,309.45,1430.3,60.43,240.4,1,0,0,1,1
868,300.16,309.73,1247.9,56.12,34.7,0,0,0,0,0
869,300.90,312.59,1632.5,44.25,50.7,0,0,0,0,0
870,297.50,307.19,1729.3,34.08,128.3,0,0,0,0,0
871,301.59,312.13,1443.3,42.75,86.9,0,0,0,0,0
872,299.28,310.03,1491.8,48.62,7.5,0,0,0,0,0
873,297.95,305.71,1630.1,33.48,20.9,0,0,0,0,0
874,299.28,310.85,1588.7,27.36,163.8,0,0,0,0,0
875,301.51,309.94,1310.7,46.63,91.4,1,0,1,0,0
876,297.08,305.86,1374.0,48.73,80.5,0,0,0,0,0
877,301.37,310.50,1393.7,31.90,98.5,0,0,0,0,0
878,299.24,310.27,1343.1,58.34,208.4,1,0,0,0,1
879,303.75,315.01,1407.6,38.24,93.3,0,0,0,0,0
880,301.46,309.49,1740.7,36.96,81.3,0,0,0,0,0
881,300.66,312.00,1491.8,41.83,237.0,0,0,0,0,0
882,301.64,312.19,1437.5,32.35,141.4,0,0,0,0,0
883,298.96,308.78,1970.0,24.67,141.5,0,0,0,0,0
884,300.96,311.64,1319.6,54.39,138.1,0,0,0,0,0
885,299.61,308.54,1412.1,40.11,191.0,0,0,0,0,0
886,298.89,309.91,1478.2,44.73,178.2,0,0,0,0,0
887,300.52,312.43,1554.8,41.28,160.5,0,0,0,0,0
888,299.75,308.00,1568.1,32.09,140.7,0,0,0,0,0
889,302.71,312.66,1538.3,36.29,6.0,0,0,0,0,0
890,300.63,309.99,1615.4,38.39,33.0,0,0,0,0,0
891,300.69,310.27,1472.9,39.48,68.4,0,0,0,0,0
892,299.66,309.89,1568.5,33.38,219.5,0,0,0,0,0
893,302.59,313.34,1150.0,55.25,211.8,1,0,0,0,1
894,296.27,307.31,1493.9,42.94,99.4,0,0,0,0,0
895,296.28,307.72,1343.7,54.16,208.6,1,0,0,0,1
896,297.63,306.71,1560.1,45.49,93.9,0,0,0,0,0
897,300.04,310.37,1606.2,52.12,236.9,1,0,0,0,1
898,296.03,306.65,1472.7,35.00,90.2,0,0,0,0,0
899,297.87,307.27,1423.0,49.56,106.5,0,0,0,0,0
900,301.37,312.56,1643.8,31.42,220.4,1,1,0,0,0
901,301.07,312.05,1581.6,37.78,115.6,0,0,0,0,0
902,297.06,306.85,1316.2,39.89,204.4,0,0,0,0,0
903,301.40,309.75,1672.1,35.15,3.7,0,0,0,0,0
904,303.10,315.51,1931.4,31.54,167.5,0,0,0,0,0
905,304.31,312.83,1579.2,37.01,17.4,0,0,0,0,0
906,300.35,312.10,1317.9,51.89,221.6,1,0,0,0,1
907,300.59,309.73,1589.3,42.97,102.7,0,0,0,0,0
908,299.80,310.08,1797.1,31.94,27.1,0,0,0,0,0
909,303.41,313.89,1382.2,47.22,35.9,0,0,0,0,0
910,301.06,310.24,1492.0,37.24,8.0,0,0,0,0,0
911,298.12,307.06,1653.1,27.87,78.5,0,0,0,0,0
912,301.69,312.06,1597.1,41.02,102.3,0,0,0,0,0
913,298.77,308.91,1766.2,32.15,53.8,0,0,0,0,0
914,301.19,310.64,1612.7,27.70,143.8,0,0,0,0,0
915,297.45,307.33,1441.4,40.36,129.4,0,0,0,0,0
916,299.77,308.57,1616.8,38.83,34.2,0,0,0,0,0
917,304.89,314.25,1655.7,32.26,187.5,0,0,0,0,0
918,297.61,306.36,1400.5,46.50,178.1,0,0,0,0,0
919,300.48,310.71,1633.7,31.82,238.0,1,1,0,0,0
920,302.34,311.18,1568.4,32.84,1.1,0,0,0,0,0
921,299.53,309.33,1799.2,38.05,86.2,0,0,0,0,0
922,302.17,313.62,1462.2,45.07,119.1,0,0,0,0,0
923,300.95,311.96,1841.3,19.88,104.5,0,0,0,0,0
924,298.77,309.02,1722.8,41.63,199.3,0,0,0,0,0
925,298.42,309.51,1509.2,39.82,244.6,1,1,0,0,0
926,300.41,308.97,1422.8,33.18,182.2,0,0,0,0,0
927,296.41,304.96,1419.7,39.76,231.8,1,1,0,0,0
928,297.44,306.14,1649.3,33.68,88.9,0,0,0,0,0
929,300.40,310.56,1484.7,35.54,66.2,0,0,0,0,0
930,297.56,306.92,1677.6,27.71,67.9,0,0,0,0,0
931,299.50,307.72,1831.6,31.22,0.8,0,0,0,0,0
932,297.56,308.48,1864.4,30.69,201.2,0,0,0,0,0
933,302.51,313.27,1724.6,36.20,212.2,0,0,0,0,0
934,301.81,311.74,1499.5,41.93,149.7,0,0,0,0,0
935,300.90,312.61,1338.1,42.11,121.0,0,0,0,0,0
936,300.38,310.94,1212.3,40.17,58.5,0,0,0,0,0
937,298.93,308.67,1783.4,38.64,2.0,0,0,0,0,0
938,297.68,306.13,1577.9,34.35,58.7,0,0,0,0,0
939,304.26,314.48,1379.1,45.05,141.9,0,0,0,0,0
940,301.24,311.34,1765.9,32.34,33.1,0,0,0,0,0
941,299.68,308.09,1284.9,51.19,90.8,1,0,1,0,0
942,300.89,311.52,1299.2,43.20,52.7,0,0,0,0,0
943,301.92,311.29,1859.0,19.42,177.0,0,0,0,0,0
944,302.63,312.29,1270.3,51.50,185.2,0,0,0,0,0
945,303.38,312.96,1577.5,40.58,211.7,0,0,0,0,0
946,301.49,311.06,1367.4,53.24,107.2,0,0,0,0,0
947,298.35,308.64,1762.2,35.42,32.5,0,0,0,0,0
948,300.16,310.28,1550.4,43.37,102.6,0,0,0,0,0
949,301.02,312.10,1497.3,45.33,49.5,0,0,0,0,0
950,299.84,308.99,1506.9,47.18,57.0,0,0,0,0,0
951,300.17,310.36,1721.0,30.14,131.6,0,0,0,0,0
952,293.81,303.84,1720.4,41.72,3.8,0,0,0,0,0
953,303.37,312.27,1532.4,42.95,40.0,0,0,0,0,0
954,299.68,309.54,1380.8,40.85,233.3,0,0,0,0,0
955,303.46,312.51,1296.4,49.72,107.9,0,0,0,0,0
956,301.90,311.28,1525.3,34.42,41.7,0,0,0,0,0
957,300.83,311.32,1550.6,47.77,140.2,0,0,0,0,0
958,304.10,314.24,1753.2,31.61,118.3,0,0,0,0,0
959,298.61,310.14,1700.5,36.47,129.0,0,0,0,0,0
960,305.56,315.10,1667.1,44.64,26.8,0,0,0,0,0
961,300.19,310.49,1595.3,37.14,25.0,0,0,0,0,0
962,296.27,306.09,1464.8,41.90,224.4,0,0,0,0,0
963,298.58,308.00,1529.7,36.46,172.4,0,0,0,0,0
964,300.24,309.26,1631.7,40.27,25.6,0,0,0,0,0
965,296.34,307.56,1432.1,50.35,227.3,1,1,0,0,1
966,299.72,308.24,1450.7,41.24,48.4,0,0,0,0,0
967,299.07,311.18,1621.4,44.19,136.6,0,0,0,0,0
968,298.56,308.62,1594.9,44.18,91.1,0,0,0,0,0
969,298.88,306.63,1737.5,33.23,226.9,0,0,0,0,0
970,298.41,308.58,1459.4,32.92,157.5,0,0,0,0,0
971,300.40,311.26,1394.7,29.78,207.5,0,0,0,0,0
972,300.57,310.43,1512.7,37.04,81.4,0,0,0,0,0
973,299.73,313.16,1467.3,45.27,190.1,0,0,0,0,0
974,300.13,310.22,1952.7,32.15,182.9,0,0,0,0,0
975,300.62,309.90,1438.8,39.51,192.2,0,0,0,0,0
976,301.14,309.53,1796.3,31.35,85.8,0,0,0,0,0
977,300.46,309.79,1588.4,37.04,204.3,0,0,0,0,0
978,303.75,314.46,1475.5,28.90,47.7,0,0,0,0,0
979,303.44,313.08,1558.0,43.02,152.3,0,0,0,0,0
980,297.90,306.84,1394.9,45.86,186.5,0,0,0,0,0
981,297.87,307.50,1752.5,37.74,124.3,0,0,0,0,0
982,297.93,307.61,1495.3,42.99,115.4,0,0,0,0,0
983,301.55,311.03,1530.4,33.29,165.2,0,0,0,0,0
984,298.80,311.33,1741.4,33.26,147.1,0,0,0,0,0
985,302.38,312.62,1578.2,44.11,61.4,0,0,0,0,0
986,298.14,310.31,1777.9,39.21,35.7,0,0,0,0,0
987,297.12,305.41,1720.8,28.12,136.0,0,0,0,0,0
988,296.53,306.37,1646.2,36.37,191.5,0,0,0,0,0
989,296.66,307.14,1892.6,27.56,220.5,0,0,0,0,0
990,299.16,309.32,1560.9,48.04,222.9,0,0,0,0,0
991,304.11,313.67,1607.5,41.87,122.9,0,0,0,0,0
992,301.45,310.52,1318.6,50.12,170.5,0,0,0,0,0
993,300.26,310.66,1431.8,43.01,144.6,0,0,0,0,0
994,298.57,308.90,1885.5,37.23,8.5,0,0,0,0,0
995,299.32,310.89,1742.0,31.09,166.1,0,0,0,0,0
996,298.43,309.33,1254.0,57.65,123.5,0,0,0,0,0
997,299.19,309.13,1658.7,28.79,165.5,0,0,0,0,0
998,300.40,310.87,1796.2,37.77,206.8,0,0,0,0,0
999,301.29,311.03,1972.6,21.55,148.6,0,0,0,0,0
1000,299.28,309.35,1643.6,31.33,86.9,0,0,0,0,0
1001,301.30,313.82,1602.7,37.99,151.2,0,0,0,0,0
1002,299.85,308.69,1658.2,40.29,134.4,0,0,0,0,0
1003,299.23,307.85,1721.3,34.57,155.7,0,0,0,0,0
1004,300.88,312.46,1489.6,34.17,130.9,0,0,0,0,0
1005,298.98,308.63,1664.8,43.92,52.0,0,0,0,0,0
1006,300.17,309.45,1571.1,39.03,55.4,0,0,0,0,0
1007,299.96,310.68,1494.5,37.26,224.8,0,0,0,0,0
1008,302.10,311.48,1577.5,41.85,213.5,0,0,0,0,0
1009,299.84,308.86,1370.0,43.11,162.0,0,0,0,0,0
1010,300.71,310.93,1749.8,38.50,52.3,0,0,0,0,0
1011,297.95,309.46,1305.4,41.98,198.8,0,0,0,0,0
1012,299.55,310.50,1532.9,31.62,190.4,0,0,0,0,0
1013,302.61,312.23,1637.5,39.77,121.9,0,0,0,0,0
1014,302.72,313.12,1744.4,32.31,208.9,0,0,0,0,0
1015,301.37,311.46,1441.4,44.27,28.9,0,0,0,0,0
1016,298.92,307.73,1564.3,36.41,61.8,0,0,0,0,0
1017,298.39,307.70,1413.4,47.78,141.4,0,0,0,0,0
1018,298.35,309.13,1625.6,25.03,236.9,0,0,0,0,0
1019,298.89,310.50,1631.8,42.45,177.4,0,0,0,0,0
1020,300.74,312.11,1464.2,41.63,2.6,0,0,0,0,0
1021,298.56,309.12,1553.5,36.49,189.4,0,0,0,0,0
1022,297.94,308.41,1372.7,45.76,47.6,0,0,0,0,0
1023,297.63,306.67,1455.7,30.99,129.9,0,0,0,0,0
1024,298.54,309.55,1693.1,34.54,172.6,0,0,0,0,0
1025,295.84,306.16,1466.6,29.22,137.5,0,0,0,0,0
1026,296.98,306.57,1582.6,33.84,182.7,0,0,0,0,0
1027,298.04,307.46,1395.9,44.90,11.7,0,0,0,0,0
1028,299.31,308.66,1717.8,32.79,31.3,0,0,0,0,0
1029,303.25,312.97,1666.2,37.98,130.3,0,0,0,0,0
1030,301.56,312.37,1531.6,42.23,27.4,0,0,0,0,0
1031,300.43,311.86,1630.3,47.30,133.8,0,0,0,0,0
1032,296.81,306.89,1581.0,45.11,14.3,0,0,0,0,0
1033,298.96,308.74,1245.4,42.40,93.1,0,0,0,0,0
1034,301.28,312.49,1601.6,28.29,227.6,0,0,0,0,0
1035,302.56,313.10,1825.7,32.66,240.9,0,0,0,0,0
1036,295.33,303.84,1247.4,41.93,4.6,1,0,1,0,0
1037,302.73,312.79,1462.9,37.77,201.7,0,0,0,0,0
1038,299.65,312.02,1679.2,36.50,173.4,0,0,0,0,0
1039,301.83,311.53,1590.9,43.14,71.5,0,0,0,0,0
1040,298.85,308.08,1450.6,42.15,102.7,0,0,0,0,0
1041,299.88,310.57,1610.7,34.85,120.4,0,0,0,0,0
1042,297.58,308.27,1346.8,44.28,230.1,0,0,0,0,0
1043,300.18,308.18,1511.6,47.08,56.5,0,0,0,0,0
1044,303.10,312.40,1608.4,41.51,121.6,0,0,0,0,0
1045,302.63,310.90,1350.4,47.12,75.7,1,0,1,0,0
1046,301.66,312.70,1517.9,44.60,53.4,0,0,0,0,0
1047,298.38,306.78,1362.8,50.06,201.2,1,0,1,0,0
1048,299.51,308.88,1544.6,40.99,86.6,0,0,0,0,0
1049,298.82,309.54,1438.1,42.80,103.0,0,0,0,0,0
1050,300.69,310.51,1413.1,46.84,146.4,0,0,0,0,0
1051,301.97,312.46,1524.1,49.94,91.9,0,0,0,0,0
1052,297.63,307.61,1698.8,38.75,219.5,0,0,0,0,0
1053,298.93,308.71,1565.6,42.38,200.5,0,0,0,0,0
1054,301.86,310.73,1722.1,47.29,230.4,1,1,0,0,0
1055,302.21,311.85,1680.4,19.72,203.2,1,0,0,1,0
1056,297.57,307.60,1441.4,44.69,155.6,0,0,0,0,0
1057,299.84,310.67,1502.4,42.11,47.7,0,0,0,0,0
1058,302.48,310.51,1454.3,38.98,227.0,0,0,0,0,0
1059,302.47,313.84,1723.8,19.93,65.6,0,0,0,0,0
1060,299.26,309.91,1741.3,33.81,131.1,0,0,0,0,0
1061,302.16,311.21,1597.7,33.45,82.2,0,0,0,0,0
1062,300.74,312.33,1434.0,36.80,135.8,0,0,0,0,0
1063,298.08,307.99,1284.6,55.89,165.8,0,0,0,0,0
1064,303.38,312.07,1265.6,48.81,78.2,0,0,0,0,0
1065,299.18,308.06,1851.0,17.95,99.8,1,0,0,1,0
1066,299.76,310.26,1366.4,47.86,60.3,0,0,0,0,0
1067,296.83,306.88,1648.3,31.66,182.3,0,0,0,0,0
1068,299.00,309.08,1461.9,34.25,62.4,0,0,0,0,0
1069,298.57,307.45,1531.7,36.57,188.2,0,0,0,0,0
1070,296.44,305.47,1778.4,37.36,231.5,0,0,0,0,0
1071,300.87,310.45,1640.3,29.22,72.9,0,0,0,0,0
1072,298.57,308.34,1419.6,44.15,205.4,0,0,0,0,0
1073,301.85,312.92,1534.9,40.15,165.2,0,0,0,0,0
1074,299.40,309.65,1553.7,39.86,84.7,0,0,0,0,0
1075,302.26,312.81,1868.7,34.69,15.7,0,0,0,0,0
1076,300.11,308.53,1150.0,46.20,127.3,1,0,1,0,0
1077,299.62,309.69,1377.7,48.39,101.3,0,0,0,0,0
1078,299.60,309.50,1553.3,44.03,90.8,0,0,0,0,0
1079,298.30,309.72,1385.0,37.87,64.4,0,0,0,0,0
1080,299.00,308.18,1563.7,39.38,44.0,0,0,0,0,0
1081,301.65,311.79,1416.2,45.24,20.5,0,0,0,0,0
1082,301.63,311.69,1412.1,44.02,69.7,0,0,0,0,0
1083,299.74,310.78,1404.0,55.28,144.3,0,0,0,0,0
1084,299.82,311.55,1784.0,27.25,106.6,0,0,0,0,0
1085,297.26,307.40,1625.3,32.69,225.3,0,0,0,0,0
1086,299.01,309.32,1483.6,34.89,190.0,0,0,0,0,0
1087,298.93,308.47,1785.7,32.23,66.9,0,0,0,0,0
1088,297.35,305.34,1469.7,40.79,226.0,0,0,0,0,0
1089,302.39,311.78,1150.0,50.34,240.2,1,0,0,0,1
1090,299.59,309.48,1668.0,44.58,98.6,0,0,0,0,0
1091,299.75,310.26,1742.1,30.31,39.9,0,0,0,0,0
1092,301.55,309.46,1400.4,42.29,32.8,0,0,0,0,0
1093,298.16,307.96,1535.4,29.81,13.0,0,0,0,0,0
1094,301.36,312.32,1681.6,39.18,139.2,0,0,0,0,0
1095,295.47,305.44,1524.1,45.32,156.4,0,0,0,0,0
1096,298.85,308.24,1703.5,41.21,78.0,0,0,0,0,0
1097,295.98,306.98,1397.1,42.39,187.4,0,0,0,0,0
1098,302.47,313.17,1398.0,36.97,30.0,0,0,0,0,0
1099,301.48,310.05,1590.6,41.27,135.6,0,0,0,0,0
1100,298.72,306.88,1150.0,50.58,185.3,1,0,1,0,0
1101,300.01,309.80,1651.1,37.77,60.1,0,0,0,0,0
1102,298.30,309.12,1465.8,38.11,131.1,0,0,0,0,0
1103,300.82,310.03,1459.0,44.68,211.7,0,0,0,0,0
1104,301.55,312.20,1536.5,41.22,156.7,0,0,0,0,0
1105,298.78,309.28,1487.9,41.57,38.3,0,0,0,0,0
1106,300.77,309.35,1541.8,38.02,80.7,0,0,0,0,0
1107,298.29,308.35,1496.7,47.78,53.1,0,0,0,0,0
1108,299.34,308.15,1168.1,55.80,15.8,0,0,0,0,0
1109,300.44,309.89,1257.9,48.80,55.8,0,0,0,0,0
1110,301.53,312.24,1526.6,54.49,202.8,1,0,0,0,1
1111,298.68,311.57,1719.1,37.27,120.5,0,0,0,0,0
1112,299.78,310.22,1832.4,32.21,30.2,0,0,0,0,0
1113,300.90,308.03,1602.2,37.32,88.6,0,0,0,0,0
1114,301.54,311.79,1652.1,33.06,97.2,0,0,0,0,0
1115,302.81,313.10,1421.8,38.21,52.9,0,0,0,0,0
1116,299.67,309.86,1527.3,45.89,206.2,0,0,0,0,0
1117,303.86,312.95,1415.3,40.40,108.9,0,0,0,0,0
1118,298.41,308.87,1303.3,44.15,67.7,0,0,0,0,0
1119,301.70,310.57,1150.0,60.14,54.4,0,0,0,0,0
1120,303.22,311.48,1399.8,36.66,44.6,0,0,0,0,0
1121,303.73,313.01,1531.0,38.62,212.1,0,0,0,0,0
1122,299.80,309.65,1396.3,45.99,158.0,0,0,0,0,0
1123,297.91,307.71,1644.1,28.82,161.3,0,0,0,0,0
1124,296.96,308.36,1151.0,58.06,213.3,1,0,0,0,1
1125,299.16,310.17,1812.8,38.86,184.6,0,0,0,0,0
1126,296.34,305.67,1865.2,18.88,163.1,0,0,0,0,0
1127,298.44,309.13,1734.6,40.38,50.6,0,0,0,0,0
1128,296.37,305.66,1432.7,48.07,161.3,0,0,0,0,0
1129,300.68,311.97,1674.8,34.34,136.1,0,0,0,0,0
1130,302.23,311.32,1494.6,39.74,99.8,0,0,0,0,0
1131,299.69,311.70,1924.5,35.47,129.8,0,0,0,0,0
1132,302.93,313.91,1508.5,46.13,215.0,0,0,0,0,0
1133,299.33,309.65,1150.0,54.89,197.1,0,0,0,0,0
1134,301.29,311.09,1498.3,34.43,86.2,0,0,0,0,0
1135,298.10,307.88,1300.3,54.00,201.0,0,0,0,0,0
1136,300.48,310.33,1665.6,36.28,88.4,0,0,0,0,0
1137,301.64,312.08,1964.9,15.52,236.2,1,1,0,1,0
1138,300.72,310.25,1533.2,38.93,132.1,0,0,0,0,0
1139,302.12,311.36,1671.9,30.46,73.8,0,0,0,0,0
1140,300.34,311.71,1260.0,45.62,209.9,0,0,0,0,0
1141,300.21,310.10,1679.6,39.77,85.2,0,0,0,0,0
1142,300.37,308.35,1620.1,36.25,115.2,0,0,0,0,0
1143,302.46,310.84,1410.8,49.59,35.7,0,0,0,0,0
1144,300.82,311.64,1437.6,46.66,7.3,0,0,0,0,0
1145,300.97,310.62,1631.3,31.70,20.5,0,0,0,0,0
1146,300.44,310.85,1315.0,53.27,119.2,0,0,0,0,0
1147,302.40,312.38,1329.7,42.99,12.1,0,0,0,0,0
1148,295.32,306.23,1554.5,43.74,207.8,0,0,0,0,0
1149,298.76,308.82,1596.0,36.54,134.5,0,0,0,0,0
1150,300.13,310.80,1515.3,45.98,232.5,1,1,0,0,0
1151,300.30,308.77,1700.6,40.68,129.3,0,0,0,0,0
1152,297.05,307.07,1501.2,35.87,79.3,0,0,0,0,0
1153,303.14,312.43,1459.5,43.08,95.1,0,0,0,0,0
1154,300.39,308.85,1444.0,57.63,63.4,0,0,0,0,0
1155,298.93,308.67,1427.3,40.22,147.2,0,0,0,0,0
1156,302.84,313.95,1630.4,36.79,29.4,0,0,0,0,0
1157,301.94,312.85,1158.3,52.57,195.4,0,0,0,0,0
1158,297.05,307.66,1410.1,42.34,212.3,0,0,0,0,0
1159,295.62,304.78,1514.5,36.40,176.0,0,0,0,0,0
1160,298.27,308.45,1272.0,47.64,189.3,0,0,0,0,0
1161,301.76,310.72,1362.5,48.58,162.7,0,0,0,0,0
1162,301.68,311.10,1420.1,45.29,194.5,0,0,0,0,0
1163,300.71,312.71,1188.3,42.49,238.5,1,1,0,0,0
1164,301.68,310.53,1686.2,31.32,112.1,0,0,0,0,0
1165,299.62,309.88,1378.1,51.48,175.9,0,0,0,0,0
1166,302.43,310.51,1922.4,31.48,10.9,0,0,0,0,0
1167,301.74,310.58,1583.4,37.13,6.5,0,0,0,0,0
1168,298.18,307.68,1237.6,52.50,47.5,0,0,0,0,0
1169,299.89,309.51,1556.0,34.12,38.7,0,0,0,0,0
1170,300.18,310.48,1541.8,29.82,187.8,0,0,0,0,0
1171,301.73,310.75,1301.2,44.71,130.5,0,0,0,0,0
1172,298.11,308.55,1369.7,41.62,64.4,0,0,0,0,0
1173,299.87,309.14,1988.7,21.12,30.1,0,0,0,0,0
1174,301.17,311.73,1238.7,55.87,93.2,0,0,0,0,0
1175,299.03,307.19,1736.7,33.12,9.0,0,0,0,0,0
1176,301.88,311.45,1581.6,39.95,184.7,0,0,0,0,0
1177,301.57,312.28,1724.2,27.87,49.5,0,0,0,0,0
1178,298.87,308.71,1693.7,29.25,148.6,0,0,0,0,0
1179,299.96,308.58,1467.8,44.59,166.7,0,0,0,0,0
1180,300.43,311.78,1844.0,33.55,208.1,0,0,0,0,0
1181,299.96,309.39,1770.1,24.14,165.8,0,0,0,0,0
1182,297.86,308.93,1249.4,55.16,152.6,0,0,0,0,0
1183,298.46,309.67,1357.2,57.81,224.1,1,1,0,0,1
1184,303.57,314.03,1613.8,44.50,101.8,0,0,0,0,0
1185,299.14,309.43,1651.3,40.42,2.5,0,0,0,0,0
1186,301.09,310.58,1501.1,37.30,14.6,0,0,0,0,0
1187,298.98,309.67,1629.3,30.55,84.9,0,0,0,0,0
1188,296.09,304.64,1547.1,38.11,38.0,0,0,0,0,0
1189,304.15,313.08,1794.6,29.92,213.7,0,0,0,0,0
1190,298.32,307.03,1716.4,43.91,3.9,0,0,0,0,0
1191,300.18,309.44,1434.2,45.10,239.7,0,0,0,0,0
1192,298.27,309.72,1232.2,58.37,222.2,1,0,0,0,1
1193,299.15,307.66,1593.6,40.21,136.5,0,0,0,0,0
1194,299.78,308.29,1487.5,34.51,240.8,1,1,0,0,0
1195,299.05,309.55,1159.1,55.91,148.6,0,0,0,0,0
1196,300.93,311.00,1539.4,40.47,141.7,0,0,0,0,0
1197,303.42,312.21,1684.3,39.51,85.0,0,0,0,0,0
1198,299.30,308.53,1674.9,28.93,189.5,0,0,0,0,0
1199,302.47,312.01,1602.5,29.43,133.9,0,0,0,0,0
1200,298.71,309.14,1588.1,36.37,40.0,0,0,0,0,0
1201,300.83,310.56,1565.6,42.30,223.6,0,0,0,0,0
1202,298.80,310.16,1379.4,39.77,5.0,0,0,0,0,0
1203,299.91,310.36,1670.0,39.67,53.0,0,0,0,0,0
1204,299.88,310.04,1150.0,50.01,150.0,0,0,0,0,0
1205,302.58,311.82,1678.2,37.58,220.6,0,0,0,0,0
1206,301.38,309.79,1383.7,40.92,198.9,0,0,0,0,0
1207,300.97,310.48,1589.8,41.21,67.0,0,0,0,0,0
1208,299.42,306.90,1496.8,40.88,95.8,0,0,0,0,0
1209,301.78,311.15,1504.5,51.62,208.2,0,0,0,0,0
1210,301.82,313.44,1757.0,34.39,215.8,1,1,0,0,0
1211,300.40,311.47,1619.7,38.22,207.7,0,0,0,0,0
1212,298.91,309.41,1489.4,44.73,103.8,0,0,0,0,0
1213,300.51,310.28,1531.0,32.96,33.3,0,0,0,0,0
1214,297.22,308.25,1393.2,52.06,155.9,0,0,0,0,0
1215,302.14,312.62,1616.7,36.51,45.4,0,0,0,0,0
1216,296.08,305.10,1382.6,36.55,108.3,0,0,0,0,0
1217,302.39,313.22,1768.2,22.14,174.5,0,0,0,0,0
1218,298.20,308.29,1696.6,31.11,140.6,0,0,0,0,0
1219,298.70,308.20,1822.6,26.95,152.0,0,0,0,0,0
1220,299.11,308.93,1316.5,54.99,190.5,0,0,0,0,0
1221,301.38,311.37,1535.8,53.13,199.1,0,0,0,0,0
1222,299.00,308.52,1614.9,46.61,219.6,0,0,0,0,0
1223,301.78,311.45,1602.3,36.55,65.8,0,0,0,0,0
1224,302.22,311.63,1583.6,27.10,105.6,0,0,0,0,0
1225,301.97,311.20,1673.4,58.98,15.8,1,0,0,1,0
1226,298.03,308.44,1500.8,38.34,209.6,0,0,0,0,0
1227,302.61,312.89,1584.7,36.25,23.5,0,0,0,0,0
1228,298.88,309.43,1514.5,44.78,91.3,0,0,0,0,0
1229,304.32,312.28,1216.8,50.24,221.2,1,1,1,0,1
1230,299.15,308.59,1725.4,30.27,158.0,0,0,0,0,0
1231,295.53,307.66,1707.0,17.63,70.4,1,0,0,1,0
1232,302.08,311.24,1794.1,21.20,21.4,0,0,0,0,0
1233,299.55,309.60,1608.9,37.40,58.9,0,0,0,0,0
1234,297.80,307.55,1362.7,59.94,118.9,0,0,0,0,0
1235,297.96,308.44,1454.4,41.01,96.3,0,0,0,0,0
1236,303.37,313.59,1635.4,45.19,71.2,0,0,0,0,0
1237,299.62,308.00,1379.0,53.17,5.4,1,0,1,0,0
1238,299.27,309.90,1577.7,31.68,39.6,0,0,0,0,0
1239,300.38,311.80,1674.0,36.40,67.5,0,0,0,0,0
1240,300.97,310.28,1778.1,25.44,94.3,0,0,0,0,0
1241,297.63,307.97,1635.1,28.71,106.2,0,0,0,0,0
1242,300.51,311.73,1430.4,46.41,68.6,0,0,0,0,0
1243,298.50,309.92,1296.3,55.63,37.2,0,0,0,0,0
1244,299.96,311.03,1363.8,38.98,168.2,0,0,0,0,0
1245,300.19,309.74,1431.8,38.24,141.1,0,0,0,0,0
1246,306.54,317.73,1789.6,26.74,89.5,0,0,0,0,0
1247,302.55,312.11,1258.7,53.89,0.9,0,0,0,0,0
1248,305.82,315.50,1612.2,29.28,141.9,0,0,0,0,0
1249,299.44,309.35,1514.5,38.39,75.1,0,0,0,0,0
1250,302.00,312.85,1557.5,39.28,176.8,0,0,0,0,0
1251,300.50,310.37,1721.1,26.95,162.6,0,0,0,0,0
1252,303.08,312.46,1702.7,34.95,62.0,0,0,0,0,0
1253,295.91,305.54,1790.2,42.59,33.3,0,0,0,0,0
1254,297.28,306.43,1533.6,36.03,11.0,0,0,0,0,0
1255,296.55,305.36,1434.7,45.96,71.0,0,0,0,0,0
1256,301.77,312.07,1447.5,48.10,239.5,1,0,0,0,1
1257,298.33,308.51,1575.8,33.63,2.8,0,0,0,0,0
1258,300.67,309.34,1627.7,39.92,38.3,0,0,0,0,0
1259,300.68,310.60,1297.7,40.64,1.0,0,0,0,0,0
1260,299.46,308.70,1591.4,37.57,210.8,0,0,0,0,0
1261,301.87,310.56,1607.7,32.74,238.2,0,0,0,0,0
1262,299.58,309.19,1787.4,39.89,220.5,0,0,0,0,0
1263,302.04,312.73,1400.8,47.38,221.3,0,0,0,0,0
1264,298.70,308.86,1784.3,40.41,25.0,0,0,0,0,0
1265,300.96,313.92,1844.7,29.89,17.8,0,0,0,0,0
1266,301.33,310.95,1494.9,35.31,209.0,0,0,0,0,0
1267,296.87,307.45,1308.0,42.35,140.8,0,0,0,0,0
1268,300.30,310.71,1524.2,39.52,188.7,0,0,0,0,0
1269,299.35,306.97,1417.8,50.31,92.7,0,0,0,0,0
1270,298.44,310.40,1500.4,38.59,210.8,0,0,0,0,0
1271,304.95,316.07,1831.6,26.76,9.8,0,0,0,0,0
1272,301.79,310.53,1270.5,63.74,191.9,1,0,0,0,1
1273,302.25,310.96,1627.1,42.00,172.1,0,0,0,0,0
1274,303.74,313.26,1171.4,53.83,120.1,0,0,0,0,0
1275,301.41,310.73,1711.6,36.60,195.3,0,0,0,0,0
1276,298.90,309.03,1407.4,46.74,167.4,0,0,0,0,0
1277,302.95,313.93,1488.2,59.79,150.5,1,0,0,1,0
1278,298.05,308.36,1669.3,36.49,208.0,0,0,0,0,0
1279,297.57,307.08,1700.3,44.22,120.3,0,0,0,0,0
1280,300.72,310.21,1545.9,36.57,0.3,0,0,0,0,0
1281,301.39,311.08,1405.5,57.95,147.3,0,0,0,0,0
1282,298.62,309.10,1639.8,38.76,65.2,0,0,0,0,0
1283,299.13,308.43,1401.6,54.42,132.6,0,0,0,0,0
1284,298.55,307.70,1382.7,53.95,78.8,0,0,0,0,0
1285,300.94,310.50,1575.5,35.50,111.6,0,0,0,0,0
1286,299.96,310.92,1560.9,42.75,124.0,0,0,0,0,0
1287,299.16,308.36,1756.7,32.46,68.8,0,0,0,0,0
1288,299.82,307.29,1920.2,19.92,144.4,0,0,0,0,0
1289,302.14,310.28,1599.0,42.47,29.9,0,0,0,0,0
1290,299.81,310.06,1964.0,20.46,200.5,0,0,0,0,0
1291,299.72,309.28,1703.3,45.58,11.7,0,0,0,0,0
1292,299.33,310.50,1465.1,44.83,85.7,0,0,0,0,0
1293,303.10,311.07,1446.7,39.89,233.0,1,1,0,0,0
1294,301.11,311.57,1322.3,36.68,217.0,0,0,0,0,0
1295,302.43,312.11,1272.5,34.65,144.1,0,0,0,0,0
1296,300.64,311.29,1916.3,27.46,150.2,0,0,0,0,0
1297,296.89,306.61,1337.0,35.10,153.4,0,0,0,0,0
1298,299.19,310.77,1644.6,28.63,194.9,0,0,0,0,0
1299,300.35,310.27,1548.7,50.95,28.5,0,0,0,0,0
1300,302.47,314.21,1643.8,42.72,79.8,0,0,0,0,0
1301,295.23,306.30,1338.3,43.17,121.4,0,0,0,0,0
1302,301.37,310.56,1752.5,33.35,118.5,0,0,0,0,0
1303,302.31,312.34,1476.7,37.31,199.3,0,0,0,0,0
1304,297.97,307.00,1734.6,34.78,81.8,0,0,0,0,0
1305,297.01,308.42,1545.4,41.27,81.0,0,0,0,0,0
1306,306.27,315.70,1810.0,23.31,155.9,0,0,0,0,0
1307,299.95,309.76,1967.5,22.19,144.1,0,0,0,0,0
1308,298.58,310.02,1445.0,46.95,79.8,0,0,0,0,0
1309,300.27,308.95,1580.2,34.92,104.5,0,0,0,0,0
1310,301.98,309.86,1771.1,22.94,69.9,0,0,0,0,0
1311,298.53,306.64,1387.7,53.58,140.4,0,0,0,0,0
1312,302.75,314.44,1725.2,44.67,101.3,0,0,0,0,0
1313,296.69,307.90,1409.9,45.53,84.4,0,0,0,0,0
1314,299.76,309.48,1383.9,43.09,124.4,0,0,0,0,0
1315,300.07,308.21,1358.3,48.65,180.9,1,0,1,0,0
1316,302.96,314.01,1668.0,30.23,112.1,0,0,0,0,0
1317,299.73,308.67,1757.4,27.81,204.8,0,0,0,0,0
1318,299.77,310.28,1636.7,41.36,13.0,0,0,0,0,0
1319,299.35,307.92,1720.1,25.03,111.4,0,0,0,0,0
1320,295.14,306.85,1550.4,41.31,76.5,0,0,0,0,0
1321,298.98,309.15,1720.1,32.74,164.9,0,0,0,0,0
1322,304.49,316.12,1523.4,47.04,233.8,0,0,0,0,0
1323,299.69,309.51,1417.2,45.30,120.7,0,0,0,0,0
1324,301.53,310.52,1664.6,19.23,79.1,1,0,0,1,0
1325,299.36,310.04,1471.3,50.84,90.6,0,0,0,0,0
1326,300.49,311.00,1722.1,37.69,50.5,0,0,0,0,0
1327,299.46,310.75,1492.9,43.53,131.9,0,0,0,0,0
1328,298.36,307.58,1580.1,28.52,97.8,0,0,0,0,0
1329,300.86,311.21,1374.4,37.69,29.4,0,0,0,0,0
1330,298.45,307.32,1405.3,50.37,60.5,0,0,0,0,0
1331,301.98,309.06,1216.2,51.50,15.3,1,0,1,0,0
1332,301.36,308.89,1591.9,42.59,102.3,0,0,0,0,0
1333,298.42,310.00,1518.2,45.89,27.9,0,0,0,0,0
1334,298.49,306.00,1793.9,27.12,32.2,0,0,0,0,0
1335,302.46,312.63,1488.8,45.41,20.3,0,0,0,0,0
1336,302.16,312.00,1377.6,47.09,23.7,0,0,0,0,0
1337,299.25,308.96,1150.0,59.40,225.8,1,0,0,0,1
1338,299.65,309.88,1267.2,46.40,74.8,0,0,0,0,0
1339,299.39,309.49,1423.0,36.45,172.7,0,0,0,0,0
1340,302.76,311.97,1424.3,44.58,69.1,0,0,0,0,0
1341,301.63,311.82,1495.9,45.53,173.7,0,0,0,0,0
1342,300.97,311.55,1405.3,41.99,38.8,0,0,0,0,0
1343,298.18,307.55,1496.6,37.38,82.1,0,0,0,0,0
1344,297.89,307.16,1546.0,45.47,57.4,0,0,0,0,0
1345,301.88,311.63,1444.7,54.82,84.6,0,0,0,0,0
1346,303.34,312.70,1718.4,33.13,176.2,0,0,0,0,0
1347,294.55,303.25,1704.1,35.82,232.4,0,0,0,0,0
1348,296.79,304.97,1292.8,47.55,17.3,1,0,1,0,0
1349,301.27,310.98,1565.4,36.47,30.7,0,0,0,0,0
1350,299.51,308.89,1927.7,15.76,16.0,1,0,0,1,0
1351,298.11,309.52,1293.0,45.06,98.6,0,0,0,0,0
1352,301.36,310.73,1746.8,30.67,66.3,0,0,0,0,0
1353,297.34,306.27,1748.1,31.60,132.3,0,0,0,0,0
1354,301.81,311.62,1492.6,48.24,98.0,0,0,0,0,0
1355,299.12,310.46,1437.7,32.02,15.3,0,0,0,0,0
1356,303.31,311.98,1551.8,32.49,19.6,0,0,0,0,0
1357,299.59,310.64,1337.8,50.02,1.4,0,0,0,0,0
1358,301.95,312.71,1477.6,45.41,19.5,0,0,0,0,0
1359,299.09,310.02,1576.2,45.14,56.9,0,0,0,0,0
1360,298.04,307.50,1516.5,43.20,62.0,0,0,0,0,0
1361,298.80,308.28,1451.7,36.21,179.8,0,0,0,0,0
1362,300.12,308.92,1420.4,38.30,211.8,0,0,0,0,0
1363,296.93,307.52,1677.1,30.36,74.1,0,0,0,0,0
1364,302.21,311.39,1467.3,44.04,216.4,0,0,0,0,0
1365,299.94,309.65,1390.3,44.43,222.2,0,0,0,0,0
1366,295.33,304.45,1346.4,49.24,93.1,0,0,0,0,0
1367,297.03,307.12,1607.5,35.27,188.7,0,0,0,0,0
1368,297.72,307.99,1685.5,40.51,185.5,0,0,0,0,0
1369,297.77,308.49,1305.6,46.92,146.1,0,0,0,0,0
1370,300.38,311.01,1613.2,29.00,35.2,0,0,0,0,0
1371,299.60,310.53,1532.3,30.96,136.5,0,0,0,0,0
1372,300.79,310.12,1786.2,37.89,108.8,0,0,0,0,0
1373,298.56,309.54,1603.2,45.05,97.1,0,0,0,0,0
1374,301.93,311.35,1548.1,27.17,100.7,0,0,0,0,0
1375,298.60,309.27,1563.4,32.24,128.0,0,0,0,0,0
1376,298.36,309.70,1447.2,49.11,142.0,0,0,0,0,0
1377,300.93,312.08,1514.0,48.19,117.8,0,0,0,0,0
1378,297.97,307.58,1559.2,31.68,33.9,0,0,0,0,0
1379,301.84,310.74,1570.6,36.17,63.6,0,0,0,0,0
1380,303.03,313.02,1438.3,35.28,238.7,0,0,0,0,0
1381,301.92,313.57,1747.1,31.94,10.6,0,0,0,0,0
1382,298.30,307.69,1421.8,44.57,120.3,0,0,0,0,0
1383,298.97,308.77,1224.2,38.72,21.9,0,0,0,0,0
1384,301.16,311.66,1371.9,42.00,23.8,0,0,0,0,0
1385,299.59,310.52,1775.4,40.56,130.0,0,0,0,0,0
1386,302.76,312.41,1413.7,36.45,61.7,0,0,0,0,0
1387,302.80,313.57,1479.9,40.15,48.1,0,0,0,0,0
1388,302.26,312.07,1669.4,42.93,242.2,0,0,0,0,0
1389,303.23,314.54,1638.9,43.66,171.6,0,0,0,0,0
1390,298.34,309.62,1497.2,39.58,201.7,0,0,0,0,0
1391,298.76,309.31,1683.4,35.12,122.7,0,0,0,0,0
1392,301.16,310.78,1724.2,29.85,49.2,0,0,0,0,0
1393,303.61,313.43,1385.1,53.03,203.5,0,0,0,0,0
1394,298.19,309.28,1618.1,35.23,191.8,0,0,0,0,0
1395,299.55,309.16,1654.0,21.75,212.1,0,0,0,0,0
1396,301.00,311.65,1615.9,38.75,17.3,0,0,0,0,0
1397,299.80,308.99,1593.0,40.53,188.6,0,0,0,0,0
1398,295.62,304.32,1656.5,35.33,104.3,0,0,0,0,0
1399,298.89,307.73,1470.5,44.94,12.8,0,0,0,0,0
1400,299.09,310.00,1506.0,51.68,225.8,1,0,0,0,1
1401,299.26,308.41,1873.8,26.83,112.2,0,0,0,0,0
1402,297.99,308.14,1969.9,11.91,159.7,1,0,0,1,0
1403,299.50,309.01,1707.0,33.71,95.0,0,0,0,0,0
1404,295.72,306.07,1446.1,41.94,33.5,0,0,0,0,0
1405,298.16,309.07,1777.8,30.29,208.6,0,0,0,0,0
1406,298.89,308.32,1419.4,47.37,238.6,1,0,0,0,1
1407,299.88,309.84,1590.3,46.50,68.2,0,0,0,0,0
1408,301.53,310.94,1637.8,42.61,218.7,0,0,0,0,0
1409,298.79,309.16,1476.1,37.93,85.0,0,0,0,0,0
1410,301.01,310.46,1504.5,38.91,194.0,0,0,0,0,0
1411,299.37,307.90,1250.1,38.16,30.3,1,0,1,0,0
1412,297.28,308.82,1494.8,42.43,57.0,0,0,0,0,0
1413,300.29,310.79,1454.8,51.94,120.2,0,0,0,0,0
1414,300.86,311.21,1490.4,30.69,198.1,0,0,0,0,0
1415,302.88,312.17,1781.8,28.05,41.7,0,0,0,0,0
1416,299.85,309.63,1456.4,37.56,70.0,0,0,0,0,0
1417,300.62,310.48,1697.2,32.62,214.2,0,0,0,0,0
1418,302.26,311.22,1434.4,38.58,151.8,0,0,0,0,0
1419,300.36,311.08,1558.4,36.82,47.1,0,0,0,0,0
1420,296.87,307.06,1150.0,53.69,84.6,0,0,0,0,0
1421,298.69,309.72,1594.1,42.32,39.6,0,0,0,0,0
1422,301.45,312.03,1688.7,35.23,140.5,0,0,0,0,0
1423,299.83,310.08,1334.9,38.75,197.9,0,0,0,0,0
1424,300.96,309.35,2084.0,16.12,210.9,0,0,0,0,0
1425,302.26,310.69,1445.4,44.08,75.4,0,0,0,0,0
1426,300.53,309.78,1300.1,54.36,37.9,0,0,0,0,0
1427,300.35,312.25,1458.0,33.46,36.5,0,0,0,0,0
1428,299.76,309.40,1340.7,54.80,28.6,0,0,0,0,0
1429,300.56,310.49,1539.9,39.76,70.6,0,0,0,0,0
1430,299.79,311.66,1264.0,50.52,74.2,0,0,0,0,0
1431,301.10,310.82,1603.1,30.79,28.3,0,0,0,0,0
1432,299.59,309.69,1461.2,36.04,185.0,0,0,0,0,0
1433,300.09,310.46,1828.1,26.65,36.8,0,0,0,0,0
1434,295.95,305.79,1571.1,40.91,237.6,0,0,0,0,0
1435,299.79,310.50,1513.4,50.71,175.6,0,0,0,0,0
1436,298.30,307.71,1664.7,34.61,244.1,0,0,0,0,0
1437,298.72,311.36,1522.7,39.39,193.4,0,0,0,0,0
1438,299.51,308.86,1304.6,48.04,105.2,0,0,0,0,0
1439,299.48,308.99,1564.9,42.97,228.7,0,0,0,0,0
1440,301.91,312.52,1291.6,41.28,170.2,0,0,0,0,0
1441,300.78,311.50,1685.2,33.28,216.2,1,1,0,0,0
1442,299.68,308.73,1585.0,36.17,162.7,0,0,0,0,0
1443,298.14,308.61,1270.5,50.34,69.9,0,0,0,0,0
1444,295.76,305.41,1563.0,53.22,40.9,0,0,0,0,0
1445,300.05,310.24,1542.2,39.93,185.8,0,0,0,0,0
1446,303.74,313.56,1880.0,23.09,120.5,0,0,0,0,0
1447,297.51,306.82,1486.7,40.07,180.1,0,0,0,0,0
1448,302.11,312.42,1316.4,53.04,56.0,0,0,0,0,0
1449,299.09,308.84,1415.6,43.32,194.4,0,0,0,0,0
1450,298.55,307.99,1503.8,34.42,19.1,0,0,0,0,0
1451,303.01,311.88,1633.4,42.35,23.1,0,0,0,0,0
1452,301.49,312.13,1458.5,40.39,243.5,0,0,0,0,0
1453,298.83,308.96,1361.6,41.64,227.8,0,0,0,0,0
1454,300.85,309.89,1221.3,58.94,121.9,0,0,0,0,0
1455,298.21,308.54,1458.3,41.88,231.5,0,0,0,0,0
1456,302.06,311.37,1607.3,39.81,42.8,0,0,0,0,0
1457,303.14,314.30,1537.6,50.75,165.4,0,0,0,0,0
1458,298.46,309.26,1447.5,32.53,192.7,0,0,0,0,0
1459,302.91,312.41,1520.4,34.47,5.8,0,0,0,0,0
1460,299.45,309.41,1677.5,38.25,236.5,0,0,0,0,0
1461,300.45,310.97,1609.9,41.12,75.2,0,0,0,0,0
1462,301.91,311.14,1571.5,41.87,44.9,0,0,0,0,0
1463,300.82,310.74,1759.4,28.05,141.6,0,0,0,0,0
1464,297.27,307.64,1696.2,44.57,55.7,0,0,0,0,0
1465,299.42,310.21,1676.5,37.98,133.0,0,0,0,0,0
1466,299.17,310.59,1179.3,44.85,3.8,0,0,0,0,0
1467,300.60,311.31,1519.6,40.21,20.6,0,0,0,0,0
1468,301.42,311.93,1572.0,32.93,52.7,0,0,0,0,0
1469,303.82,315.77,1923.7,17.43,37.8,0,0,0,0,0
1470,302.51,311.43,1564.3,32.45,185.9,0,0,0,0,0
1471,299.38,306.54,1843.1,36.57,224.0,0,0,0,0,0
1472,300.12,309.88,1505.5,50.47,11.0,0,0,0,0,0
1473,302.38,312.61,1680.4,31.89,87.3,0,0,0,0,0
1474,299.61,308.15,1718.9,39.25,214.6,0,0,0,0,0
1475,295.97,306.14,1767.8,27.06,163.6,0,0,0,0,0
1476,299.14,308.37,1461.9,41.29,0.2,0,0,0,0,0
1477,298.99,309.37,1413.8,48.00,3.2,0,0,0,0,0
1478,300.29,309.05,1354.0,51.25,226.6,1,0,0,0,1
1479,298.51,308.28,1638.1,33.57,73.9,0,0,0,0,0
1480,298.11,308.09,1753.0,42.73,168.1,0,0,0,0,0
1481,298.98,310.09,1520.8,38.78,92.6,0,0,0,0,0
1482,297.72,308.44,1545.1,36.17,216.4,1,1,0,0,0
1483,303.05,312.07,1472.8,42.64,156.4,0,0,0,0,0
1484,301.41,309.79,1320.6,48.10,219.8,1,0,1,0,0
1485,296.42,305.71,1454.6,44.44,137.3,0,0,0,0,0
1486,299.72,308.47,1363.2,38.64,224.6,1,1,0,0,0
1487,302.30,312.92,1326.8,56.52,217.7,1,1,0,0,1
1488,301.33,310.83,1664.9,22.91,103.8,0,0,0,0,0
1489,300.44,310.55,1508.1,40.03,210.7,0,0,0,0,0
1490,299.95,310.48,1511.0,21.34,151.2,1,0,0,1,0
1491,298.56,307.06,1451.5,45.78,62.6,0,0,0,0,0
1492,297.52,306.41,1430.9,44.26,27.2,0,0,0,0,0
1493,300.17,310.18,1308.7,47.19,41.4,0,0,0,0,0
1494,300.55,309.41,1804.0,33.00,243.2,0,0,0,0,0
1495,301.28,311.00,1724.1,35.59,197.2,0,0,0,0,0
1496,301.61,312.02,1268.9,48.59,197.4,0,0,0,0,0
1497,301.32,312.48,1411.8,44.87,143.3,0,0,0,0,0
1498,296.71,306.23,1660.3,28.44,8.4,0,0,0,0,0
1499,297.17,307.52,1392.3,45.96,112.9,0,0,0,0,0
1500,301.90,313.75,1624.2,37.82,41.1,0,0,0,0,0
1501,301.84,311.14,1364.0,46.11,59.2,0,0,0,0,0
1502,298.34,307.87,1677.4,33.50,85.9,0,0,0,0,0
1503,298.34,308.38,1658.2,40.19,196.3,0,0,0,0,0
1504,300.22,310.15,1907.6,23.09,5.8,0,0,0,0,0
1505,297.06,307.25,1463.7,42.37,157.2,0,0,0,0,0
1506,298.57,308.10,1217.1,45.68,240.6,1,1,0,0,0
1507,301.00,312.33,1621.5,38.63,158.7,0,0,0,0,0
1508,299.34,309.22,1613.1,46.68,149.6,0,0,0,0,0
1509,301.13,310.46,1593.3,41.89,65.7,0,0,0,0,0
1510,297.42,307.53,1367.5,45.79,143.2,0,0,0,0,0
1511,301.67,311.84,1454.4,41.11,33.5,0,0,0,0,0
1512,304.01,312.96,1715.0,34.23,127.3,0,0,0,0,0
1513,298.59,308.86,1590.0,33.46,173.7,0,0,0,0,0
1514,301.40,310.30,1623.9,33.53,39.6,0,0,0,0,0
1515,297.56,307.04,1656.8,47.03,195.8,0,0,0,0,0
1516,298.14,306.73,1740.6,30.41,1.9,0,0,0,0,0
1517,301.42,310.55,1560.8,39.29,111.8,0,0,0,0,0
1518,299.91,309.46,1341.1,50.01,68.8,0,0,0,0,0
1519,298.78,306.92,1572.4,31.26,72.4,0,0,0,0,0
1520,300.29,310.76,1593.3,32.48,98.5,0,0,0,0,0
1521,297.29,307.92,1413.1,45.02,233.1,0,0,0,0,0
1522,299.90,311.48,1848.2,25.55,167.8,0,0,0,0,0
1523,302.68,313.31,1541.8,43.22,84.5,0,0,0,0,0
1524,301.54,311.94,1576.5,28.64,25.2,0,0,0,0,0
1525,301.66,310.03,1651.1,40.01,95.3,0,0,0,0,0
1526,300.62,311.04,1840.8,28.22,189.4,0,0,0,0,0
1527,303.14,312.38,1462.6,39.25,162.4,0,0,0,0,0
1528,296.91,306.01,1323.7,44.43,153.1,0,0,0,0,0
1529,298.05,307.24,1397.8,48.48,63.4,0,0,0,0,0
1530,301.76,313.16,1407.9,32.34,216.4,0,0,0,0,0
1531,303.68,313.73,1363.0,50.43,25.7,0,0,0,0,0
1532,301.37,311.95,1521.3,47.30,207.0,0,0,0,0,0
1533,298.64,308.91,1276.7,58.81,170.0,0,0,0,0,0
1534,299.71,310.29,1397.8,44.91,217.0,0,0,0,0,0
1535,300.15,310.50,1531.6,37.87,173.3,0,0,0,0,0
1536,303.81,314.23,1567.6,41.86,235.6,0,0,0,0,0
1537,303.42,314.21,1679.1,24.26,89.7,0,0,0,0,0
1538,302.51,313.86,1567.1,36.17,116.2,0,0,0,0,0
1539,302.45,312.69,1370.8,42.91,114.4,0,0,0,0,0
1540,296.29,306.78,1427.4,39.14,226.2,0,0,0,0,0
1541,297.67,307.59,1692.4,47.04,26.4,0,0,0,0,0
1542,300.01,310.58,1905.4,31.04,16.8,0,0,0,0,0
1543,299.69,310.09,1752.5,19.99,95.0,0,0,0,0,0
1544,303.01,311.49,1316.4,55.16,242.6,1,0,1,0,1
1545,301.85,311.85,1663.7,38.41,104.3,0,0,0,0,0
1546,300.85,310.15,1436.8,47.95,3.4,0,0,0,0,0
1547,301.11,309.57,1401.6,49.29,12.9,0,0,0,0,0
1548,299.92,309.80,1416.3,40.27,166.1,0,0,0,0,0
1549,299.85,309.66,1734.1,29.87,98.4,0,0,0,0,0
1550,298.92,311.00,1425.7,52.90,199.9,0,0,0,0,0
1551,300.22,309.61,1647.7,36.06,108.5,0,0,0,0,0
1552,297.67,307.38,1426.1,49.18,93.8,0,0,0,0,0
1553,302.17,311.99,1364.5,42.15,58.4,0,0,0,0,0
1554,299.47,308.98,1449.8,40.41,45.8,0,0,0,0,0
1555,300.08,310.01,1877.9,26.93,242.6,1,1,0,0,0
1556,298.60,307.29,1315.0,42.93,147.4,0,0,0,0,0
1557,297.39,308.52,1590.6,45.59,52.7,0,0,0,0,0
1558,299.60,310.11,1560.5,45.77,127.3,0,0,0,0,0
1559,299.82,310.59,1326.5,45.48,47.7,0,0,0,0,0
1560,299.47,308.70,1241.0,54.59,99.0,0,0,0,0,0
1561,303.07,313.29,1768.4,32.16,50.0,0,0,0,0,0
1562,299.65,308.73,1540.1,37.77,88.6,0,0,0,0,0
1563,298.62,308.57,1904.1,22.65,91.9,0,0,0,0,0
1564,301.39,311.45,1630.3,34.68,25.5,0,0,0,0,0
1565,300.16,308.99,1793.4,22.48,198.5,0,0,0,0,0
1566,304.01,311.95,1711.7,29.04,238.6,0,0,0,0,0
1567,300.34,310.24,1707.0,39.76,62.8,0,0,0,0,0
1568,298.80,309.65,1346.2,52.18,98.7,0,0,0,0,0
1569,301.13,311.03,2042.2,28.75,243.6,1,1,0,0,0
1570,301.12,312.42,1523.2,32.40,233.5,1,1,0,0,0
1571,294.49,306.31,1829.7,33.88,207.8,0,0,0,0,0
1572,300.85,310.51,1396.1,49.24,42.1,0,0,0,0,0
1573,297.58,306.20,1573.0,40.90,74.9,0,0,0,0,0
1574,300.32,310.81,1342.2,47.87,234.4,1,0,0,0,1
1575,300.70,310.01,1337.9,46.37,0.8,0,0,0,0,0
1576,301.22,310.07,1769.1,36.75,81.6,0,0,0,0,0
1577,298.45,308.65,1500.9,44.76,47.0,0,0,0,0,0
1578,303.67,314.93,1725.5,36.00,57.0,0,0,0,0,0
1579,298.14,307.80,1644.0,37.70,11.5,0,0,0,0,0
1580,295.58,304.73,1499.9,38.72,225.0,1,1,0,0,0
1581,301.14,310.73,1286.5,47.86,193.2,0,0,0,0,0
1582,298.32,308.71,1299.0,34.52,146.2,0,0,0,0,0
1583,297.57,308.74,1421.7,47.36,62.7,0,0,0,0,0
1584,301.53,311.94,1728.4,34.66,12.9,0,0,0,0,0
1585,298.14,307.34,1644.9,37.23,46.2,0,0,0,0,0
1586,300.79,311.20,1747.5,29.06,147.6,0,0,0,0,0
1587,299.55,311.35,1685.4,33.38,152.9,0,0,0,0,0
1588,298.01,309.77,1445.8,49.44,67.4,0,0,0,0,0
1589,296.80,306.39,1888.3,20.20,4.6,0,0,0,0,0
1590,295.23,305.93,1549.1,31.00,25.4,0,0,0,0,0
1591,303.42,313.23,1465.6,41.43,83.9,0,0,0,0,0
1592,302.11,311.39,1539.4,35.54,22.7,0,0,0,0,0
1593,300.61,309.61,2050.4,21.95,27.8,0,0,0,0,0
1594,300.65,312.11,1568.1,38.28,60.4,0,0,0,0,0
1595,301.17,310.36,1576.3,41.01,201.3,0,0,0,0,0
1596,300.56,310.31,1637.5,25.71,86.1,0,0,0,0,0
1597,302.21,313.54,1393.0,54.62,186.4,0,0,0,0,0
1598,299.83,308.71,1383.1,46.59,188.3,0,0,0,0,0
1599,301.82,312.11,1545.0,38.09,9.8,0,0,0,0,0
1600,296.82,305.76,1622.3,38.15,220.9,0,0,0,0,0
1601,298.21,309.67,1785.3,28.06,236.1,0,0,0,0,0
1602,299.59,309.99,1567.1,44.72,237.2,0,0,0,0,0
1603,302.21,312.03,1331.9,58.53,155.3,0,0,0,0,0
1604,301.92,312.28,1699.1,38.60,15.5,0,0,0,0,0
1605,298.37,307.22,1533.3,47.52,7.4,0,0,0,0,0
1606,299.08,308.47,1527.1,37.71,228.8,0,0,0,0,0
1607,298.58,308.50,1150.0,53.30,217.5,1,0,0,0,1
1608,299.33,310.31,1668.9,26.76,139.7,0,0,0,0,0
1609,300.25,310.46,1760.2,24.95,21.1,0,0,0,0,0
1610,300.50,310.97,1474.1,38.08,34.7,0,0,0,0,0
1611,300.00,309.50,1477.0,37.41,103.5,0,0,0,0,0
1612,303.64,313.56,1896.0,25.82,43.2,0,0,0,0,0
1613,298.79,307.84,1571.2,44.34,231.3,1,1,0,0,0
1614,303.69,314.36,1360.1,45.67,113.2,0,0,0,0,0
1615,298.05,308.52,1497.2,46.96,173.9,0,0,0,0,0
1616,298.52,309.28,1702.1,25.27,163.1,0,0,0,0,0
1617,300.36,311.84,1281.1,69.53,181.3,1,0,0,1,1
1618,305.65,315.06,1458.0,41.61,198.7,0,0,0,0,0
1619,299.29,308.02,1806.4,31.99,111.9,0,0,0,0,0
1620,300.32,310.75,1420.0,50.87,194.1,0,0,0,0,0
1621,293.74,303.66,1962.7,26.56,205.7,0,0,0,0,0
1622,300.42,309.72,1264.6,45.62,56.0,0,0,0,0,0
1623,299.20,308.96,1753.4,35.22,81.7,0,0,0,0,0
1624,301.31,310.74,1553.9,26.40,198.0,0,0,0,0,0
1625,302.73,313.47,1579.5,43.01,237.3,0,0,0,0,0
1626,298.60,307.19,1573.8,35.99,126.6,0,0,0,0,0
1627,297.02,306.76,1845.8,38.27,67.9,0,0,0,0,0
1628,303.78,314.16,1575.1,31.33,183.3,0,0,0,0,0
1629,299.26,309.68,1562.3,38.37,99.8,0,0,0,0,0
1630,300.42,311.17,1211.2,54.59,211.4,1,0,0,0,1
1631,298.53,308.20,1736.8,32.51,6.6,0,0,0,0,0
1632,299.56,308.54,1150.0,50.84,173.2,0,0,0,0,0
1633,298.07,307.90,1396.7,45.72,199.2,0,0,0,0,0
1634,300.45,310.37,1351.4,53.84,137.9,0,0,0,0,0
1635,299.68,309.89,1415.2,39.66,221.6,0,0,0,0,0
1636,302.39,311.24,1739.4,24.88,223.3,1,1,0,0,0
1637,296.94,307.07,1150.0,51.17,193.9,0,0,0,0,0
1638,300.99,310.39,1150.0,48.83,229.7,1,0,0,0,1
1639,298.53,309.08,1788.9,30.09,139.9,0,0,0,0,0
1640,299.27,307.95,1886.2,32.06,51.9,0,0,0,0,0
1641,298.84,308.16,1651.8,42.31,119.1,0,0,0,0,0
1642,304.02,313.71,1568.3,34.89,191.6,0,0,0,0,0
1643,301.54,313.42,1747.8,35.83,77.2,0,0,0,0,0
1644,301.40,311.73,1206.2,44.42,148.6,0,0,0,0,0
1645,302.13,312.27,1514.4,43.05,166.2,0,0,0,0,0
1646,299.63,308.45,1421.0,44.45,139.8,0,0,0,0,0
1647,298.42,309.20,1528.0,43.23,216.2,0,0,0,0,0
1648,299.65,309.25,1585.9,32.97,226.7,0,0,0,0,0
1649,298.48,309.31,1710.1,31.96,107.3,0,0,0,0,0
1650,299.45,309.21,1444.0,51.21,158.7,0,0,0,0,0
1651,301.15,311.77,1641.1,34.91,203.3,0,0,0,0,0
1652,303.56,313.20,1322.2,49.03,33.6,0,0,0,0,0
1653,300.95,311.05,1365.3,45.64,43.7,0,0,0,0,0
1654,302.46,312.52,1500.7,39.68,18.8,0,0,0,0,0
1655,302.28,310.22,1276.6,62.68,96.3,1,0,1,0,0
1656,301.55,311.53,1680.9,36.00,184.8,0,0,0,0,0
1657,301.31,309.98,1687.3,37.10,213.9,0,0,0,0,0
1658,296.29,306.68,1581.4,44.53,230.8,0,0,0,0,0
1659,299.87,310.04,1331.0,43.16,36.3,0,0,0,0,0
1660,298.82,306.34,1473.2,45.26,159.5,0,0,0,0,0
1661,303.48,314.61,1821.7,37.79,76.4,0,0,0,0,0
1662,299.60,311.00,1316.5,45.15,22.4,0,0,0,0,0
1663,303.60,313.98,1354.0,56.05,235.7,1,0,0,0,1
1664,296.13,304.91,1448.7,41.58,61.5,0,0,0,0,0
1665,301.62,312.12,1743.5,27.08,176.6,0,0,0,0,0
1666,301.71,311.30,1349.9,50.11,147.3,0,0,0,0,0
1667,300.34,309.60,1738.7,29.36,177.1,0,0,0,0,0
1668,299.53,310.04,1526.7,34.91,233.0,0,0,0,0,0
1669,301.38,314.12,1511.4,50.91,15.2,0,0,0,0,0
1670,303.38,311.58,1395.5,35.35,74.3,0,0,0,0,0
1671,299.30,307.66,1540.7,25.11,11.0,0,0,0,0,0
1672,299.64,308.89,1787.6,29.53,201.7,0,0,0,0,0
1673,300.50,309.10,1526.0,47.18,156.8,0,0,0,0,0
1674,299.16,310.15,1805.7,31.48,241.5,0,0,0,0,0
1675,302.04,310.28,1510.0,46.96,127.9,0,0,0,0,0
1676,302.84,312.34,1399.2,50.85,1.6,0,0,0,0,0
1677,301.54,311.90,1284.5,54.47,186.9,0,0,0,0,0
1678,300.64,310.85,1790.5,13.10,136.5,1,0,0,1,0
1679,300.99,310.08,1819.7,28.84,215.2,0,0,0,0,0
1680,296.23,306.97,1729.2,40.44,205.1,0,0,0,0,0
1681,298.24,306.16,1660.8,34.85,121.9,0,0,0,0,0
1682,296.65,308.36,1647.2,43.38,33.6,0,0,0,0,0
1683,302.28,312.50,1407.9,48.26,131.6,0,0,0,0,0
1684,297.52,307.68,1596.7,31.60,38.5,0,0,0,0,0
1685,300.38,311.15,1487.4,45.07,218.5,0,0,0,0,0
1686,303.42,312.84,1669.4,36.99,101.5,0,0,0,0,0
1687,301.75,311.42,1581.5,27.44,11.7,0,0,0,0,0
1688,300.25,310.41,1490.1,48.34,123.6,0,0,0,0,0
1689,298.58,307.37,1427.7,36.16,32.2,0,0,0,0,0
1690,298.72,309.19,1564.7,52.59,111.8,0,0,0,0,0
1691,300.49,311.27,1808.2,24.81,188.0,0,0,0,0,0
1692,300.81,310.32,1278.2,58.25,219.9,1,0,0,0,1
1693,299.68,308.61,1419.4,33.64,216.5,0,0,0,0,0
1694,297.96,307.14,1537.2,44.59,197.3,0,0,0,0,0
1695,296.72,308.35,1458.8,53.49,164.1,0,0,0,0,0
1696,299.29,306.40,1460.5,51.36,48.2,0,0,0,0,0
1697,298.62,307.91,1283.8,49.05,203.2,0,0,0,0,0
1698,302.49,312.44,1841.3,23.52,229.8,0,0,0,0,0
1699,302.96,312.62,1466.8,43.07,35.2,0,0,0,0,0
1700,296.01,307.76,1383.9,36.89,216.8,0,0,0,0,0
1701,300.32,310.76,1390.2,45.91,214.2,1,1,0,0,0
1702,305.16,315.76,1361.0,44.70,133.9,0,0,0,0,0
1703,302.89,313.36,1372.6,48.22,242.6,1,0,0,0,1
1704,299.21,309.37,1348.4,50.17,105.6,0,0,0,0,0
1705,302.01,314.54,1695.9,29.42,214.8,0,0,0,0,0
1706,300.35,310.10,1643.2,37.92,70.4,0,0,0,0,0
1707,300.51,311.28,1652.9,41.28,38.9,0,0,0,0,0
1708,303.57,313.67,1404.6,48.63,205.4,0,0,0,0,0
1709,298.33,308.10,1486.2,37.00,242.6,0,0,0,0,0
1710,302.29,311.02,1583.3,40.83,54.7,0,0,0,0,0
1711,298.59,308.76,1791.0,30.21,171.7,0,0,0,0,0
1712,301.04,311.76,1271.3,50.31,73.6,0,0,0,0,0
1713,299.80,309.27,1566.7,45.59,154.0,0,0,0,0,0
1714,300.14,310.92,1629.7,36.16,54.9,0,0,0,0,0
1715,305.07,314.78,1688.9,33.10,121.6,0,0,0,0,0
1716,298.55,307.25,1430.7,38.31,33.2,0,0,0,0,0
1717,303.33,314.06,1708.9,32.15,36.0,0,0,0,0,0
1718,298.53,308.12,1734.3,34.77,160.9,0,0,0,0,0
1719,300.06,312.27,1801.1,36.98,136.8,0,0,0,0,0
1720,302.55,312.53,1311.9,44.28,205.0,0,0,0,0,0
1721,300.14,311.81,1552.7,32.48,156.9,0,0,0,0,0
1722,300.57,312.14,1875.5,22.82,166.1,0,0,0,0,0
1723,299.90,308.73,1548.4,39.77,199.6,0,0,0,0,0
1724,300.01,309.58,1408.7,44.92,176.1,0,0,0,0,0
1725,301.80,312.22,1556.7,46.20,42.1,0,0,0,0,0
1726,301.45,311.03,1483.4,48.04,50.3,0,0,0,0,0
1727,298.67,308.84,1825.8,32.67,37.5,0,0,0,0,0
1728,301.54,311.11,1806.6,27.37,35.8,0,0,0,0,0
1729,300.78,311.12,1909.6,20.80,218.3,0,0,0,0,0
1730,301.68,312.10,1405.3,45.36,176.5,0,0,0,0,0
1731,301.32,310.16,1646.4,36.69,86.7,0,0,0,0,0
1732,301.26,312.19,1648.5,33.56,243.6,0,0,0,0,0
1733,299.01,309.59,1250.0,48.95,144.7,0,0,0,0,0
1734,298.52,310.03,1705.6,30.81,185.5,0,0,0,0,0
1735,301.49,310.29,1485.8,32.25,217.1,0,0,0,0,0
1736,300.49,311.92,1563.1,35.48,28.9,0,0,0,0,0
1737,302.47,312.04,1281.7,53.49,235.6,1,0,0,0,1
1738,302.00,313.01,1701.2,36.72,207.2,0,0,0,0,0
1739,303.22,312.45,1442.7,46.26,241.1,1,0,0,0,1
1740,299.47,310.42,1625.1,24.75,181.4,0,0,0,0,0
1741,299.52,311.59,1349.8,34.64,145.2,0,0,0,0,0
1742,300.21,309.51,1286.8,56.69,202.9,1,0,0,0,1
1743,298.39,307.13,1150.0,43.47,232.1,1,1,0,0,0
1744,301.52,312.35,1540.0,34.84,62.2,0,0,0,0,0
1745,304.45,314.13,1430.3,43.16,105.7,0,0,0,0,0
1746,301.66,310.37,1441.5,53.85,92.0,0,0,0,0,0
1747,302.74,312.93,1565.5,43.58,107.3,0,0,0,0,0
1748,298.91,308.88,1423.6,43.26,107.9,0,0,0,0,0
1749,301.89,311.78,1348.6,39.17,110.3,0,0,0,0,0
1750,300.70,311.64,1648.2,41.73,37.4,0,0,0,0,0
1751,297.10,306.91,1488.8,38.25,42.6,0,0,0,0,0
1752,299.80,311.48,1472.9,40.53,70.4,0,0,0,0,0
1753,298.57,308.27,1440.4,49.66,71.3,0,0,0,0,0
1754,303.08,314.34,1599.1,36.11,141.6,0,0,0,0,0
1755,295.43,305.82,1852.8,29.70,53.9,0,0,0,0,0
1756,298.85,307.59,1630.5,57.27,52.5,1,0,0,1,0
1757,300.39,309.27,1562.9,38.61,57.8,0,0,0,0,0
1758,298.24,308.75,1761.6,37.90,189.3,0,0,0,0,0
1759,302.69,313.30,1461.1,47.35,164.5,0,0,0,0,0
1760,302.36,311.80,1169.9,52.95,117.7,0,0,0,0,0
1761,300.96,311.50,1547.7,41.11,71.5,0,0,0,0,0
1762,299.05,309.31,1706.9,30.16,2.1,0,0,0,0,0
1763,298.12,308.78,1614.5,37.36,88.2,0,0,0,0,0
1764,300.78,311.01,1599.6,43.61,169.9,0,0,0,0,0
1765,301.07,310.47,1661.7,34.06,210.5,0,0,0,0,0
1766,300.73,311.37,1623.4,38.85,67.3,0,0,0,0,0
1767,299.81,311.74,1600.1,29.20,169.3,0,0,0,0,0
1768,300.93,311.32,1660.9,33.33,221.4,0,0,0,0,0
1769,299.23,309.69,1409.8,45.69,223.7,0,0,0,0,0
1770,300.86,309.79,1496.6,43.67,185.2,0,0,0,0,0
1771,300.75,310.01,1474.8,50.40,208.8,0,0,0,0,0
1772,299.71,309.27,1713.4,35.92,20.8,0,0,0,0,0
1773,298.18,308.81,1640.4,42.82,220.6,0,0,0,0,0
1774,298.89,310.74,1821.9,31.59,219.0,1,1,0,0,0
1775,300.96,312.53,1578.7,34.67,207.2,0,0,0,0,0
1776,301.07,312.13,1451.2,50.71,27.9,0,0,0,0,0
1777,301.93,312.22,1717.8,28.43,98.2,0,0,0,0,0
1778,299.81,308.39,1472.8,48.68,87.4,0,0,0,0,0
1779,298.52,308.14,1150.0,59.89,123.0,0,0,0,0,0
1780,297.57,306.28,1441.5,30.15,212.7,0,0,0,0,0
1781,300.27,311.68,1523.6,46.49,1.3,0,0,0,0,0
1782,304.73,313.10,1639.0,40.80,239.4,0,0,0,0,0
1783,298.53,308.39,1553.6,34.61,124.1,0,0,0,0,0
1784,300.59,312.16,1593.1,43.99,118.9,0,0,0,0,0
1785,298.49,309.33,1855.4,28.53,54.4,0,0,0,0,0
1786,302.51,311.48,1371.3,58.76,214.8,1,0,0,0,1
1787,299.87,309.73,1422.9,46.50,167.3,0,0,0,0,0
1788,303.97,316.02,1520.3,47.12,243.9,1,0,0,0,1
1789,300.57,311.20,1593.2,35.67,189.8,0,0,0,0,0
1790,299.56,309.76,1491.9,43.14,26.7,0,0,0,0,0
1791,299.71,311.21,1680.7,40.91,0.0,0,0,0,0,0
1792,296.07,306.81,1500.3,37.28,140.5,0,0,0,0,0
1793,299.87,310.37,1454.5,42.40,106.4,0,0,0,0,0
1794,301.71,310.27,1754.8,24.78,38.7,0,0,0,0,0
1795,299.11,309.28,1193.1,44.39,80.0,0,0,0,0,0
1796,300.31,310.79,1932.8,31.32,113.9,0,0,0,0,0
1797,298.44,308.70,1606.0,38.10,228.9,0,0,0,0,0
1798,299.89,310.31,1497.6,36.13,211.7,0,0,0,0,0
1799,298.79,309.69,1248.4,54.85,217.8,1,0,0,0,1
1800,302.04,310.93,1743.2,31.47,191.3,0,0,0,0,0
1801,298.14,308.32,1402.4,27.22,118.0,0,0,0,0,0
1802,299.70,309.26,1502.9,42.99,241.9,0,0,0,0,0
1803,306.48,317.72,1737.0,35.29,144.0,0,0,0,0,0
1804,300.71,310.75,1909.5,21.68,189.8,0,0,0,0,0
1805,299.95,311.34,1445.8,38.04,117.8,0,0,0,0,0
1806,298.73,306.56,1621.5,39.05,193.0,0,0,0,0,0
1807,299.50,310.53,1884.6,20.01,174.4,0,0,0,0,0
1808,299.70,311.83,1533.7,38.93,4.0,0,0,0,0,0
1809,302.83,312.84,1516.6,43.24,208.7,0,0,0,0,0
1810,302.63,313.72,1936.2,25.62,18.4,0,0,0,0,0
1811,303.24,314.24,1621.7,43.03,78.9,0,0,0,0,0
1812,297.24,307.67,1528.6,47.14,142.3,0,0,0,0,0
1813,299.62,308.28,1625.0,40.60,123.3,0,0,0,0,0
1814,296.60,305.54,1810.0,40.59,61.9,0,0,0,0,0
1815,305.96,316.69,1487.8,31.25,32.4,0,0,0,0,0
1816,300.93,310.92,1363.4,47.38,67.9,0,0,0,0,0
1817,298.19,307.44,1458.9,48.34,67.9,0,0,0,0,0
1818,298.93,308.42,1657.8,37.05,83.6,0,0,0,0,0
1819,302.27,311.60,1632.4,34.99,127.7,0,0,0,0,0
1820,292.16,301.85,1808.5,33.21,175.7,0,0,0,0,0
1821,297.70,309.38,1834.8,32.80,214.4,1,1,0,0,0
1822,298.35,309.21,1421.3,46.10,144.1,0,0,0,0,0
1823,296.02,305.29,1569.1,46.30,165.5,0,0,0,0,0
1824,301.59,310.70,1307.2,49.22,134.0,0,0,0,0,0
1825,298.17,308.47,1342.3,48.03,101.8,0,0,0,0,0
1826,299.30,309.90,1327.1,58.22,236.4,1,0,0,0,1
1827,301.73,311.30,1549.0,42.97,178.2,0,0,0,0,0
1828,300.51,310.55,1574.1,51.25,8.3,0,0,0,0,0
1829,302.28,313.56,1431.2,48.55,17.6,0,0,0,0,0
1830,304.16,315.08,1395.8,43.44,25.6,0,0,0,0,0
1831,300.58,309.01,1423.2,44.11,88.6,0,0,0,0,0
1832,300.15,309.97,1437.6,45.14,5.8,0,0,0,0,0
1833,302.76,312.06,1552.2,34.33,211.8,0,0,0,0,0
1834,294.96,305.77,1356.5,50.60,184.3,0,0,0,0,0
1835,298.61,308.33,1509.2,31.19,110.5,0,0,0,0,0
1836,300.24,309.44,1481.1,53.06,201.1,0,0,0,0,0
1837,296.34,307.23,1599.0,44.54,194.7,0,0,0,0,0
1838,301.00,311.66,1370.7,49.49,144.8,0,0,0,0,0
1839,302.42,312.63,1479.4,43.43,134.3,0,0,0,0,0
1840,299.08,311.19,1591.4,40.03,188.7,0,0,0,0,0
1841,297.42,308.50,1768.7,33.92,44.4,0,0,0,0,0
1842,299.60,309.88,1236.0,51.79,32.6,0,0,0,0,0
1843,299.89,310.14,1598.0,42.09,72.0,0,0,0,0,0
1844,297.40,306.01,1481.7,45.56,189.8,0,0,0,0,0
1845,295.87,304.77,1518.4,41.91,110.5,0,0,0,0,0
1846,297.64,308.21,1440.7,44.76,42.2,0,0,0,0,0
1847,295.74,305.52,1550.7,36.51,122.1,0,0,0,0,0
1848,298.78,309.59,1852.0,27.90,125.1,0,0,0,0,0
1849,300.97,309.38,1545.3,40.57,39.1,0,0,0,0,0
1850,302.17,312.18,1475.3,39.97,56.9,0,0,0,0,0
1851,303.34,313.78,1578.4,47.99,19.8,0,0,0,0,0
1852,298.74,308.63,1423.6,49.51,116.5,0,0,0,0,0
1853,297.41,309.22,1400.8,46.50,185.5,0,0,0,0,0
1854,299.98,309.06,1832.5,20.96,152.9,0,0,0,0,0
1855,295.57,306.14,1530.6,41.80,203.3,0,0,0,0,0
1856,298.26,308.64,1464.7,35.97,16.5,0,0,0,0,0
1857,301.41,310.51,1568.2,39.90,228.7,0,0,0,0,0
1858,297.32,307.29,1783.1,37.91,64.6,0,0,0,0,0
1859,297.83,306.52,1683.1,35.87,216.4,1,1,0,0,0
1860,298.69,308.59,1567.5,39.12,92.9,0,0,0,0,0
1861,299.05,307.49,1545.0,39.64,9.8,0,0,0,0,0
1862,305.26,316.43,1389.1,57.42,34.4,0,0,0,0,0
1863,298.82,308.91,1633.3,45.63,220.3,0,0,0,0,0
1864,300.40,308.95,1454.7,44.04,179.7,0,0,0,0,0
1865,300.19,310.19,1408.0,44.55,156.1,0,0,0,0,0
1866,299.26,308.64,1716.4,35.25,108.2,0,0,0,0,0
1867,299.19,309.13,1751.7,19.68,224.8,0,0,0,0,0
1868,301.53,310.57,1722.3,31.04,184.5,0,0,0,0,0
1869,301.10,311.90,1284.5,43.74,187.1,0,0,0,0,0
1870,299.47,310.18,1357.0,46.88,187.7,0,0,0,0,0
1871,302.78,312.76,1488.4,47.56,227.5,0,0,0,0,0
1872,300.66,311.32,1547.3,33.60,90.9,0,0,0,0,0
1873,298.98,308.90,1549.5,36.86,107.8,0,0,0,0,0
1874,301.37,310.58,1656.5,38.69,161.7,0,0,0,0,0
1875,301.77,312.42,1374.3,46.64,221.3,0,0,0,0,0
1876,298.14,308.96,1632.1,44.42,197.1,0,0,0,0,0
1877,300.13,311.44,1618.0,35.18,144.5,0,0,0,0,0
1878,299.80,310.14,1710.3,34.59,116.1,0,0,0,0,0
1879,305.17,315.47,1389.0,56.20,132.1,0,0,0,0,0
1880,301.53,311.16,1718.7,37.47,116.7,0,0,0,0,0
1881,299.22,308.98,1993.2,19.66,29.1,0,0,0,0,0
1882,300.84,309.85,1512.5,42.15,74.2,0,0,0,0,0
1883,304.11,313.98,1519.1,46.60,191.0,0,0,0,0,0
1884,297.61,309.28,1348.5,42.54,76.1,0,0,0,0,0
1885,301.74,310.46,1396.0,37.25,220.0,1,1,0,0,0
1886,302.07,311.43,1952.5,24.42,202.1,0,0,0,0,0
1887,299.25,310.16,1270.2,47.32,69.5,0,0,0,0,0
1888,302.20,312.55,1693.0,31.26,88.6,0,0,0,0,0
1889,299.37,309.04,1787.4,18.35,97.3,1,0,0,1,0
1890,300.80,310.77,1393.1,48.36,178.5,0,0,0,0,0
1891,301.67,312.55,1449.3,39.40,153.4,0,0,0,0,0
1892,299.24,309.37,1478.1,37.10,7.9,0,0,0,0,0
1893,299.81,311.11,1598.9,43.25,236.9,0,0,0,0,0
1894,301.84,313.32,1965.3,28.31,216.7,0,0,0,0,0
1895,299.24,310.52,1445.8,42.97,192.7,0,0,0,0,0
1896,296.74,306.28,1533.9,34.77,0.9,0,0,0,0,0
1897,297.46,309.52,1762.3,20.14,69.0,0,0,0,0,0
1898,302.98,313.24,1854.8,38.03,100.9,0,0,0,0,0
1899,300.14,311.48,1539.8,40.82,211.9,0,0,0,0,0
1900,301.69,313.00,1660.6,35.36,122.6,0,0,0,0,0
1901,299.25,309.67,1172.9,57.86,113.2,0,0,0,0,0
1902,295.72,305.40,1734.4,36.10,235.9,0,0,0,0,0
1903,298.80,308.49,1684.3,20.87,41.1,0,0,0,0,0
1904,297.59,308.65,1603.6,28.90,60.3,0,0,0,0,0
1905,300.07,310.35,1769.6,40.10,21.6,0,0,0,0,0
1906,302.02,313.54,1575.5,32.47,106.6,0,0,0,0,0
1907,299.82,309.32,1684.9,40.82,177.5,0,0,0,0,0
1908,296.90,308.73,1405.1,29.71,121.0,0,0,0,0,0
1909,299.07,308.36,1670.0,32.84,39.2,0,0,0,0,0
1910,300.39,311.77,1616.5,45.58,125.5,0,0,0,0,0
1911,300.10,311.40,1679.9,39.34,217.4,1,1,0,0,0
1912,298.98,307.77,1246.2,54.10,102.6,0,0,0,0,0
1913,299.55,309.73,1286.4,39.78,130.5,0,0,0,0,0
1914,302.04,309.75,1469.3,30.85,75.1,0,0,0,0,0
1915,300.65,309.95,1376.7,55.06,185.2,0,0,0,0,0
1916,297.63,308.46,1583.0,32.25,118.0,0,0,0,0,0
1917,297.42,308.56,1799.5,38.74,116.4,0,0,0,0,0
1918,301.05,310.76,1844.5,36.04,144.4,0,0,0,0,0
1919,301.67,310.60,1736.5,25.39,194.5,0,0,0,0,0
1920,302.51,312.95,1850.3,32.30,88.6,0,0,0,0,0
1921,300.70,312.63,1194.9,45.87,124.0,0,0,0,0,0
1922,300.91,309.36,1346.9,40.66,187.3,1,0,1,0,0
1923,300.61,311.35,1544.5,41.98,139.7,0,0,0,0,0
1924,299.43,310.37,1873.7,22.25,155.2,0,0,0,0,0
1925,297.60,307.37,1568.8,33.94,184.2,0,0,0,0,0
1926,301.68,312.37,1450.0,42.77,151.4,0,0,0,0,0
1927,299.09,307.92,1493.4,48.88,18.1,0,0,0,0,0
1928,302.32,312.64,1532.6,35.54,123.3,0,0,0,0,0
1929,299.29,307.87,1399.7,52.38,68.4,0,0,0,0,0
1930,297.90,307.45,1564.7,43.00,169.7,0,0,0,0,0
1931,300.80,310.24,1316.4,48.41,84.0,0,0,0,0,0
1932,299.77,309.72,1605.8,36.51,23.3,0,0,0,0,0
1933,297.82,308.47,1577.3,39.29,218.7,0,0,0,0,0
1934,296.41,307.21,1500.7,35.32,134.0,0,0,0,0,0
1935,300.90,310.69,1427.6,51.08,120.7,0,0,0,0,0
1936,298.90,308.25,1510.6,36.62,78.3,0,0,0,0,0
1937,300.74,310.37,1776.8,25.79,24.7,0,0,0,0,0
1938,300.57,310.78,1398.2,48.54,153.2,0,0,0,0,0
1939,301.23,312.25,1663.5,41.56,194.5,0,0,0,0,0
1940,299.73,311.91,1575.5,32.53,224.7,0,0,0,0,0
1941,300.56,309.86,1350.4,41.99,66.3,0,0,0,0,0
1942,298.53,309.17,1422.3,46.56,44.0,0,0,0,0,0
1943,302.90,312.11,1655.7,37.79,67.0,0,0,0,0,0
1944,299.18,311.27,1577.5,35.79,196.3,0,0,0,0,0
1945,302.47,312.73,1352.8,43.19,31.7,0,0,0,0,0
1946,300.40,310.28,1534.0,28.41,17.6,0,0,0,0,0
1947,301.59,311.74,1576.6,37.64,162.4,0,0,0,0,0
1948,303.26,311.33,1303.4,51.38,50.4,1,0,1,0,0
1949,298.65,308.48,1512.3,39.85,32.6,0,0,0,0,0
1950,302.01,313.53,1639.1,48.01,45.3,0,0,0,0,0
1951,299.14,308.92,1432.1,38.90,19.4,0,0,0,0,0
1952,300.91,312.35,1352.6,51.07,96.4,0,0,0,0,0
1953,299.63,310.79,1354.8,48.95,74.9,0,0,0,0,0
1954,300.63,311.36,1542.8,44.78,114.7,0,0,0,0,0
1955,297.67,308.26,1215.2,48.17,25.4,0,0,0,0,0
1956,301.34,310.35,1630.4,36.20,9.8,0,0,0,0,0
1957,298.37,309.50,1413.6,54.52,138.6,0,0,0,0,0
1958,300.95,310.20,1419.2,49.43,239.1,1,1,0,0,1
1959,300.24,311.99,1894.3,23.88,204.8,0,0,0,0,0
1960,299.64,310.21,1596.1,42.73,218.8,0,0,0,0,0
1961,301.92,312.21,1793.8,41.84,74.1,0,0,0,0,0
1962,302.56,312.37,1590.2,45.50,39.7,0,0,0,0,0
1963,303.22,310.78,1671.3,40.96,68.8,0,0,0,0,0
1964,294.63,304.71,1603.4,33.63,181.2,0,0,0,0,0
1965,302.44,313.87,1683.8,27.18,181.0,0,0,0,0,0
1966,300.42,311.60,1771.3,21.25,25.6,0,0,0,0,0
1967,300.00,310.58,1199.8,45.31,149.0,0,0,0,0,0
1968,304.03,316.60,1470.3,39.98,239.1,0,0,0,0,0
1969,303.32,314.38,1767.6,16.91,157.5,1,0,0,1,0
1970,303.47,314.72,1572.2,34.42,64.6,0,0,0,0,0
1971,299.27,309.14,1383.2,45.55,130.5,0,0,0,0,0
1972,302.04,312.68,1681.1,27.83,127.5,0,0,0,0,0
1973,296.23,307.54,1655.5,41.70,78.0,0,0,0,0,0
1974,298.33,308.24,1589.2,34.09,122.2,0,0,0,0,0
1975,299.34,308.59,1729.6,35.09,110.8,0,0,0,0,0
1976,299.71,309.32,1495.1,41.83,12.0,0,0,0,0,0
1977,298.17,307.17,1443.3,47.97,20.5,0,0,0,0,0
1978,303.42,313.26,1721.4,27.07,159.5,0,0,0,0,0
1979,300.08,308.82,1684.2,28.97,144.3,0,0,0,0,0
1980,297.96,307.52,1467.2,42.82,165.8,0,0,0,0,0
1981,297.74,306.25,1580.9,26.43,53.4,0,0,0,0,0
1982,300.53,310.39,1705.7,34.03,27.3,0,0,0,0,0
1983,299.52,310.16,1483.6,30.65,220.6,1,1,0,0,0
1984,301.19,309.29,1339.6,52.93,1.6,1,0,1,0,0
1985,299.05,309.67,1174.3,61.19,158.4,0,0,0,0,0
1986,301.32,310.92,1472.8,34.44,52.5,0,0,0,0,0
1987,302.50,312.17,1738.8,40.66,141.1,0,0,0,0,0
1988,298.59,306.89,1507.8,47.05,44.4,0,0,0,0,0
1989,301.68,312.64,1579.9,41.16,46.9,0,0,0,0,0
1990,300.72,310.96,1591.1,39.31,152.8,0,0,0,0,0
1991,300.94,310.01,1496.0,45.60,169.6,0,0,0,0,0
1992,297.67,308.75,1686.7,29.97,176.5,0,0,0,0,0
1993,302.36,309.46,1648.8,39.58,19.7,0,0,0,0,0
1994,302.58,314.59,1293.0,50.41,101.3,0,0,0,0,0
1995,296.95,307.55,1513.2,42.40,16.0,0,0,0,0,0
1996,301.59,308.18,1512.7,46.71,214.8,0,0,0,0,0
1997,308.52,318.80,1717.9,21.22,215.7,0,0,0,0,0
1998,300.09,311.05,1656.3,41.23,7.3,0,0,0,0,0
1999,302.58,313.91,1479.2,42.49,118.3,0,0,0,0,0
2000,300.42,310.01,1937.8,27.02,219.1,0,0,0,0,0
2001,296.97,309.22,1529.7,45.15,225.3,0,0,0,0,0
2002,302.33,313.19,1579.3,37.22,20.9,0,0,0,0,0
2003,301.82,312.64,1606.4,35.46,68.9,0,0,0,0,0
2004,299.87,309.40,1805.5,27.80,46.0,0,0,0,0,0
2005,299.58,308.46,1859.2,31.37,212.3,0,0,0,0,0
2006,296.32,306.32,1878.3,20.57,198.1,0,0,0,0,0
2007,303.31,313.04,1815.0,34.96,124.6,0,0,0,0,0
2008,304.39,313.87,1639.5,29.28,237.0,0,0,0,0,0
2009,299.28,309.70,1931.3,11.48,196.3,1,0,0,1,0
2010,300.88,309.16,1347.1,48.77,25.4,1,0,1,0,0
2011,295.89,306.50,1436.9,37.58,158.9,0,0,0,0,0
2012,299.24,309.09,1769.5,35.02,42.5,0,0,0,0,0
2013,301.10,312.04,1198.8,62.18,50.9,0,0,0,0,0
2014,298.78,310.23,1700.1,31.46,226.7,1,1,0,0,0
2015,298.81,307.84,1606.9,46.95,29.8,0,0,0,0,0
2016,298.71,307.82,1527.6,36.51,133.4,0,0,0,0,0
2017,300.24,310.63,1459.1,35.85,5.9,0,0,0,0,0
2018,304.34,313.28,1493.0,32.45,64.4,0,0,0,0,0
2019,302.04,311.75,1555.3,41.26,173.8,0,0,0,0,0
2020,299.16,309.54,1831.4,34.33,238.8,0,0,0,0,0
2021,301.15,313.19,1749.6,34.50,112.7,0,0,0,0,0
2022,303.63,313.37,1512.4,47.14,217.4,0,0,0,0,0
2023,299.48,309.75,1612.0,23.51,185.7,0,0,0,0,0
2024,299.49,309.87,1723.6,42.76,69.5,0,0,0,0,0
2025,301.95,312.30,1452.5,38.98,227.2,0,0,0,0,0
2026,300.06,308.71,1589.2,33.55,65.3,0,0,0,0,0
2027,301.21,310.98,1898.0,30.22,173.8,0,0,0,0,0
2028,300.16,310.71,1692.4,29.29,219.3,0,0,0,0,0
2029,299.65,309.09,1445.4,52.99,75.7,0,0,0,0,0
2030,306.10,314.82,1590.3,39.40,139.8,0,0,0,0,0
2031,298.32,309.06,1423.8,44.43,192.5,0,0,0,0,0
2032,299.30,308.21,1514.8,43.32,86.2,0,0,0,0,0
2033,301.26,310.32,1150.0,53.65,57.6,0,0,0,0,0
2034,301.76,313.11,1365.8,44.90,191.5,0,0,0,0,0
2035,299.89,308.83,1551.7,50.68,232.9,1,0,0,0,1
2036,299.45,308.90,1322.0,59.99,196.7,1,0,0,0,1
2037,300.10,309.68,1315.2,45.77,135.5,0,0,0,0,0
2038,299.40,306.83,1343.3,54.06,178.0,1,0,1,0,0
2039,301.13,310.79,1517.0,42.52,182.3,0,0,0,0,0
2040,297.52,307.71,1387.9,28.79,164.2,0,0,0,0,0
2041,299.39,310.34,1522.0,51.51,59.4,0,0,0,0,0
2042,300.95,310.47,1701.9,32.15,239.4,0,0,0,0,0
2043,301.30,311.57,1639.7,40.11,167.4,0,0,0,0,0
2044,299.95,309.93,1390.8,44.46,182.4,0,0,0,0,0
2045,301.59,309.89,1542.5,39.32,77.3,0,0,0,0,0
2046,295.29,305.02,1566.8,37.62,224.6,0,0,0,0,0
2047,299.98,311.12,1533.0,50.39,136.5,0,0,0,0,0
2048,298.49,310.42,1700.7,31.59,200.8,0,0,0,0,0
2049,301.25,311.22,1385.2,41.64,11.7,0,0,0,0,0
2050,301.04,310.72,1503.0,39.04,214.9,0,0,0,0,0
2051,303.50,313.58,1501.5,48.19,171.6,0,0,0,0,0
2052,298.31,308.98,1662.9,43.94,58.0,0,0,0,0,0
2053,296.42,306.40,1756.2,33.46,73.9,0,0,0,0,0
2054,302.81,312.97,1577.2,31.05,227.3,0,0,0,0,0
2055,300.08,310.81,1689.7,25.67,159.2,0,0,0,0,0
2056,299.30,312.54,1603.7,46.16,141.8,0,0,0,0,0
2057,301.58,309.96,1858.2,38.76,147.3,0,0,0,0,0
2058,296.22,305.80,1216.7,48.78,239.8,1,0,0,0,1
2059,298.80,306.57,1652.8,40.12,167.5,0,0,0,0,0
2060,300.11,311.21,1487.6,41.87,227.8,0,0,0,0,0
2061,299.90,310.54,1656.1,41.07,227.3,0,0,0,0,0
2062,300.29,310.90,1808.1,29.06,71.1,0,0,0,0,0
2063,301.52,310.22,1684.0,33.74,224.3,0,0,0,0,0
2064,300.13,309.52,1987.2,29.31,156.3,0,0,0,0,0
2065,298.51,308.07,1422.0,46.80,134.9,0,0,0,0,0
2066,298.63,307.83,1692.8,30.81,192.2,0,0,0,0,0
2067,300.84,311.54,1647.9,31.11,63.6,0,0,0,0,0
2068,302.71,312.86,1622.2,30.72,11.2,0,0,0,0,0
2069,299.64,309.46,1483.6,32.74,6.5,0,0,0,0,0
2070,303.66,313.76,1615.5,32.30,35.1,0,0,0,0,0
2071,299.20,309.78,1531.4,37.96,25.1,0,0,0,0,0
2072,299.19,308.24,1554.3,44.12,101.2,0,0,0,0,0
2073,300.07,308.72,1410.7,51.60,31.8,0,0,0,0,0
2074,304.62,316.59,1528.1,39.91,95.9,0,0,0,0,0
2075,298.73,309.78,1851.6,38.38,244.7,0,0,0,0,0
2076,298.28,306.83,1516.3,30.96,214.2,0,0,0,0,0
2077,302.14,311.60,1593.6,37.40,46.1,0,0,0,0,0
2078,301.22,310.86,1778.0,33.46,13.4,0,0,0,0,0
2079,298.01,306.92,1576.6,37.12,183.6,0,0,0,0,0
2080,300.92,310.39,1429.9,44.84,174.3,0,0,0,0,0
2081,301.92,314.43,1368.9,48.26,186.6,0,0,0,0,0
2082,300.10,311.03,1632.5,38.13,150.1,0,0,0,0,0
2083,301.13,311.94,1255.3,47.65,118.9,0,0,0,0,0
2084,300.51,310.46,1544.2,40.96,76.2,0,0,0,0,0
2085,299.62,309.94,1487.1,29.20,77.3,0,0,0,0,0
2086,298.67,307.19,1417.9,44.82,93.0,0,0,0,0,0
2087,300.69,311.86,1437.0,47.26,125.6,0,0,0,0,0
2088,300.26,309.25,1914.1,34.90,133.5,0,0,0,0,0
2089,298.66,308.54,1428.2,35.15,138.1,0,0,0,0,0
2090,301.10,310.72,1433.1,41.75,92.6,0,0,0,0,0
2091,299.03,309.63,1572.4,41.78,174.7,0,0,0,0,0
2092,300.54,309.47,1462.9,34.68,8.3,0,0,0,0,0
2093,303.77,313.11,1472.4,36.40,206.6,0,0,0,0,0
2094,298.08,307.23,1275.8,51.48,157.9,0,0,0,0,0
2095,299.60,308.31,1611.3,26.64,168.3,0,0,0,0,0
2096,300.64,310.66,1335.1,37.83,44.4,0,0,0,0,0
2097,299.26,310.76,1628.2,34.27,166.2,0,0,0,0,0
2098,301.41,313.13,1150.0,56.19,31.6,0,0,0,0,0
2099,298.54,309.31,1553.2,45.70,177.8,0,0,0,0,0
2100,296.67,307.54,1768.4,27.17,58.4,0,0,0,0,0
2101,297.81,306.75,1472.4,36.16,96.1,0,0,0,0,0
2102,298.99,309.67,1613.4,39.29,229.9,1,1,0,0,0
2103,302.80,312.00,1416.0,42.06,55.3,0,0,0,0,0
2104,300.99,310.68,1648.1,40.74,92.3,0,0,0,0,0
2105,296.53,307.36,1691.2,29.89,173.7,0,0,0,0,0
2106,297.56,305.71,1659.9,36.36,54.8,0,0,0,0,0
2107,300.17,310.36,1162.4,58.83,127.8,0,0,0,0,0
2108,301.69,311.84,1463.9,43.47,58.2,0,0,0,0,0
2109,298.05,306.58,1801.5,39.13,12.9,0,0,0,0,0
2110,300.68,310.84,1632.8,34.62,17.1,0,0,0,0,0
2111,298.80,309.63,1687.5,37.67,131.5,0,0,0,0,0
2112,300.03,309.04,1391.8,40.38,129.7,0,0,0,0,0
2113,299.79,312.66,1872.4,28.24,99.7,0,0,0,0,0
2114,303.31,314.46,1345.9,48.65,27.5,0,0,0,0,0
2115,298.54,308.61,1340.0,47.65,71.4,0,0,0,0,0
2116,299.04,308.41,1576.8,33.92,33.9,0,0,0,0,0
2117,302.58,313.94,1575.2,38.79,210.2,1,1,0,0,0
2118,299.36,309.92,1452.4,41.88,112.6,0,0,0,0,0
2119,301.79,312.30,1688.1,34.51,86.3,0,0,0,0,0
2120,297.67,307.56,1624.0,36.79,43.5,0,0,0,0,0
2121,297.81,307.41,1493.4,43.72,70.5,0,0,0,0,0
2122,300.82,311.06,1195.6,52.89,203.5,0,0,0,0,0
2123,300.06,310.15,1737.4,24.55,126.7,0,0,0,0,0
2124,297.34,307.34,1359.3,49.66,188.4,0,0,0,0,0
2125,299.98,309.21,1338.3,41.69,99.4,0,0,0,0,0
2126,302.81,313.25,1780.5,25.95,167.3,0,0,0,0,0
2127,301.49,313.04,1490.4,39.94,153.4,0,0,0,0,0
2128,301.80,310.57,1462.4,40.88,83.5,0,0,0,0,0
2129,298.50,308.73,1456.9,29.49,51.2,0,0,0,0,0
2130,300.71,310.55,1790.0,37.94,213.0,1,1,0,0,0
2131,301.41,312.93,1589.7,28.08,107.1,0,0,0,0,0
2132,298.56,308.69,1523.0,43.07,214.4,0,0,0,0,0
2133,300.96,310.51,1275.5,31.84,25.1,0,0,0,0,0
2134,297.63,308.23,1436.0,47.10,159.1,0,0,0,0,0
2135,300.55,309.23,1528.8,38.04,117.1,0,0,0,0,0
2136,299.18,309.99,1770.0,31.59,128.8,0,0,0,0,0
2137,303.96,314.12,1386.7,39.03,205.3,0,0,0,0,0
2138,299.14,310.55,1605.4,40.81,139.3,0,0,0,0,0
2139,300.02,308.41,1679.8,36.96,242.5,0,0,0,0,0
2140,298.22,308.33,1219.8,65.48,186.5,1,0,0,0,1
2141,302.75,311.99,1531.9,38.68,160.7,0,0,0,0,0
2142,297.27,308.77,1560.1,42.71,46.3,0,0,0,0,0
2143,298.97,310.75,1307.5,52.91,18.6,0,0,0,0,0
2144,296.40,306.13,1516.6,41.53,88.3,0,0,0,0,0
2145,297.42,306.71,1358.3,44.51,10.1,0,0,0,0,0
2146,301.39,312.85,1566.4,49.38,25.1,0,0,0,0,0
2147,300.96,311.99,1683.6,33.19,25.8,0,0,0,0,0
2148,301.70,312.14,1700.4,23.25,114.5,0,0,0,0,0
2149,301.63,311.47,1670.9,30.38,156.5,0,0,0,0,0
2150,300.77,310.17,1608.8,28.74,175.9,0,0,0,0,0
2151,300.28,308.40,1554.8,38.28,210.1,0,0,0,0,0
2152,295.00,304.97,1554.1,42.44,114.4,0,0,0,0,0
2153,300.00,311.97,1574.1,41.17,112.2,0,0,0,0,0
2154,298.48,307.61,1743.5,38.74,52.3,0,0,0,0,0
2155,301.11,311.29,1591.4,34.60,77.5,0,0,0,0,0
2156,301.29,311.92,1395.5,46.05,85.7,0,0,0,0,0
2157,299.20,310.08,1450.5,35.42,110.9,0,0,0,0,0
2158,298.40,307.40,1531.0,37.90,231.9,0,0,0,0,0
2159,302.13,311.07,1559.8,45.56,10.8,0,0,0,0,0
2160,299.86,309.14,1629.5,29.77,221.6,1,1,0,0,0
2161,298.52,309.18,1587.8,44.32,166.1,0,0,0,0,0
2162,301.91,312.28,1582.2,35.23,65.3,0,0,0,0,0
2163,300.95,309.43,1397.8,46.84,66.5,0,0,0,0,0
2164,302.67,313.04,1521.1,42.79,144.2,0,0,0,0,0
2165,299.03,309.42,1489.6,34.01,32.4,0,0,0,0,0
2166,300.83,310.93,1721.5,25.95,67.8,0,0,0,0,0
2167,300.99,310.80,1944.8,27.34,137.3,0,0,0,0,0
2168,301.37,310.86,1387.1,39.72,15.1,0,0,0,0,0
2169,296.05,305.51,1481.6,43.05,131.7,0,0,0,0,0
2170,297.64,308.16,1433.9,50.92,170.1,0,0,0,0,0
2171,301.98,310.38,1430.4,52.18,145.0,0,0,0,0,0
2172,302.92,314.25,1377.9,46.14,95.3,0,0,0,0,0
2173,299.93,306.99,1458.4,33.69,244.2,0,0,0,0,0
2174,299.99,309.57,1554.9,48.16,143.1,0,0,0,0,0
2175,302.78,312.37,1423.9,44.45,120.9,0,0,0,0,0
2176,299.93,309.13,1248.4,53.67,26.4,0,0,0,0,0
2177,300.93,311.25,1332.0,42.90,69.6,0,0,0,0,0
2178,297.91,307.14,1739.3,29.44,119.3,0,0,0,0,0
2179,298.13,309.80,1280.5,44.04,143.4,0,0,0,0,0
2180,298.43,308.57,1852.9,26.90,239.6,1,1,0,0,0
2181,301.36,310.68,1608.2,32.48,156.4,0,0,0,0,0
2182,300.91,310.20,1904.4,24.18,14.4,0,0,0,0,0
2183,303.88,313.80,2352.1,5.00,41.0,1,0,0,1,0
2184,299.70,309.31,1607.0,40.17,94.9,0,0,0,0,0
2185,298.57,308.01,1547.5,46.18,35.2,0,0,0,0,0
2186,300.76,309.58,1802.1,28.51,25.6,0,0,0,0,0
2187,302.23,313.04,1534.6,38.82,32.4,0,0,0,0,0
2188,295.71,306.00,1707.3,25.07,196.1,0,0,0,0,0
2189,302.93,313.48,1610.7,33.51,36.2,0,0,0,0,0
2190,298.58,307.68,1509.7,39.33,239.4,0,0,0,0,0
2191,299.08,308.97,1293.4,45.77,146.7,0,0,0,0,0
2192,299.67,307.23,1548.0,38.33,27.6,0,0,0,0,0
2193,299.13,309.32,1427.8,57.53,80.6,0,0,0,0,0
2194,298.82,307.31,1533.4,46.15,56.6,0,0,0,0,0
2195,298.05,308.48,1754.2,30.77,64.5,0,0,0,0,0
2196,302.35,313.26,1504.0,37.98,37.7,0,0,0,0,0
2197,300.32,311.07,1821.2,28.97,67.9,0,0,0,0,0
2198,300.57,310.58,1287.4,57.26,10.6,0,0,0,0,0
2199,300.12,309.58,1594.0,48.57,243.7,1,1,0,0,1
2200,297.73,309.01,1183.9,48.06,156.9,0,0,0,0,0
2201,302.56,313.64,1380.2,38.22,149.4,0,0,0,0,0
2202,300.18,311.05,1453.2,43.23,111.8,0,0,0,0,0
2203,299.81,311.32,1648.4,47.89,44.2,0,0,0,0,0
2204,298.17,308.27,1708.8,24.44,70.2,0,0,0,0,0
2205,300.90,309.76,1568.6,42.20,129.0,0,0,0,0,0
2206,300.98,311.46,1479.6,38.14,72.9,0,0,0,0,0
2207,296.58,307.62,1487.7,39.09,217.5,0,0,0,0,0
2208,302.38,312.83,1471.7,45.89,204.6,0,0,0,0,0
2209,301.62,311.35,1558.3,40.98,184.0,0,0,0,0,0
2210,302.27,312.27,1405.8,40.29,40.7,0,0,0,0,0
2211,300.68,311.08,1360.1,49.37,168.1,0,0,0,0,0
2212,297.85,307.83,1356.7,62.43,183.2,1,0,0,0,1
2213,300.22,310.77,1487.9,33.88,157.9,0,0,0,0,0
2214,301.28,311.37,1910.0,29.91,76.4,0,0,0,0,0
2215,300.25,311.19,1470.7,39.10,22.2,0,0,0,0,0
2216,300.88,311.70,1235.9,54.85,154.0,0,0,0,0,0
2217,299.81,310.33,1545.0,32.44,173.0,0,0,0,0,0
2218,299.77,310.89,1637.0,32.21,146.6,0,0,0,0,0
2219,303.00,313.87,1584.2,39.51,12.8,0,0,0,0,0
2220,304.27,313.90,1574.9,34.97,25.3,0,0,0,0,0
2221,298.94,308.42,1817.1,30.56,30.4,0,0,0,0,0
2222,298.06,307.54,1533.0,46.01,231.1,0,0,0,0,0
2223,305.30,315.69,1366.4,44.90,163.4,0,0,0,0,0
2224,300.35,308.75,1651.7,29.92,171.2,0,0,0,0,0
2225,299.20,307.56,1327.8,55.58,222.8,1,0,1,0,1
2226,296.60,306.21,1649.5,33.03,178.2,0,0,0,0,0
2227,304.98,316.06,1764.5,38.77,221.1,0,0,0,0,0
2228,300.30,310.94,1759.5,31.50,55.4,0,0,0,0,0
2229,301.56,310.43,1305.1,43.79,105.7,0,0,0,0,0
2230,302.20,311.28,1530.8,50.17,153.6,0,0,0,0,0
2231,300.49,310.19,1698.1,33.54,132.3,0,0,0,0,0
2232,301.00,309.94,1690.3,29.83,26.3,0,0,0,0,0
2233,302.35,311.48,1348.8,55.71,196.2,0,0,0,0,0
2234,299.30,309.91,1347.7,68.50,141.6,1,0,0,1,0
2235,300.25,310.16,1598.9,32.71,82.7,0,0,0,0,0
2236,304.99,317.13,1547.4,44.21,240.3,0,0,0,0,0
2237,299.40,309.22,1932.8,28.32,122.9,0,0,0,0,0
2238,298.06,307.36,1639.6,23.63,209.1,0,0,0,0,0
2239,299.92,309.89,1585.4,32.57,124.0,0,0,0,0,0
2240,302.45,312.40,1297.2,61.88,167.7,0,0,0,0,0
2241,296.75,306.48,1489.5,45.54,67.2,0,0,0,0,0
2242,301.49,311.56,1182.5,54.03,244.3,1,1,0,0,1
2243,297.78,308.95,1646.7,30.52,157.0,0,0,0,0,0
2244,300.96,311.21,1501.2,35.84,31.3,0,0,0,0,0
2245,298.73,308.18,1726.1,37.88,11.5,0,0,0,0,0
2246,297.04,306.94,1671.1,35.36,86.3,0,0,0,0,0
2247,299.64,309.43,1872.8,21.92,214.2,0,0,0,0,0
2248,298.22,305.59,1431.1,39.25,105.0,0,0,0,0,0
2249,298.27,308.50,1302.3,46.18,178.4,0,0,0,0,0
2250,300.67,311.55,1660.2,37.73,61.7,0,0,0,0,0
2251,301.33,312.15,1445.6,36.31,116.9,0,0,0,0,0
2252,300.30,310.63,1601.2,37.38,106.6,0,0,0,0,0
2253,304.46,315.25,1495.4,37.98,12.1,0,0,0,0,0
2254,299.83,310.01,1676.7,33.65,159.1,0,0,0,0,0
2255,297.99,306.51,1611.0,35.21,205.4,0,0,0,0,0
2256,296.54,307.21,1671.7,31.29,19.7,0,0,0,0,0
2257,299.83,309.73,1273.8,49.78,171.6,0,0,0,0,0
2258,302.37,311.71,1665.2,40.02,80.1,0,0,0,0,0
2259,300.82,311.06,1566.3,26.78,212.6,0,0,0,0,0
2260,297.83,308.80,1753.4,39.92,52.2,0,0,0,0,0
2261,299.82,310.35,1548.4,34.67,100.7,0,0,0,0,0
2262,298.02,308.53,1252.7,54.06,40.2,0,0,0,0,0
2263,300.04,308.80,1586.1,34.03,230.7,0,0,0,0,0
2264,300.71,311.09,1442.5,33.23,233.7,0,0,0,0,0
2265,302.34,312.73,1688.8,25.05,120.4,0,0,0,0,0
2266,299.12,307.73,1428.3,52.02,184.4,0,0,0,0,0
2267,299.62,309.44,1433.0,53.56,194.2,0,0,0,0,0
2268,300.06,310.92,1673.2,36.33,118.3,0,0,0,0,0
2269,299.52,310.54,1675.7,38.52,36.3,0,0,0,0,0
2270,297.70,309.26,1524.7,41.26,188.0,0,0,0,0,0
2271,298.92,307.59,1656.0,16.33,167.4,1,0,0,1,0
2272,295.53,304.63,1509.0,38.89,65.8,0,0,0,0,0
2273,297.43,308.62,1541.3,32.06,204.4,0,0,0,0,0
2274,298.53,309.94,1590.8,44.01,196.9,0,0,0,0,0
2275,300.26,310.27,1896.2,28.73,111.5,0,0,0,0,0
2276,295.43,306.03,1638.7,29.89,200.0,0,0,0,0,0
2277,298.18,307.65,1537.1,29.48,96.2,0,0,0,0,0
2278,297.91,308.10,1541.6,35.46,184.7,0,0,0,0,0
2279,305.29,314.98,1150.0,40.41,178.5,0,0,0,0,0
2280,301.03,309.77,1512.4,44.83,115.0,0,0,0,0,0
2281,300.93,309.59,1537.9,44.89,137.0,0,0,0,0,0
2282,302.00,312.34,1711.2,34.46,230.1,0,0,0,0,0
2283,298.52,307.39,1250.4,42.11,197.5,0,0,0,0,0
2284,302.00,313.28,1584.7,44.44,39.3,0,0,0,0,0
2285,300.61,309.31,1451.6,41.85,4.6,0,0,0,0,0
2286,300.34,309.04,1898.3,33.25,104.2,0,0,0,0,0
2287,301.47,312.52,1801.9,28.23,26.8,0,0,0,0,0
2288,302.50,311.83,1590.0,30.71,98.7,0,0,0,0,0
2289,296.25,307.22,1566.8,39.66,209.8,0,0,0,0,0
2290,299.88,308.69,1472.6,46.16,210.0,0,0,0,0,0
2291,305.77,315.88,1666.4,27.56,97.9,0,0,0,0,0
2292,302.69,313.13,1232.6,53.15,63.3,0,0,0,0,0
2293,300.60,309.88,1773.1,31.61,145.2,0,0,0,0,0
2294,298.88,307.36,1365.8,45.89,45.3,1,0,1,0,0
2295,298.71,309.63,1374.0,57.94,10.9,0,0,0,0,0
2296,303.91,314.00,1682.4,30.48,214.5,1,1,0,0,0
2297,300.95,312.04,1522.5,33.61,99.8,0,0,0,0,0
2298,298.18,309.27,1720.1,24.11,93.4,0,0,0,0,0
2299,301.56,311.03,1626.2,46.38,132.2,0,0,0,0,0
2300,299.07,308.22,1552.9,37.94,48.6,0,0,0,0,0
2301,298.49,307.57,1487.2,46.17,150.7,0,0,0,0,0
2302,299.11,312.25,1857.8,24.31,172.2,0,0,0,0,0
2303,298.38,307.09,1605.9,42.62,118.4,0,0,0,0,0
2304,296.77,306.50,1582.8,31.59,202.7,0,0,0,0,0
2305,301.43,312.02,1483.4,41.35,127.3,0,0,0,0,0
2306,300.08,308.66,1511.1,34.69,230.1,0,0,0,0,0
2307,295.81,306.27,1791.1,26.17,58.4,0,0,0,0,0
2308,293.59,302.91,1675.5,28.54,137.4,0,0,0,0,0
2309,301.17,310.87,1488.0,41.75,227.3,1,1,0,0,0
2310,302.95,313.13,1657.7,37.81,114.3,0,0,0,0,0
2311,305.20,314.26,1657.1,35.61,186.0,0,0,0,0,0
2312,299.69,309.44,1365.6,36.43,91.7,0,0,0,0,0
2313,300.47,309.39,1299.8,42.62,216.1,0,0,0,0,0
2314,297.71,309.09,1443.9,42.98,15.1,0,0,0,0,0
2315,296.40,307.43,1548.0,39.73,197.4,0,0,0,0,0
2316,300.35,310.65,1618.0,39.09,144.6,0,0,0,0,0
2317,298.68,310.25,1533.4,45.44,221.2,1,1,0,0,0
2318,300.40,309.40,1680.9,47.36,57.9,0,0,0,0,0
2319,300.79,309.74,1838.4,24.66,2.0,0,0,0,0,0
2320,297.11,306.67,1473.6,33.36,169.6,0,0,0,0,0
2321,302.16,311.08,1698.8,40.50,100.3,0,0,0,0,0
2322,301.28,310.04,1594.8,40.91,60.3,0,0,0,0,0
2323,303.49,312.41,1662.4,42.26,219.8,1,1,0,0,0
2324,301.71,313.19,1538.9,33.51,53.2,0,0,0,0,0
2325,298.59,308.82,1997.3,14.82,37.6,1,0,0,1,0
2326,298.95,308.70,1682.2,33.18,81.7,0,0,0,0,0
2327,299.87,309.60,1751.1,29.79,5.8,0,0,0,0,0
2328,297.64,306.80,1572.9,42.26,243.7,0,0,0,0,0
2329,301.51,310.59,1786.7,24.55,91.5,0,0,0,0,0
2330,300.31,310.15,1451.6,37.13,218.0,0,0,0,0,0
2331,304.12,314.62,1605.5,32.89,90.8,0,0,0,0,0
2332,299.01,309.78,1768.8,28.12,57.8,0,0,0,0,0
2333,299.06,310.29,1377.2,54.89,79.2,0,0,0,0,0
2334,303.43,313.22,1392.3,37.64,221.5,0,0,0,0,0
2335,301.72,312.68,1715.5,32.86,93.0,0,0,0,0,0
2336,297.59,306.97,1257.5,56.91,9.5,0,0,0,0,0
2337,298.34,308.26,1429.2,47.86,115.1,0,0,0,0,0
2338,301.18,311.26,1932.5,22.68,102.3,0,0,0,0,0
2339,299.11,309.39,1701.1,35.16,99.2,0,0,0,0,0
2340,299.70,308.98,1236.2,48.80,235.4,1,1,0,0,1
2341,299.21,308.57,1400.6,53.25,152.6,0,0,0,0,0
2342,304.87,313.62,1469.9,40.31,104.9,0,0,0,0,0
2343,297.45,306.66,1675.8,36.23,86.5,0,0,0,0,0
2344,297.51,306.12,1190.2,47.46,71.8,0,0,0,0,0
2345,299.76,309.34,1691.1,42.47,33.6,0,0,0,0,0
2346,300.93,311.43,1423.0,41.01,35.0,0,0,0,0,0
2347,299.21,309.68,1584.0,43.78,47.6,0,0,0,0,0
2348,296.74,307.90,1416.5,34.36,66.2,0,0,0,0,0
2349,299.50,309.35,1480.4,47.52,50.2,0,0,0,0,0
2350,298.12,309.38,1560.4,37.91,28.1,0,0,0,0,0
2351,302.44,313.14,1474.2,56.52,62.7,0,0,0,0,0
2352,302.16,315.24,1562.6,48.01,2.2,0,0,0,0,0
2353,298.53,308.80,1732.7,32.36,85.4,0,0,0,0,0
2354,299.33,308.94,1854.2,37.17,85.3,0,0,0,0,0
2355,301.92,311.16,1522.9,38.59,82.1,0,0,0,0,0
2356,302.35,312.90,1603.1,34.99,40.3,0,0,0,0,0
2357,298.27,309.10,1345.0,49.76,59.1,0,0,0,0,0
2358,302.97,313.80,1230.1,52.95,132.3,0,0,0,0,0
2359,302.00,311.80,1823.7,28.93,4.0,0,0,0,0,0
2360,304.20,313.16,1853.1,22.10,181.1,0,0,0,0,0
2361,301.96,312.64,1291.3,43.09,128.1,0,0,0,0,0
2362,296.69,305.54,1173.4,43.30,32.8,0,0,0,0,0
2363,300.25,310.21,1404.5,47.05,115.2,0,0,0,0,0
2364,300.66,310.87,1698.4,35.70,244.1,0,0,0,0,0
2365,300.85,311.55,1413.9,39.87,58.2,0,0,0,0,0
2366,301.56,308.81,1706.2,36.21,216.0,0,0,0,0,0
2367,299.50,310.41,1545.0,38.63,21.0,0,0,0,0,0
2368,300.54,310.62,1542.3,36.67,183.5,0,0,0,0,0
2369,299.53,308.54,1442.3,46.70,192.7,0,0,0,0,0
2370,296.04,306.87,1454.6,48.67,80.5,0,0,0,0,0
2371,299.41,308.86,1291.3,50.16,222.8,1,0,0,0,1
2372,297.82,306.93,1495.8,47.70,98.5,0,0,0,0,0
2373,301.11,310.61,1826.3,24.00,64.0,0,0,0,0,0
2374,304.34,314.01,1376.8,46.72,158.5,0,0,0,0,0
2375,300.19,310.20,1898.6,40.69,159.2,0,0,0,0,0
2376,299.96,310.49,1307.6,51.37,131.2,0,0,0,0,0
2377,299.84,308.15,1440.0,45.14,226.3,1,1,0,0,0
2378,299.60,309.25,1775.0,40.16,191.0,0,0,0,0,0
2379,299.80,309.62,1187.0,45.83,87.9,0,0,0,0,0
2380,299.97,309.75,1652.9,43.57,117.4,0,0,0,0,0
2381,301.93,312.75,1456.8,41.04,89.4,0,0,0,0,0
2382,299.89,310.78,1150.0,52.48,31.3,0,0,0,0,0
2383,299.42,310.17,1627.7,39.27,56.7,0,0,0,0,0
2384,298.08,307.98,1503.6,46.49,33.3,0,0,0,0,0
2385,299.19,309.09,1391.4,49.26,164.3,0,0,0,0,0
2386,300.55,310.16,1664.1,39.42,187.1,0,0,0,0,0
2387,302.28,312.44,1592.2,35.30,72.0,0,0,0,0,0
2388,300.42,310.01,1475.8,45.88,235.8,1,1,0,0,0
2389,300.84,309.50,1596.5,31.55,46.9,0,0,0,0,0
2390,300.45,309.24,1577.6,32.43,218.3,0,0,0,0,0
2391,297.07,307.15,1631.9,35.63,9.7,0,0,0,0,0
2392,299.46,308.69,1450.8,34.72,94.2,0,0,0,0,0
2393,301.38,311.26,1416.4,39.09,120.8,0,0,0,0,0
2394,301.20,311.26,1418.2,37.67,32.5,0,0,0,0,0
2395,300.55,310.31,1485.9,48.39,190.3,0,0,0,0,0
2396,299.45,310.39,1408.5,38.37,115.1,0,0,0,0,0
2397,301.84,313.95,1381.9,45.83,94.1,0,0,0,0,0
2398,299.12,309.59,1474.5,33.99,67.6,0,0,0,0,0
2399,303.61,315.66,1433.1,40.71,194.1,0,0,0,0,0
2400,300.14,309.24,1384.9,48.06,44.2,0,0,0,0,0
2401,302.05,312.26,1674.3,38.90,58.7,0,0,0,0,0
2402,298.75,307.55,1305.5,47.59,102.0,0,0,0,0,0
2403,299.77,309.47,1428.6,48.87,17.5,0,0,0,0,0
2404,301.14,310.99,1643.4,37.26,49.0,0,0,0,0,0
2405,299.90,309.58,1275.3,45.89,160.2,0,0,0,0,0
2406,298.83,308.14,1539.9,30.70,18.7,0,0,0,0,0
2407,304.30,315.45,1451.7,41.03,87.7,0,0,0,0,0
2408,300.95,310.60,1407.2,48.01,111.0,0,0,0,0,0
2409,301.41,309.88,1232.0,49.12,16.6,1,0,1,0,0
2410,297.77,308.50,1152.6,56.47,118.9,0,0,0,0,0
2411,299.55,310.58,1333.2,41.10,40.2,0,0,0,0,0
2412,299.14,309.90,1580.5,31.72,111.9,0,0,0,0,0
2413,299.28,309.74,1185.8,46.94,6.7,0,0,0,0,0
2414,298.68,306.15,1229.5,57.47,66.9,1,0,1,0,0
2415,302.05,311.52,1244.1,48.93,216.1,0,0,0,0,0
2416,299.47,309.33,1894.3,24.35,123.7,0,0,0,0,0
2417,303.38,312.49,1539.4,38.05,236.1,0,0,0,0,0
2418,300.83,312.05,1493.0,42.00,97.6,0,0,0,0,0
2419,299.58,309.95,1267.8,53.57,213.0,1,0,0,0,1
2420,299.18,308.67,1540.2,46.24,16.3,0,0,0,0,0
2421,295.71,305.38,1616.5,30.55,193.6,0,0,0,0,0
2422,301.59,311.17,1674.6,39.91,122.9,0,0,0,0,0
2423,295.94,306.48,1466.4,45.99,56.4,0,0,0,0,0
2424,300.98,310.45,1740.7,30.53,167.4,0,0,0,0,0
2425,300.02,309.88,1459.5,41.05,53.6,0,0,0,0,0
2426,299.99,308.17,1615.6,41.03,76.7,0,0,0,0,0
2427,301.51,311.81,1585.9,38.37,107.3,0,0,0,0,0
2428,301.45,309.91,1340.6,38.50,96.8,1,0,1,0,0
2429,298.85,309.30,1645.3,43.67,4.1,0,0,0,0,0
2430,302.40,313.81,1746.5,31.84,108.5,0,0,0,0,0
2431,299.26,309.72,1516.1,48.58,91.4,0,0,0,0,0
2432,300.42,308.02,1771.9,31.85,98.9,0,0,0,0,0
2433,300.81,311.33,1784.3,25.63,105.0,0,0,0,0,0
2434,301.76,310.49,1426.0,39.13,121.1,0,0,0,0,0
2435,301.46,310.38,1504.9,35.90,159.0,0,0,0,0,0
2436,301.80,312.60,1490.1,37.46,170.9,0,0,0,0,0
2437,300.95,311.35,1345.0,46.74,207.8,0,0,0,0,0
2438,297.46,308.48,1450.4,41.51,110.8,0,0,0,0,0
2439,299.73,309.61,1240.2,54.68,235.1,1,0,0,0,1
2440,301.80,311.45,1732.6,33.73,188.0,0,0,0,0,0
2441,295.86,304.83,1408.1,45.07,19.0,0,0,0,0,0
2442,298.99,308.18,1594.8,31.65,219.0,0,0,0,0,0
2443,297.70,308.20,1441.5,45.22,48.8,0,0,0,0,0
2444,302.79,310.30,1584.9,41.13,146.0,0,0,0,0,0
2445,301.39,310.82,1572.8,35.58,120.7,0,0,0,0,0
2446,299.22,309.28,1626.3,41.71,67.9,0,0,0,0,0
2447,303.24,315.87,1825.7,22.27,147.3,0,0,0,0,0
2448,299.95,309.78,1579.2,35.71,8.4,0,0,0,0,0
2449,302.98,315.16,1449.9,37.50,80.2,0,0,0,0,0
2450,299.59,310.98,1463.3,51.09,240.5,1,0,0,0,1
2451,299.71,311.51,1322.4,41.52,5.3,0,0,0,0,0
2452,298.96,309.09,1756.2,31.81,54.7,0,0,0,0,0
2453,302.98,312.79,1265.8,44.64,48.0,0,0,0,0,0
2454,301.43,312.80,1584.4,35.27,234.5,0,0,0,0,0
2455,300.11,310.13,2023.2,17.66,7.7,0,0,0,0,0
2456,300.57,312.19,1534.0,41.76,182.0,0,0,0,0,0
2457,301.35,312.17,1478.3,40.95,80.2,0,0,0,0,0
2458,300.78,309.58,1304.1,51.12,85.9,0,0,0,0,0
2459,306.40,315.37,1403.9,39.34,14.9,0,0,0,0,0
2460,301.69,311.95,1239.9,55.70,185.7,0,0,0,0,0
2461,301.85,311.69,1595.5,50.15,236.7,1,0,0,0,1
2462,299.53,311.18,1575.9,31.21,152.9,0,0,0,0,0
2463,299.54,309.91,1573.0,36.26,203.3,0,0,0,0,0
2464,299.78,308.75,1590.7,39.08,167.8,0,0,0,0,0
2465,297.10,305.29,1368.3,36.66,188.1,1,0,1,0,0
2466,300.66,309.97,1536.4,40.23,170.3,0,0,0,0,0
2467,299.46,308.84,1815.5,34.02,64.5,0,0,0,0,0
2468,298.30,308.85,1397.4,42.08,160.6,0,0,0,0,0
2469,300.29,310.44,1642.6,25.87,70.5,0,0,0,0,0
2470,301.21,310.66,1392.1,56.72,70.8,0,0,0,0,0
2471,301.15,311.71,1473.6,48.23,197.5,0,0,0,0,0
2472,301.83,310.89,1387.5,43.86,99.1,0,0,0,0,0
2473,296.25,307.47,1375.1,37.95,244.1,0,0,0,0,0
2474,299.29,310.90,1399.1,42.23,115.5,0,0,0,0,0
2475,299.48,308.09,1566.3,39.62,215.2,1,1,0,0,0
2476,299.46,309.95,1203.9,55.78,101.2,0,0,0,0,0
2477,301.70,310.74,1512.7,50.66,110.5,0,0,0,0,0
2478,296.02,306.16,1478.4,41.34,157.2,0,0,0,0,0
2479,299.81,308.70,1787.6,15.57,154.8,1,0,0,1,0
2480,299.24,310.84,1855.0,22.78,211.5,0,0,0,0,0
2481,304.53,315.79,1401.5,44.97,25.4,0,0,0,0,0
2482,298.06,307.45,1710.3,27.43,205.6,0,0,0,0,0
2483,299.57,309.77,1288.1,50.92,198.5,0,0,0,0,0
2484,302.53,311.77,1318.3,47.26,87.8,0,0,0,0,0
2485,296.94,305.47,1640.0,33.55,123.8,0,0,0,0,0
2486,303.81,312.98,1398.1,41.66,155.8,0,0,0,0,0
2487,301.51,311.41,1816.2,32.03,208.3,0,0,0,0,0
2488,299.88,310.71,1639.6,42.69,27.8,0,0,0,0,0
2489,302.75,313.88,1454.7,51.12,33.9,0,0,0,0,0
2490,300.28,309.51,1606.4,38.05,34.8,0,0,0,0,0
2491,296.95,306.01,1670.2,42.23,67.4,0,0,0,0,0
2492,298.82,307.75,2120.8,24.22,163.2,0,0,0,0,0
2493,298.03,309.00,1344.8,52.06,97.9,0,0,0,0,0
2494,301.08,309.64,1630.4,36.83,235.1,0,0,0,0,0
2495,301.55,311.90,1399.3,42.35,63.1,0,0,0,0,0
2496,299.37,311.34,1543.0,43.88,11.9,0,0,0,0,0
2497,299.88,311.09,1359.7,41.17,139.4,0,0,0,0,0
2498,301.74,311.52,1782.2,31.45,230.7,0,0,0,0,0
2499,298.45,308.67,1372.3,38.57,3.6,0,0,0,0,0
2500,302.89,310.82,1562.7,42.30,132.0,0,0,0,0,0
2501,300.64,310.47,1283.5,63.83,82.5,0,0,0,0,0
2502,299.83,310.43,1442.2,44.02,158.3,0,0,0,0,0
2503,297.52,307.33,1383.7,50.04,87.7,0,0,0,0,0
2504,300.62,310.40,1504.4,42.53,119.4,0,0,0,0,0
2505,301.03,311.30,1437.5,48.56,241.5,1,0,0,0,1
2506,298.86,308.78,1687.1,33.08,47.3,0,0,0,0,0
2507,302.12,312.51,1443.3,46.23,15.7,0,0,0,0,0
2508,300.18,309.32,1410.4,35.53,186.7,0,0,0,0,0
2509,301.22,312.40,1587.3,38.89,74.5,0,0,0,0,0
2510,301.90,311.37,1297.8,52.38,35.2,0,0,0,0,0
2511,294.61,304.83,1718.2,30.67,111.4,0,0,0,0,0
2512,298.02,308.34,1456.1,39.64,169.3,0,0,0,0,0
2513,300.93,310.14,1403.5,40.53,216.2,0,0,0,0,0
2514,297.31,307.93,1892.4,15.50,112.0,1,0,0,1,0
2515,299.99,308.31,1739.5,31.82,29.9,0,0,0,0,0
2516,304.51,314.15,1446.6,45.81,40.6,0,0,0,0,0
2517,300.05,309.42,1279.6,51.19,15.3,0,0,0,0,0
2518,300.75,309.99,1490.9,39.96,190.1,0,0,0,0,0
2519,300.21,311.52,1624.4,29.09,155.1,0,0,0,0,0
2520,300.16,307.52,1467.8,41.38,54.4,0,0,0,0,0
2521,297.30,307.59,1379.0,45.47,18.2,0,0,0,0,0
2522,299.59,310.12,1324.5,49.81,93.9,0,0,0,0,0
2523,302.94,313.95,1653.8,36.10,187.3,0,0,0,0,0
2524,300.48,310.80,1403.2,48.30,197.4,0,0,0,0,0
2525,301.95,312.57,1863.6,29.31,155.1,0,0,0,0,0
2526,301.20,311.17,1347.9,47.21,208.6,0,0,0,0,0
2527,303.23,311.94,1427.7,48.45,11.6,0,0,0,0,0
2528,300.04,310.83,1595.2,40.23,27.6,0,0,0,0,0
2529,300.33,311.96,1484.2,45.25,101.8,0,0,0,0,0
2530,297.79,308.18,1635.5,39.45,32.7,0,0,0,0,0
2531,299.14,308.86,1460.5,46.32,137.8,0,0,0,0,0
2532,304.21,315.14,1355.0,49.82,209.5,0,0,0,0,0
2533,300.78,310.67,1485.4,36.83,69.2,0,0,0,0,0
2534,300.02,311.13,1203.5,53.50,101.0,0,0,0,0,0
2535,297.44,308.89,1664.5,46.63,64.1,0,0,0,0,0
2536,300.98,311.66,1341.0,54.02,226.0,1,0,0,0,1
2537,299.87,309.24,1522.3,42.11,40.1,0,0,0,0,0
2538,298.21,308.33,1509.2,43.97,130.3,0,0,0,0,0
2539,298.61,309.17,1309.3,47.68,236.6,1,0,0,0,1
2540,301.16,312.12,1552.0,35.69,103.7,0,0,0,0,0
2541,301.17,311.01,1343.2,32.09,13.2,0,0,0,0,0
2542,297.73,309.41,1162.1,52.97,174.3,0,0,0,0,0
2543,302.57,312.88,1552.9,34.74,115.3,0,0,0,0,0
2544,299.68,309.49,1504.9,38.50,128.9,0,0,0,0,0
2545,301.78,310.98,1737.6,38.83,112.6,0,0,0,0,0
2546,298.30,309.51,1424.5,35.28,190.7,0,0,0,0,0
2547,298.07,307.30,1595.1,53.53,200.6,0,0,0,0,0
2548,301.49,310.43,1700.8,36.10,37.5,0,0,0,0,0
2549,301.44,313.55,1682.9,40.67,83.2,0,0,0,0,0
2550,300.05,311.46,1549.2,32.19,168.8,0,0,0,0,0
2551,298.62,309.35,1478.9,33.65,214.4,0,0,0,0,0
2552,298.01,308.09,1688.3,42.92,40.5,0,0,0,0,0
2553,298.36,307.37,1565.6,35.89,219.3,0,0,0,0,0
2554,297.17,308.12,1513.2,43.11,72.7,0,0,0,0,0
2555,302.16,313.37,1690.8,23.78,188.8,0,0,0,0,0
2556,301.57,312.10,1447.4,50.34,194.8,0,0,0,0,0
2557,299.99,308.42,1357.1,41.87,36.3,1,0,1,0,0
2558,301.81,312.52,1653.1,50.31,120.1,0,0,0,0,0
2559,297.46,307.67,1693.0,34.21,100.0,0,0,0,0,0
2560,299.77,310.08,1459.9,41.44,35.3,0,0,0,0,0
2561,300.02,309.18,1851.8,28.53,142.7,0,0,0,0,0
2562,302.99,312.17,1371.0,40.53,242.8,1,1,0,0,0
2563,302.19,314.13,1385.7,32.60,183.3,0,0,0,0,0
2564,300.64,310.51,1646.3,39.05,93.8,0,0,0,0,0
2565,299.16,307.81,1515.1,33.27,54.9,0,0,0,0,0
2566,300.89,311.29,1385.7,45.40,113.7,0,0,0,0,0
2567,300.51,309.14,1577.7,42.40,49.0,0,0,0,0,0
2568,299.93,309.62,1236.7,43.67,1.8,0,0,0,0,0
2569,295.54,303.98,1519.2,40.64,192.5,0,0,0,0,0
2570,302.32,311.80,1471.7,47.34,137.0,0,0,0,0,0
2571,301.61,311.35,1607.1,35.06,141.6,0,0,0,0,0
2572,304.47,314.00,1647.8,28.16,236.9,0,0,0,0,0
2573,297.92,307.86,1765.1,35.94,174.5,0,0,0,0,0
2574,296.69,307.11,1596.2,45.19,30.9,0,0,0,0,0
2575,300.09,311.89,1564.6,28.59,40.6,0,0,0,0,0
2576,300.68,311.95,1737.7,34.68,186.6,0,0,0,0,0
2577,302.52,313.54,1383.7,49.50,183.1,0,0,0,0,0
2578,301.11,311.98,1280.5,55.26,67.3,0,0,0,0,0
2579,299.57,309.96,1411.0,39.01,63.3,0,0,0,0,0
2580,296.69,306.61,1312.5,50.00,176.4,0,0,0,0,0
2581,301.01,313.01,1311.9,47.95,152.6,0,0,0,0,0
2582,301.19,311.48,1420.2,42.72,117.8,0,0,0,0,0
2583,298.91,308.19,1668.6,33.69,6.7,0,0,0,0,0
2584,297.93,307.72,1639.8,38.89,222.1,0,0,0,0,0
2585,299.38,310.21,1461.7,52.11,130.8,0,0,0,0,0
2586,302.00,311.81,1696.2,34.95,96.2,0,0,0,0,0
2587,297.80,307.19,1456.9,40.43,242.9,0,0,0,0,0
2588,301.79,308.74,1404.9,41.54,81.8,0,0,0,0,0
2589,301.18,310.06,1669.0,32.44,97.0,0,0,0,0,0
2590,303.90,314.25,1366.5,49.10,205.7,0,0,0,0,0
2591,303.14,313.17,1607.7,31.20,189.1,0,0,0,0,0
2592,298.20,307.18,1656.2,35.78,69.1,0,0,0,0,0
2593,298.15,308.98,1752.1,36.32,24.3,0,0,0,0,0
2594,301.30,310.47,1531.8,39.76,170.6,0,0,0,0,0
2595,301.20,312.82,1582.4,37.37,135.5,0,0,0,0,0
2596,299.71,309.29,1461.8,43.34,164.4,0,0,0,0,0
2597,295.74,304.87,1633.8,44.64,43.7,0,0,0,0,0
2598,298.26,308.67,1478.0,33.62,187.0,0,0,0,0,0
2599,302.99,312.53,1586.9,38.56,72.8,0,0,0,0,0
2600,300.44,311.51,1443.0,33.31,19.9,0,0,0,0,0
2601,295.07,306.64,1421.2,49.65,73.4,0,0,0,0,0
2602,295.65,305.50,1447.4,49.71,161.9,0,0,0,0,0
2603,299.65,309.87,1479.7,45.58,160.8,0,0,0,0,0
2604,301.29,310.78,1390.1,40.66,50.3,0,0,0,0,0
2605,300.20,309.82,1626.4,37.62,36.2,0,0,0,0,0
2606,298.03,308.07,1480.5,39.32,229.2,0,0,0,0,0
2607,297.68,307.65,1773.7,24.85,226.9,0,0,0,0,0
2608,299.78,311.16,1201.9,52.19,24.8,0,0,0,0,0
2609,299.01,309.50,1442.4,47.30,138.8,0,0,0,0,0
2610,298.80,307.52,1418.9,46.51,202.4,0,0,0,0,0
2611,300.71,309.84,1732.5,44.45,31.4,0,0,0,0,0
2612,302.12,312.69,1597.5,29.10,195.3,0,0,0,0,0
2613,297.43,308.86,1247.9,45.33,0.3,0,0,0,0,0
2614,303.67,315.17,1524.0,34.72,27.3,0,0,0,0,0
2615,299.72,307.87,1623.6,33.34,62.2,0,0,0,0,0
2616,300.36,310.60,1556.4,24.17,205.5,0,0,0,0,0
2617,299.44,311.00,1632.2,38.05,107.4,0,0,0,0,0
2618,297.42,308.02,1367.4,48.70,219.4,0,0,0,0,0
2619,299.73,309.66,1454.1,40.33,14.4,0,0,0,0,0
2620,303.51,314.84,1319.6,42.59,90.5,0,0,0,0,0
2621,300.00,311.42,1423.0,35.61,201.1,0,0,0,0,0
2622,298.88,310.87,1625.7,36.08,84.5,0,0,0,0,0
2623,300.07,310.53,1446.9,44.08,75.0,0,0,0,0,0
2624,301.43,310.73,1369.7,44.96,108.1,0,0,0,0,0
2625,299.08,309.10,1689.8,48.14,103.7,0,0,0,0,0
2626,302.27,311.71,1478.2,43.12,162.4,0,0,0,0,0
2627,300.89,310.85,1614.1,38.79,179.8,0,0,0,0,0
2628,300.50,310.02,1522.7,46.47,204.0,0,0,0,0,0
2629,299.11,306.57,1558.9,36.60,237.2,0,0,0,0,0
2630,299.69,310.96,1338.7,42.76,8.0,0,0,0,0,0
2631,300.00,312.12,1481.2,34.61,240.1,0,0,0,0,0
2632,301.02,309.43,1518.2,38.58,48.1,0,0,0,0,0
2633,301.21,309.37,1436.7,43.21,237.6,0,0,0,0,0
2634,301.29,311.51,1579.7,41.39,24.5,0,0,0,0,0
2635,300.25,309.29,1524.8,44.26,102.4,0,0,0,0,0
2636,301.80,310.69,1451.8,43.95,136.3,0,0,0,0,0
2637,298.56,307.47,1432.0,55.08,56.2,0,0,0,0,0
2638,298.76,308.42,1787.5,31.71,193.9,0,0,0,0,0
2639,301.18,311.40,1235.8,62.72,52.7,0,0,0,0,0
2640,299.20,308.06,1150.0,56.42,241.6,1,0,0,0,1
2641,300.97,311.93,1520.1,39.71,73.6,0,0,0,0,0
2642,301.44,310.77,1618.4,29.62,170.9,0,0,0,0,0
2643,302.06,312.32,1488.8,39.63,89.4,0,0,0,0,0
2644,299.36,309.13,1531.8,31.44,40.3,0,0,0,0,0
2645,300.62,307.82,1931.2,29.56,155.6,0,0,0,0,0
2646,301.18,312.17,1727.6,27.85,148.4,0,0,0,0,0
2647,301.64,311.23,1537.7,44.80,226.3,0,0,0,0,0
2648,298.01,309.49,1609.3,42.74,53.5,0,0,0,0,0
2649,303.31,313.11,1469.1,39.72,134.9,0,0,0,0,0
2650,296.06,305.36,1398.3,44.96,201.8,0,0,0,0,0
2651,299.71,307.54,1218.9,55.60,39.3,1,0,1,0,0
2652,299.15,309.57,1407.9,41.55,86.4,0,0,0,0,0
2653,298.99,308.68,1325.3,41.32,4.4,0,0,0,0,0
2654,299.35,309.03,1573.2,32.21,89.5,0,0,0,0,0
2655,300.07,309.07,1554.1,36.97,182.8,0,0,0,0,0
2656,301.53,311.08,1712.6,25.07,56.6,0,0,0,0,0
2657,303.20,314.11,1559.0,38.17,5.9,0,0,0,0,0
2658,295.10,306.88,1287.9,48.55,104.4,0,0,0,0,0
2659,301.58,311.72,1238.3,51.41,8.3,0,0,0,0,0
2660,298.82,308.82,1529.6,43.70,35.5,0,0,0,0,0
2661,299.55,311.74,1398.6,45.26,185.4,0,0,0,0,0
2662,303.02,314.15,1498.8,34.51,83.1,0,0,0,0,0
2663,299.53,308.99,1594.6,30.43,119.2,0,0,0,0,0
2664,300.85,309.94,1521.3,49.76,96.5,0,0,0,0,0
2665,301.63,311.18,1459.5,36.14,58.6,0,0,0,0,0
2666,300.58,311.90,1834.2,27.76,217.2,0,0,0,0,0
2667,302.19,312.82,1198.9,61.73,47.7,0,0,0,0,0
2668,300.87,310.04,1488.7,43.88,143.1,0,0,0,0,0
2669,299.71,308.47,1716.9,27.17,165.1,0,0,0,0,0
2670,302.70,312.27,1349.4,39.99,134.3,0,0,0,0,0
2671,300.76,312.84,1638.0,37.49,149.4,0,0,0,0,0
2672,299.63,311.31,1639.9,41.89,193.7,0,0,0,0,0
2673,299.23,309.31,1401.4,41.08,21.0,0,0,0,0,0
2674,297.89,308.15,1650.4,37.12,95.4,0,0,0,0,0
2675,302.07,311.17,1248.0,52.60,88.1,0,0,0,0,0
2676,302.81,311.92,1867.7,33.99,184.4,0,0,0,0,0
2677,303.01,313.54,1747.6,24.39,167.9,0,0,0,0,0
2678,299.71,308.62,1472.7,33.33,209.9,0,0,0,0,0
2679,302.39,311.77,1484.3,40.03,234.1,0,0,0,0,0
2680,297.54,308.42,1637.5,29.58,114.0,0,0,0,0,0
2681,299.00,307.29,1686.1,34.23,63.4,0,0,0,0,0
2682,299.13,309.20,1448.8,45.65,241.0,1,1,0,0,1
2683,297.42,307.13,1200.4,52.58,142.1,0,0,0,0,0
2684,302.96,314.43,1718.3,24.17,227.0,1,1,0,0,0
2685,300.17,310.91,1490.9,47.62,113.9,0,0,0,0,0
2686,303.01,314.13,1487.5,46.61,81.7,0,0,0,0,0
2687,303.06,312.67,1343.4,35.10,200.0,0,0,0,0,0
2688,303.96,313.53,1614.3,32.09,169.1,0,0,0,0,0
2689,302.95,312.35,1314.6,47.04,195.0,0,0,0,0,0
2690,301.02,311.11,1691.2,29.01,158.2,0,0,0,0,0
2691,296.50,309.12,1473.3,52.43,208.7,0,0,0,0,0
2692,299.32,308.71,1150.0,56.33,50.8,0,0,0,0,0
2693,300.53,309.47,1697.0,25.82,202.4,0,0,0,0,0
2694,302.68,312.02,1802.8,26.28,33.3,0,0,0,0,0
2695,298.99,308.36,1603.0,30.87,208.1,0,0,0,0,0
2696,299.78,309.09,1230.8,54.57,104.2,0,0,0,0,0
2697,302.22,311.71,1605.1,43.61,208.3,0,0,0,0,0
2698,297.48,308.61,1897.3,33.60,176.2,0,0,0,0,0
2699,299.46,309.41,1706.9,33.15,164.7,0,0,0,0,0
2700,300.98,310.06,1632.4,35.85,167.8,0,0,0,0,0
2701,302.17,310.11,1532.6,33.61,231.5,0,0,0,0,0
2702,300.36,309.74,1522.6,54.52,60.8,0,0,0,0,0
2703,302.92,313.08,1581.7,43.95,66.1,0,0,0,0,0
2704,297.87,307.68,1690.8,25.49,143.4,0,0,0,0,0
2705,296.18,304.45,1364.4,34.52,86.2,1,0,1,0,0
2706,301.26,307.87,1490.3,52.02,16.2,0,0,0,0,0
2707,301.15,310.37,1729.2,41.19,191.8,0,0,0,0,0
2708,296.41,307.00,1596.0,37.21,109.8,0,0,0,0,0
2709,298.58,309.17,2110.2,10.76,199.9,1,0,0,1,0
2710,298.71,311.06,1194.5,56.04,174.0,0,0,0,0,0
2711,297.90,309.31,1754.0,35.75,22.7,0,0,0,0,0
2712,302.72,311.81,1512.5,51.64,206.0,0,0,0,0,0
2713,295.89,307.21,1150.0,57.20,189.8,0,0,0,0,0
2714,301.61,310.39,1404.6,42.25,58.3,0,0,0,0,0
2715,302.87,314.34,1658.0,44.27,145.0,0,0,0,0,0
2716,299.73,310.23,1587.9,41.98,227.4,0,0,0,0,0
2717,301.47,312.48,1388.6,57.49,89.8,0,0,0,0,0
2718,297.78,307.86,1347.7,52.90,152.1,0,0,0,0,0
2719,301.37,311.48,1615.9,41.25,0.8,0,0,0,0,0
2720,298.06,306.67,1466.2,46.26,53.1,0,0,0,0,0
2721,303.11,311.88,1249.7,42.61,125.2,0,0,0,0,0
2722,301.81,311.47,1710.4,38.07,209.5,0,0,0,0,0
2723,299.73,309.33,1524.6,48.33,11.6,0,0,0,0,0
2724,297.19,307.36,1515.6,37.57,43.3,0,0,0,0,0
2725,301.98,311.22,1281.2,49.66,68.4,0,0,0,0,0
2726,299.00,309.96,1617.4,34.86,49.3,0,0,0,0,0
2727,300.62,311.09,1460.4,53.60,67.9,0,0,0,0,0
2728,299.54,309.85,1337.3,57.32,11.2,0,0,0,0,0
2729,300.76,309.89,1469.0,34.71,151.0,0,0,0,0,0
2730,299.11,308.54,1594.5,31.73,121.2,0,0,0,0,0
2731,295.94,305.73,2082.0,19.85,82.6,0,0,0,0,0
2732,299.97,310.21,1658.4,24.57,169.4,0,0,0,0,0
2733,302.55,312.64,1204.8,49.15,49.9,0,0,0,0,0
2734,300.86,312.12,1225.7,54.73,32.0,0,0,0,0,0
2735,298.61,309.47,1667.7,39.44,24.6,0,0,0,0,0
2736,298.05,309.17,1880.8,24.64,1.9,0,0,0,0,0
2737,299.15,307.69,1286.2,52.47,65.6,1,0,1,0,0
2738,301.34,311.90,1328.1,46.89,115.1,0,0,0,0,0
2739,296.95,307.38,1894.8,28.42,149.1,0,0,0,0,0
2740,303.26,314.50,1400.2,36.30,216.5,1,1,0,0,0
2741,298.71,308.18,1546.3,41.41,90.6,0,0,0,0,0
2742,299.36,309.23,1756.8,36.94,223.4,1,1,0,0,0
2743,303.42,314.32,1159.5,61.14,94.2,0,0,0,0,0
2744,299.24,309.90,1809.0,41.34,157.0,0,0,0,0,0
2745,299.33,307.87,1465.5,45.84,161.4,0,0,0,0,0
2746,297.55,308.65,1925.4,19.77,55.5,0,0,0,0,0
2747,297.68,307.49,1663.8,39.02,193.9,0,0,0,0,0
2748,303.81,313.78,1364.2,47.95,65.2,0,0,0,0,0
2749,301.09,311.39,1692.5,32.73,188.4,0,0,0,0,0
2750,301.27,312.71,1758.7,34.59,223.0,1,1,0,0,0
2751,299.93,311.69,1496.4,39.60,173.0,0,0,0,0,0
2752,293.88,303.26,1743.5,33.00,3.9,0,0,0,0,0
2753,304.66,313.23,1566.6,46.65,201.9,0,0,0,0,0
2754,296.59,307.28,1732.8,34.50,38.8,0,0,0,0,0
2755,299.68,309.38,1203.1,51.04,116.8,0,0,0,0,0
2756,298.65,308.97,1483.5,39.33,92.5,0,0,0,0,0
2757,301.38,312.79,1393.4,41.04,182.7,0,0,0,0,0
2758,298.36,308.74,1716.4,30.42,118.7,0,0,0,0,0
2759,298.81,308.91,1854.5,30.46,98.2,0,0,0,0,0
2760,299.81,311.31,1329.8,42.81,239.3,0,0,0,0,0
2761,301.80,312.01,1808.1,32.35,7.4,0,0,0,0,0
2762,299.39,307.77,1560.6,41.56,234.5,0,0,0,0,0
2763,299.02,308.69,1280.3,50.18,71.1,0,0,0,0,0
2764,296.49,307.19,1609.3,45.99,187.8,0,0,0,0,0
2765,296.54,306.25,1876.3,25.06,103.2,0,0,0,0,0
2766,297.12,304.94,1347.7,44.78,110.2,1,0,1,0,0
2767,299.11,307.99,1775.4,29.47,214.8,0,0,0,0,0
2768,301.24,310.03,1314.6,48.74,126.1,0,0,0,0,0
2769,298.19,310.15,1671.6,43.23,198.8,0,0,0,0,0
2770,302.03,312.82,1376.0,45.51,146.0,0,0,0,0,0
2771,302.43,313.74,1599.4,41.86,105.7,0,0,0,0,0
2772,299.58,307.19,1478.5,57.20,229.0,1,0,0,0,1
2773,302.23,311.42,1483.5,44.48,145.5,0,0,0,0,0
2774,298.89,310.26,1296.7,43.20,100.7,0,0,0,0,0
2775,295.43,304.91,1445.8,43.65,188.5,0,0,0,0,0
2776,302.81,312.57,1247.7,51.85,80.3,0,0,0,0,0
2777,298.35,309.19,1816.9,30.09,230.1,1,1,0,0,0
2778,303.04,312.22,1574.8,41.22,239.6,0,0,0,0,0
2779,298.20,307.89,1375.6,45.61,219.8,1,1,0,0,0
2780,295.50,305.01,1705.3,39.85,58.1,0,0,0,0,0
2781,300.40,311.92,1429.6,38.53,172.6,0,0,0,0,0
2782,296.24,306.95,1150.0,54.80,33.2,0,0,0,0,0
2783,301.49,312.68,1213.2,44.59,232.4,0,0,0,0,0
2784,297.39,306.95,1543.5,44.20,151.1,0,0,0,0,0
2785,299.47,310.15,1813.7,24.58,4.8,0,0,0,0,0
2786,302.87,311.77,1496.3,42.23,25.2,0,0,0,0,0
2787,298.60,308.06,1536.9,41.00,165.8,0,0,0,0,0
2788,301.66,311.40,1627.5,47.60,102.4,0,0,0,0,0
2789,301.95,312.63,1275.6,54.44,82.9,0,0,0,0,0
2790,298.57,308.41,1559.4,29.62,43.9,0,0,0,0,0
2791,300.20,310.22,1667.6,29.23,4.0,0,0,0,0,0
2792,302.23,312.90,1499.5,51.05,206.8,0,0,0,0,0
2793,299.91,309.45,1593.7,32.10,232.7,0,0,0,0,0
2794,302.09,314.36,1580.0,33.65,228.3,0,0,0,0,0
2795,302.69,312.56,1538.3,38.52,178.3,0,0,0,0,0
2796,301.99,310.59,1452.5,49.05,40.1,0,0,0,0,0
2797,301.76,311.83,1567.8,31.78,43.1,0,0,0,0,0
2798,302.35,312.12,1226.9,53.76,177.5,0,0,0,0,0
2799,298.56,310.71,1534.0,36.25,119.5,0,0,0,0,0
2800,300.21,309.60,1853.2,24.20,101.2,0,0,0,0,0
2801,298.15,308.95,1897.3,21.98,195.9,0,0,0,0,0
2802,299.37,307.17,1726.6,34.26,87.7,0,0,0,0,0
2803,299.15,309.78,1497.0,38.29,1.5,0,0,0,0,0
2804,301.49,312.46,1708.6,39.01,10.0,0,0,0,0,0
2805,299.35,308.90,1765.0,26.06,94.8,0,0,0,0,0
2806,301.87,314.00,1552.0,34.60,220.0,0,0,0,0,0
2807,294.56,304.44,1242.2,45.39,243.4,1,0,0,0,1
2808,303.35,313.76,1751.7,30.52,122.8,0,0,0,0,0
2809,298.80,307.73,1711.3,35.60,135.9,0,0,0,0,0
2810,295.91,304.92,1766.0,25.53,33.4,0,0,0,0,0
2811,301.23,311.61,1504.1,58.35,142.6,1,0,0,1,0
2812,301.62,309.54,1464.9,47.17,86.5,0,0,0,0,0
2813,301.19,311.55,1264.0,32.89,126.5,0,0,0,0,0
2814,303.92,314.23,1302.1,52.28,24.1,0,0,0,0,0
2815,299.69,310.72,1290.4,52.99,33.0,0,0,0,0,0
2816,299.81,310.03,1814.4,30.08,86.6,0,0,0,0,0
2817,300.22,310.27,1305.4,56.09,128.0,0,0,0,0,0
2818,297.86,305.91,1605.6,37.88,201.5,0,0,0,0,0
2819,298.03,307.48,1626.8,31.14,238.4,1,1,0,0,0
2820,302.47,310.95,1464.0,41.25,223.8,0,0,0,0,0
2821,300.74,310.41,1807.8,43.71,186.8,0,0,0,0,0
2822,298.80,309.07,1690.3,34.81,35.9,0,0,0,0,0
2823,300.28,310.40,1343.8,54.50,34.7,0,0,0,0,0
2824,302.05,314.01,1626.6,35.71,126.7,0,0,0,0,0
2825,298.89,307.96,1447.9,48.62,11.7,0,0,0,0,0
2826,299.81,309.99,1510.6,49.37,215.3,1,1,0,0,0
2827,301.77,311.11,1244.1,45.38,37.4,0,0,0,0,0
2828,302.11,312.23,1515.0,40.59,1.0,0,0,0,0,0
2829,295.10,304.67,1749.4,25.84,31.8,0,0,0,0,0
2830,297.79,308.59,1753.5,23.43,225.6,0,0,0,0,0
2831,302.28,313.85,1264.4,52.06,177.0,0,0,0,0,0
2832,297.95,306.33,1556.4,43.09,119.0,0,0,0,0,0
2833,300.00,309.81,1483.7,41.77,214.9,1,1,0,0,0
2834,303.37,313.99,1772.1,30.41,78.3,0,0,0,0,0
2835,301.11,307.64,1380.5,37.12,209.8,0,0,0,0,0
2836,300.51,308.14,1576.7,38.83,117.7,0,0,0,0,0
2837,300.50,311.44,1485.5,41.56,43.6,0,0,0,0,0
2838,300.00,310.68,1150.0,59.45,30.2,0,0,0,0,0
2839,300.57,309.58,1746.6,28.59,126.8,0,0,0,0,0
2840,302.39,312.53,1456.6,39.46,139.8,0,0,0,0,0
2841,297.31,305.11,1787.3,34.37,107.7,0,0,0,0,0
2842,299.75,310.29,1427.8,35.34,204.4,0,0,0,0,0
2843,300.43,311.92,1392.0,45.45,184.1,0,0,0,0,0
2844,300.99,311.56,1571.9,35.25,178.3,0,0,0,0,0
2845,300.36,310.93,1548.8,42.75,109.7,0,0,0,0,0
2846,299.06,309.25,1195.2,50.62,98.4,0,0,0,0,0
2847,303.10,313.13,1732.2,26.96,111.3,0,0,0,0,0
2848,301.74,311.45,1236.8,47.52,224.8,0,0,0,0,0
2849,300.45,311.38,1298.2,29.37,25.9,0,0,0,0,0
2850,300.83,312.39,1370.4,42.78,198.1,0,0,0,0,0
2851,303.89,314.09,1569.4,25.87,225.6,1,1,0,0,0
2852,300.42,309.75,1331.1,54.07,44.2,0,0,0,0,0
2853,300.91,311.43,1829.2,30.99,77.5,0,0,0,0,0
2854,298.12,306.86,1311.1,39.04,45.6,0,0,0,0,0
2855,301.52,314.34,1696.0,37.26,55.5,0,0,0,0,0
2856,300.03,310.63,1705.2,33.67,50.3,0,0,0,0,0
2857,297.61,309.15,1507.5,37.21,241.9,1,1,0,0,0
2858,304.70,315.80,1569.7,33.33,50.3,0,0,0,0,0
2859,299.67,309.03,1787.9,32.70,235.9,0,0,0,0,0
2860,301.66,312.86,1533.7,42.98,92.3,0,0,0,0,0
2861,298.25,308.59,1708.6,31.38,62.6,0,0,0,0,0
2862,303.48,312.44,1583.6,37.65,104.2,0,0,0,0,0
2863,301.37,312.61,1190.2,53.82,65.1,0,0,0,0,0
2864,297.54,308.28,1345.7,39.60,155.7,0,0,0,0,0
2865,298.61,310.71,1694.3,31.89,97.9,0,0,0,0,0
2866,296.89,307.67,1427.0,36.53,28.3,0,0,0,0,0
2867,298.97,308.89,1319.6,54.06,178.3,0,0,0,0,0
2868,304.46,316.20,1443.7,43.95,242.7,0,0,0,0,0
2869,295.13,306.07,1524.4,42.33,36.3,0,0,0,0,0
2870,295.60,304.85,1725.5,33.84,195.1,0,0,0,0,0
2871,298.17,309.30,1571.1,28.71,192.4,0,0,0,0,0
2872,299.25,309.27,1599.3,40.02,47.5,0,0,0,0,0
2873,300.08,309.76,1591.5,24.41,44.1,0,0,0,0,0
2874,297.42,308.40,1618.5,22.78,126.1,0,0,0,0,0
2875,301.34,310.61,1582.8,38.98,237.5,0,0,0,0,0
2876,299.88,310.23,1567.6,45.20,200.8,0,0,0,0,0
2877,297.10,307.47,1276.5,59.45,191.1,1,0,0,0,1
2878,300.88,310.97,1463.7,48.04,79.5,0,0,0,0,0
2879,300.39,310.49,1634.7,34.98,50.3,0,0,0,0,0
2880,299.82,310.04,1777.1,37.67,14.4,0,0,0,0,0
2881,296.81,307.66,1430.6,51.88,61.0,0,0,0,0,0
2882,300.15,310.95,1605.1,41.72,162.0,0,0,0,0,0
2883,298.03,308.09,1397.7,31.98,191.2,0,0,0,0,0
2884,297.31,307.64,1246.9,57.86,25.0,0,0,0,0,0
2885,299.74,308.85,1559.8,23.45,206.7,0,0,0,0,0
2886,299.24,311.12,1417.6,42.37,61.9,0,0,0,0,0
2887,301.89,312.75,1432.0,56.85,150.6,0,0,0,0,0
2888,299.67,309.43,1753.2,35.17,146.7,0,0,0,0,0
2889,306.02,316.02,1230.0,49.47,66.5,0,0,0,0,0
2890,305.33,315.22,1520.4,49.63,244.8,1,1,0,0,1
2891,298.18,308.82,1441.8,45.60,199.4,0,0,0,0,0
2892,297.75,307.18,1530.1,43.05,213.7,0,0,0,0,0
2893,301.34,309.62,1593.1,41.12,150.9,0,0,0,0,0
2894,299.21,308.49,1454.5,44.02,33.2,0,0,0,0,0
2895,301.23,310.14,1487.6,50.97,214.0,1,1,0,0,0
2896,297.03,306.50,1286.2,50.20,81.6,0,0,0,0,0
2897,301.39,312.60,1249.3,43.56,82.5,0,0,0,0,0
2898,301.18,310.74,1405.1,37.98,51.7,0,0,0,0,0
2899,299.65,309.67,1428.3,38.20,216.1,1,1,0,0,0
2900,301.13,310.58,1849.6,30.95,79.0,0,0,0,0,0
2901,297.93,309.25,1779.9,33.49,144.3,0,0,0,0,0
2902,299.33,310.30,1619.2,33.73,104.4,0,0,0,0,0
2903,298.47,308.76,1525.6,41.85,244.3,0,0,0,0,0
2904,301.67,311.18,1467.3,47.53,37.0,0,0,0,0,0
2905,297.63,307.63,1467.7,43.40,120.4,0,0,0,0,0
2906,297.13,305.96,1493.2,35.79,134.9,0,0,0,0,0
2907,298.81,311.55,1596.8,37.92,184.7,0,0,0,0,0
2908,303.47,313.61,1549.5,51.99,38.2,0,0,0,0,0
2909,298.84,308.46,1383.0,46.52,154.7,0,0,0,0,0
2910,299.35,308.74,1379.2,43.63,187.0,0,0,0,0,0
2911,298.08,308.47,1504.0,39.81,171.8,0,0,0,0,0
2912,301.75,312.35,1733.5,26.47,140.9,0,0,0,0,0
2913,298.85,308.34,1848.8,20.03,211.0,0,0,0,0,0
2914,298.11,309.38,1481.3,42.09,76.5,0,0,0,0,0
2915,300.89,310.54,1663.5,44.68,110.8,0,0,0,0,0
2916,299.27,307.81,1539.0,32.12,89.1,0,0,0,0,0
2917,298.22,306.53,1808.4,43.05,115.7,0,0,0,0,0
2918,300.46,310.68,1759.8,38.15,24.0,0,0,0,0,0
2919,301.10,311.13,1343.5,40.87,218.8,0,0,0,0,0
2920,301.62,310.36,1727.8,33.28,50.7,0,0,0,0,0
2921,300.20,311.64,1628.1,31.20,197.8,0,0,0,0,0
2922,301.78,310.54,1709.1,39.39,15.5,0,0,0,0,0
2923,298.71,308.66,1637.1,38.32,139.0,0,0,0,0,0
2924,300.80,309.81,1818.3,26.35,31.0,0,0,0,0,0
2925,297.50,309.40,1706.9,34.49,25.9,0,0,0,0,0
2926,296.67,308.74,1516.4,45.66,205.2,0,0,0,0,0
2927,299.09,310.42,1418.0,48.09,195.7,0,0,0,0,0
2928,300.95,309.72,1275.3,57.06,46.7,0,0,0,0,0
2929,300.14,310.63,1738.1,29.17,242.2,0,0,0,0,0
2930,298.78,309.39,1706.0,27.95,153.8,0,0,0,0,0
2931,296.25,306.69,1256.4,47.88,147.6,0,0,0,0,0
2932,298.64,307.86,1710.0,40.22,178.1,0,0,0,0,0
2933,302.39,314.32,1602.7,38.98,114.1,0,0,0,0,0
2934,301.67,312.26,1299.3,41.67,12.4,0,0,0,0,0
2935,299.95,309.96,1470.6,36.39,192.4,0,0,0,0,0
2936,300.39,309.09,1648.9,33.87,14.5,0,0,0,0,0
2937,298.71,309.01,1583.2,37.83,50.7,0,0,0,0,0
2938,301.07,312.73,1432.1,34.60,98.7,0,0,0,0,0
2939,300.74,311.96,1476.8,47.98,185.3,0,0,0,0,0
2940,297.00,305.43,1697.8,33.37,34.7,0,0,0,0,0
2941,298.41,307.04,1379.5,52.04,232.9,1,1,0,0,1
2942,303.58,314.07,1379.8,35.38,136.2,0,0,0,0,0
2943,300.54,309.56,1924.5,32.98,243.2,0,0,0,0,0
2944,302.14,311.42,1368.6,46.17,215.6,0,0,0,0,0
2945,300.64,310.23,1827.9,30.82,107.5,0,0,0,0,0
2946,298.03,307.63,1380.4,51.07,40.5,0,0,0,0,0
2947,301.28,310.20,1200.9,53.95,89.8,0,0,0,0,0
2948,301.22,310.31,1340.7,56.84,210.5,1,0,0,0,1
2949,302.08,310.64,1468.7,44.56,133.7,0,0,0,0,0
2950,301.72,312.26,1350.7,37.90,35.2,0,0,0,0,0
2951,297.98,307.34,1706.9,42.60,138.7,0,0,0,0,0
2952,301.17,310.63,1313.0,61.71,37.2,0,0,0,0,0
2953,303.05,314.73,1193.6,60.40,148.3,0,0,0,0,0
2954,296.97,309.12,1435.1,37.77,184.8,0,0,0,0,0
2955,300.23,308.84,1332.2,32.01,119.3,0,0,0,0,0
2956,300.08,308.92,1908.2,25.50,138.3,0,0,0,0,0
2957,297.92,307.57,1815.1,36.92,223.2,0,0,0,0,0
2958,299.05,309.64,1723.6,29.46,144.4,0,0,0,0,0
2959,300.92,310.11,1661.9,34.69,114.3,0,0,0,0,0
2960,303.83,314.24,1683.7,31.96,97.5,0,0,0,0,0
2961,299.77,309.99,1366.4,48.65,189.5,0,0,0,0,0
2962,300.18,308.37,1504.8,45.30,108.6,0,0,0,0,0
2963,298.99,308.92,1510.6,43.41,76.6,0,0,0,0,0
2964,295.81,305.14,1977.1,25.72,194.5,0,0,0,0,0
2965,299.64,309.79,1889.8,38.57,40.1,0,0,0,0,0
2966,298.27,307.44,1150.0,53.84,159.7,0,0,0,0,0
2967,302.01,312.22,1598.8,37.43,235.5,0,0,0,0,0
2968,296.68,305.65,1639.9,27.86,109.0,0,0,0,0,0
2969,297.82,307.66,1741.9,29.57,42.1,0,0,0,0,0
2970,301.13,309.37,1772.9,32.84,26.1,0,0,0,0,0
2971,299.59,311.63,1649.8,32.93,151.8,0,0,0,0,0
2972,300.52,310.49,1580.1,32.77,12.4,0,0,0,0,0
2973,301.25,310.97,1318.6,43.31,25.1,0,0,0,0,0
2974,298.58,309.54,1775.4,35.89,192.6,0,0,0,0,0
2975,300.73,310.11,1518.8,39.40,115.1,0,0,0,0,0
2976,299.58,307.12,1504.1,36.65,5.2,0,0,0,0,0
2977,298.72,309.46,1552.3,38.74,24.6,0,0,0,0,0
2978,299.60,309.53,1358.8,54.07,52.8,0,0,0,0,0
2979,302.46,313.02,1595.3,32.64,156.8,0,0,0,0,0
2980,297.28,305.29,1665.3,21.05,155.3,0,0,0,0,0
2981,306.71,316.03,1444.9,46.63,178.0,0,0,0,0,0
2982,302.88,311.80,1601.8,40.73,168.9,0,0,0,0,0
2983,298.82,306.88,1381.4,53.40,244.9,1,1,0,0,1
2984,299.68,309.14,1749.3,31.32,216.2,0,0,0,0,0
2985,299.31,309.91,1695.3,42.13,6.7,0,0,0,0,0
2986,300.41,310.89,1453.2,46.38,165.5,0,0,0,0,0
2987,300.27,309.48,1359.4,53.39,88.8,0,0,0,0,0
2988,302.66,312.22,1389.7,42.57,170.5,0,0,0,0,0
2989,303.06,311.93,1425.6,29.07,135.0,0,0,0,0,0
2990,302.21,310.61,1863.6,27.41,53.9,0,0,0,0,0
2991,299.65,311.15,1343.6,57.04,170.4,0,0,0,0,0
2992,300.34,311.70,1366.6,53.19,18.4,0,0,0,0,0
2993,298.63,309.06,1387.1,43.64,67.6,0,0,0,0,0
2994,298.77,308.42,1515.5,37.42,173.7,0,0,0,0,0
2995,302.96,309.82,1578.2,45.47,19.1,0,0,0,0,0
2996,301.19,311.85,1812.1,30.04,221.7,0,0,0,0,0
2997,298.14,308.99,1333.9,38.92,211.9,0,0,0,0,0
2998,302.19,311.85,1645.0,42.72,218.7,0,0,0,0,0
2999,300.36,310.77,1577.1,43.73,228.3,0,0,0,0,0
3000,302.74,313.12,1397.0,51.10,216.9,1,1,0,0,1
3001,298.93,307.94,1388.3,45.02,23.2,0,0,0,0,0
3002,299.02,308.66,1767.0,32.85,37.5,0,0,0,0,0
3003,300.81,310.37,1489.4,38.93,91.3,0,0,0,0,0
3004,300.89,310.47,1171.0,67.67,127.5,0,0,0,0,0
3005,299.52,308.31,1616.2,39.49,69.7,0,0,0,0,0
3006,296.48,306.25,1805.7,38.91,46.7,0,0,0,0,0
3007,301.75,310.79,1605.3,38.75,150.6,0,0,0,0,0
3008,299.05,307.84,1596.9,30.68,160.3,0,0,0,0,0
3009,305.34,314.31,1471.1,39.01,196.6,0,0,0,0,0
3010,297.60,306.00,1422.4,37.50,59.1,0,0,0,0,0
3011,300.99,310.50,1692.8,30.10,113.5,0,0,0,0,0
3012,299.69,310.15,1622.8,37.19,185.5,0,0,0,0,0
3013,301.34,310.95,1461.1,31.61,72.1,0,0,0,0,0
3014,299.05,308.93,1630.1,29.99,89.9,0,0,0,0,0
3015,302.00,311.26,1347.0,31.27,77.5,0,0,0,0,0
3016,300.58,310.31,1759.1,23.54,236.4,0,0,0,0,0
3017,297.45,307.51,1657.9,32.95,14.5,0,0,0,0,0
3018,298.31,307.96,1360.1,46.00,149.4,0,0,0,0,0
3019,298.51,307.95,2065.0,23.53,153.8,0,0,0,0,0
3020,300.90,310.04,1533.2,54.66,117.8,0,0,0,0,0
3021,300.84,310.72,1484.6,50.86,143.5,0,0,0,0,0
3022,301.28,309.81,1498.8,43.11,192.1,0,0,0,0,0
3023,298.44,308.46,1611.9,27.45,173.0,0,0,0,0,0
3024,299.26,310.98,1347.5,54.74,112.5,0,0,0,0,0
3025,299.52,310.12,1739.0,30.02,233.1,0,0,0,0,0
3026,299.40,308.81,1510.1,40.77,65.7,0,0,0,0,0
3027,300.48,310.98,1435.1,42.03,199.0,0,0,0,0,0
3028,302.54,311.88,1456.1,46.87,166.8,0,0,0,0,0
3029,300.73,310.42,1757.4,32.11,117.1,0,0,0,0,0
3030,303.11,314.59,1626.8,27.72,208.5,0,0,0,0,0
3031,300.52,308.92,1229.5,57.40,77.5,1,0,1,0,0
3032,297.28,307.66,1656.0,41.66,184.4,0,0,0,0,0
3033,301.44,310.25,1428.1,50.20,65.7,0,0,0,0,0
3034,299.03,306.54,1724.0,38.62,127.5,0,0,0,0,0
3035,296.80,306.19,1225.4,42.29,29.5,0,0,0,0,0
3036,301.98,313.29,1719.9,26.34,162.5,0,0,0,0,0
3037,299.95,309.85,1516.7,29.47,88.9,0,0,0,0,0
3038,296.37,306.38,1778.3,23.68,25.5,0,0,0,0,0
3039,297.50,308.22,1518.2,38.69,183.1,0,0,0,0,0
3040,300.85,310.29,1365.0,38.86,80.4,0,0,0,0,0
3041,298.09,307.08,1172.1,51.63,180.8,0,0,0,0,0
3042,301.42,310.67,1535.4,32.61,143.7,0,0,0,0,0
3043,301.56,309.39,1566.6,41.82,222.4,0,0,0,0,0
3044,299.65,309.20,1490.8,30.21,166.1,0,0,0,0,0
3045,300.96,310.76,1942.1,27.10,226.2,0,0,0,0,0
3046,300.09,309.88,1623.8,35.57,99.7,0,0,0,0,0
3047,300.45,311.40,1150.0,48.11,60.5,0,0,0,0,0
3048,305.02,316.48,1629.2,44.00,111.6,0,0,0,0,0
3049,299.02,308.78,1727.6,38.17,37.2,0,0,0,0,0
3050,301.10,310.81,1412.2,38.36,8.3,0,0,0,0,0
3051,301.98,311.25,1727.5,39.61,82.7,0,0,0,0,0
3052,303.04,312.81,1604.5,39.03,23.2,0,0,0,0,0
3053,300.55,309.44,1851.1,26.82,179.7,0,0,0,0,0
3054,301.78,312.39,1357.9,46.65,82.7,0,0,0,0,0
3055,301.41,310.10,1649.4,33.52,62.1,0,0,0,0,0
3056,299.65,309.96,1616.7,23.84,218.2,0,0,0,0,0
3057,300.59,311.82,1698.6,25.40,93.5,0,0,0,0,0
3058,300.28,310.54,1736.7,37.43,160.9,0,0,0,0,0
3059,299.68,311.19,1793.0,32.56,165.9,0,0,0,0,0
3060,300.18,308.85,1815.1,34.76,41.5,0,0,0,0,0
3061,295.41,304.45,1669.1,37.65,0.6,0,0,0,0,0
3062,303.13,312.69,1510.9,41.16,32.6,0,0,0,0,0
3063,299.83,309.35,1380.5,45.99,69.5,0,0,0,0,0
3064,299.34,309.59,1420.5,40.19,108.4,0,0,0,0,0
3065,301.08,309.61,1331.8,55.06,191.9,1,0,1,0,0
3066,298.89,308.79,1611.0,30.84,58.0,0,0,0,0,0
3067,301.50,312.56,1370.3,48.52,112.7,0,0,0,0,0
3068,298.77,309.38,1503.5,40.35,146.6,0,0,0,0,0
3069,302.40,313.12,1615.3,38.60,113.9,0,0,0,0,0
3070,302.37,311.57,1327.3,46.22,85.7,0,0,0,0,0
3071,300.05,309.71,1644.4,31.79,230.4,0,0,0,0,0
3072,299.68,309.96,1514.1,46.01,98.6,0,0,0,0,0
3073,298.51,307.26,1717.8,28.04,47.3,0,0,0,0,0
3074,298.55,307.76,1617.5,25.50,154.3,0,0,0,0,0
3075,300.35,309.98,1179.5,48.89,60.6,0,0,0,0,0
3076,295.99,305.37,1490.7,47.91,71.0,0,0,0,0,0
3077,301.31,311.82,1596.9,41.80,238.5,1,1,0,0,0
3078,302.21,311.12,1704.0,35.00,4.7,0,0,0,0,0
3079,300.33,309.46,1565.3,40.67,132.6,0,0,0,0,0
3080,300.57,312.38,1494.1,45.63,115.7,0,0,0,0,0
3081,299.52,309.61,1595.4,36.20,71.3,0,0,0,0,0
3082,296.40,306.02,1730.8,36.56,165.9,0,0,0,0,0
3083,302.25,312.02,1366.3,41.62,235.1,1,1,0,0,0
3084,298.33,308.22,1756.8,24.52,56.0,0,0,0,0,0
3085,297.51,307.35,1606.2,17.74,187.1,1,0,0,1,0
3086,301.54,312.49,1570.7,28.99,237.2,1,1,0,0,0
3087,298.68,309.38,1274.6,47.94,111.5,0,0,0,0,0
3088,299.04,309.84,1386.5,46.90,240.1,1,0,0,0,1
3089,300.01,310.76,1768.9,34.55,111.5,0,0,0,0,0
3090,299.89,308.47,1702.9,31.43,170.5,0,0,0,0,0
3091,300.29,311.34,1642.9,39.65,119.8,0,0,0,0,0
3092,301.52,310.44,1306.6,55.57,40.6,0,0,0,0,0
3093,301.26,311.40,1532.9,39.12,111.6,0,0,0,0,0
3094,298.40,308.50,1347.4,53.45,198.5,0,0,0,0,0
3095,298.27,309.98,1725.5,32.97,72.2,0,0,0,0,0
3096,298.17,307.97,1829.2,29.76,18.5,0,0,0,0,0
3097,296.19,304.67,1906.4,32.68,96.9,0,0,0,0,0
3098,298.99,308.51,1694.6,32.77,92.0,0,0,0,0,0
3099,297.43,309.21,1543.7,34.21,49.4,0,0,0,0,0
3100,300.26,310.58,1540.4,44.58,59.3,0,0,0,0,0
3101,299.25,309.12,1854.6,24.86,32.8,0,0,0,0,0
3102,302.20,311.87,1551.5,36.23,135.1,0,0,0,0,0
3103,299.53,308.60,1362.0,54.17,90.1,0,0,0,0,0
3104,300.14,309.75,1762.1,35.86,225.0,0,0,0,0,0
3105,299.33,308.92,1532.4,32.79,54.6,0,0,0,0,0
3106,296.86,305.50,1596.2,37.34,212.8,1,1,0,0,0
3107,298.25,306.75,1544.3,41.67,93.7,0,0,0,0,0
3108,298.02,310.24,1628.4,30.78,22.7,0,0,0,0,0
3109,299.57,309.52,1794.1,43.59,215.0,1,1,0,0,0
3110,299.49,308.00,1589.6,37.73,102.2,0,0,0,0,0
3111,301.77,312.27,1650.3,36.80,215.5,0,0,0,0,0
3112,298.62,308.86,1485.0,46.84,233.6,0,0,0,0,0
3113,298.34,309.29,1235.1,44.35,230.6,0,0,0,0,0
3114,300.56,310.45,1502.6,39.16,70.0,0,0,0,0,0
3115,296.94,306.98,1605.0,43.98,129.3,0,0,0,0,0
3116,303.90,314.39,1508.0,54.03,154.5,0,0,0,0,0
3117,303.12,314.10,1314.4,53.30,19.3,0,0,0,0,0
3118,301.96,310.72,1763.6,23.61,129.1,0,0,0,0,0
3119,297.70,307.38,1308.1,45.75,129.2,0,0,0,0,0
3120,300.93,310.60,1443.7,34.97,155.5,0,0,0,0,0
3121,300.12,309.83,1562.2,41.67,205.3,0,0,0,0,0
3122,296.93,307.02,1427.0,49.17,121.9,0,0,0,0,0
3123,301.34,311.48,1717.9,35.75,120.7,0,0,0,0,0
3124,298.67,309.55,1303.5,55.93,106.9,0,0,0,0,0
3125,298.42,307.47,1422.7,55.47,62.4,0,0,0,0,0
3126,299.59,308.59,1416.3,45.54,104.4,0,0,0,0,0
3127,301.72,313.84,1390.9,51.59,148.1,0,0,0,0,0
3128,300.66,312.44,1608.1,27.55,7.5,0,0,0,0,0
3129,302.11,312.68,1641.4,36.03,60.6,0,0,0,0,0
3130,295.77,306.30,1420.5,40.02,206.7,0,0,0,0,0
3131,299.02,308.36,1443.6,42.24,106.8,0,0,0,0,0
3132,299.71,310.30,1426.3,47.46,103.3,0,0,0,0,0
3133,298.53,309.63,1567.3,42.09,222.8,1,1,0,0,0
3134,299.12,306.99,1614.2,29.43,35.1,0,0,0,0,0
3135,297.63,308.36,1501.3,44.48,216.6,0,0,0,0,0
3136,302.56,312.98,1986.3,31.28,7.8,0,0,0,0,0
3137,301.42,310.87,1626.5,37.15,229.0,0,0,0,0,0
3138,301.33,310.78,1662.6,22.41,106.3,0,0,0,0,0
3139,298.00,307.93,1692.7,42.76,83.3,0,0,0,0,0
3140,299.88,309.39,1604.4,28.99,212.8,0,0,0,0,0
3141,299.82,309.26,1569.8,34.83,237.5,1,1,0,0,0
3142,297.37,306.79,1753.2,35.57,146.6,0,0,0,0,0
3143,299.54,309.80,1700.9,33.92,229.5,1,1,0,0,0
3144,298.40,307.88,1737.9,31.02,14.7,0,0,0,0,0
3145,298.01,309.44,1510.3,37.18,66.7,0,0,0,0,0
3146,298.26,306.87,1612.1,39.43,201.3,0,0,0,0,0
3147,298.86,310.02,1631.9,32.72,203.5,0,0,0,0,0
3148,301.09,310.80,1377.3,48.90,234.7,1,0,0,0,1
3149,302.66,311.66,1248.6,46.96,220.0,0,0,0,0,0
3150,300.68,309.69,1809.0,32.48,88.1,0,0,0,0,0
3151,306.11,315.86,1507.0,35.50,107.6,0,0,0,0,0
3152,297.41,308.36,1846.0,34.84,161.0,0,0,0,0,0
3153,298.17,309.18,1664.6,36.69,137.7,0,0,0,0,0
3154,300.84,311.61,1404.7,42.76,10.9,0,0,0,0,0
3155,302.80,313.04,1265.8,32.86,230.4,1,1,0,0,0
3156,296.59,306.14,1405.8,46.57,10.6,0,0,0,0,0
3157,301.24,310.14,1551.4,25.81,33.9,0,0,0,0,0
3158,298.23,307.92,1620.6,35.77,117.7,0,0,0,0,0
3159,299.49,308.89,1562.4,39.33,24.7,0,0,0,0,0
3160,298.85,310.14,1668.5,35.03,190.0,0,0,0,0,0
3161,299.00,307.56,1638.8,37.11,182.3,0,0,0,0,0
3162,297.92,305.17,1698.1,39.75,12.2,0,0,0,0,0
3163,304.71,314.45,1666.7,30.71,44.4,0,0,0,0,0
3164,300.18,310.89,1616.8,38.14,86.1,0,0,0,0,0
3165,298.94,309.45,1353.5,38.96,217.2,0,0,0,0,0
3166,293.82,303.02,1925.5,14.86,21.3,1,0,0,1,0
3167,301.69,311.65,1627.9,50.66,83.5,0,0,0,0,0
3168,300.62,310.73,1547.5,40.03,51.7,0,0,0,0,0
3169,296.38,308.55,1629.9,43.74,48.6,0,0,0,0,0
3170,298.96,309.50,1236.9,44.38,112.3,0,0,0,0,0
3171,299.65,308.30,1588.8,42.07,5.8,0,0,0,0,0
3172,301.24,312.99,1150.0,47.01,140.3,0,0,0,0,0
3173,295.49,304.79,1562.1,40.69,128.6,0,0,0,0,0
3174,299.52,308.35,1692.9,23.10,163.8,0,0,0,0,0
3175,300.18,310.56,1705.5,37.49,143.2,0,0,0,0,0
3176,296.35,305.00,1212.3,45.14,81.2,0,0,0,0,0
3177,300.74,311.43,1639.2,42.65,118.4,0,0,0,0,0
3178,299.86,310.53,1816.4,27.82,151.8,0,0,0,0,0
3179,296.93,307.53,1395.8,36.60,97.7,0,0,0,0,0
3180,299.29,310.86,1617.0,45.82,212.7,1,1,0,0,0
3181,299.18,308.79,1409.7,40.84,88.2,0,0,0,0,0
3182,299.57,309.49,1470.3,48.34,27.7,0,0,0,0,0
3183,298.77,309.20,1501.3,45.07,86.9,0,0,0,0,0
3184,301.22,311.15,1316.4,38.97,178.2,0,0,0,0,0
3185,295.59,305.28,1603.6,32.93,42.5,0,0,0,0,0
3186,299.06,308.83,1568.2,41.27,88.5,0,0,0,0,0
3187,301.32,311.18,1776.1,36.35,21.5,0,0,0,0,0
3188,300.96,312.80,1663.6,37.68,66.7,0,0,0,0,0
3189,299.80,309.54,1622.1,47.81,128.9,0,0,0,0,0
3190,298.85,309.67,1439.3,35.72,153.0,0,0,0,0,0
3191,299.47,310.74,1364.9,44.82,97.0,0,0,0,0,0
3192,297.41,306.89,1806.3,24.94,13.3,0,0,0,0,0
3193,301.74,311.21,1604.2,32.67,224.1,0,0,0,0,0
3194,300.68,310.01,1452.1,49.66,171.2,0,0,0,0,0
3195,298.48,307.73,1751.8,35.89,144.2,0,0,0,0,0
3196,300.66,311.56,1433.7,40.37,68.1,0,0,0,0,0
3197,296.20,307.64,1723.0,35.69,20.0,0,0,0,0,0
3198,297.71,307.43,1279.4,47.06,37.1,0,0,0,0,0
3199,302.26,313.26,1638.9,36.94,14.0,0,0,0,0,0
3200,302.71,312.13,1667.6,26.03,152.8,0,0,0,0,0
3201,298.47,308.67,1411.0,45.69,192.8,0,0,0,0,0
3202,298.77,308.73,1258.4,49.64,16.9,0,0,0,0,0
3203,298.44,308.10,1833.5,28.72,157.9,0,0,0,0,0
3204,299.18,308.03,1569.6,37.31,227.1,0,0,0,0,0
3205,299.54,309.36,1550.8,33.89,130.9,0,0,0,0,0
3206,300.45,311.03,1695.4,43.76,122.5,0,0,0,0,0
3207,302.06,311.35,1767.2,38.68,55.1,0,0,0,0,0
3208,299.45,308.06,1624.7,28.76,17.8,0,0,0,0,0
3209,300.23,309.42,1644.0,44.84,242.8,0,0,0,0,0
3210,297.52,307.73,1475.8,41.98,146.4,0,0,0,0,0
3211,296.25,305.03,1472.7,50.40,159.7,0,0,0,0,0
3212,303.23,311.76,1310.8,50.92,7.6,1,0,1,0,0
3213,301.49,311.89,1671.0,36.59,186.3,0,0,0,0,0
3214,298.69,308.38,1258.7,57.80,129.2,0,0,0,0,0
3215,299.61,308.90,1656.4,36.98,10.3,0,0,0,0,0
3216,299.52,311.05,1539.6,43.28,127.5,0,0,0,0,0
3217,304.05,311.92,1611.9,33.73,220.2,0,0,0,0,0
3218,298.52,308.17,1586.1,32.62,174.2,0,0,0,0,0
3219,301.19,310.35,1335.3,44.70,92.4,0,0,0,0,0
3220,299.15,310.20,1500.9,39.42,218.2,0,0,0,0,0
3221,301.81,311.22,1878.6,27.73,152.6,0,0,0,0,0
3222,304.14,316.22,1734.9,32.12,3.3,0,0,0,0,0
3223,301.18,311.61,1741.7,29.86,61.1,0,0,0,0,0
3224,296.45,307.46,1756.7,19.55,217.8,0,0,0,0,0
3225,298.57,307.97,1360.8,42.48,125.5,0,0,0,0,0
3226,300.90,309.83,1485.3,31.33,135.1,0,0,0,0,0
3227,301.84,313.14,1508.6,45.37,99.3,0,0,0,0,0
3228,299.36,309.83,1682.5,38.13,238.3,0,0,0,0,0
3229,298.36,308.81,1675.7,33.37,174.2,0,0,0,0,0
3230,296.66,305.57,1354.7,52.03,81.9,0,0,0,0,0
3231,296.83,306.87,1461.2,50.59,230.7,1,1,0,0,1
3232,303.94,314.31,1717.9,40.72,26.4,0,0,0,0,0
3233,299.02,307.32,1150.0,51.81,194.8,1,0,1,0,0
3234,298.73,308.67,1507.7,38.34,89.2,0,0,0,0,0
3235,298.81,309.95,1240.1,61.17,196.5,1,0,0,0,1
3236,301.78,312.44,1494.1,45.39,51.0,0,0,0,0,0
3237,298.00,308.95,1414.8,40.55,26.6,0,0,0,0,0
3238,302.55,312.30,1630.7,32.67,8.9,0,0,0,0,0
3239,305.04,313.78,1150.0,46.33,68.9,0,0,0,0,0
3240,301.11,311.38,1519.2,32.36,23.6,0,0,0,0,0
3241,295.53,306.15,1150.0,48.21,135.8,0,0,0,0,0
3242,297.87,307.18,1411.5,44.85,3.2,0,0,0,0,0
3243,300.29,309.87,1381.5,47.26,201.9,0,0,0,0,0
3244,302.49,312.34,1263.6,50.09,29.5,0,0,0,0,0
3245,298.94,308.36,1518.4,29.16,201.9,0,0,0,0,0
3246,300.70,312.83,1557.8,29.11,243.6,0,0,0,0,0
3247,302.00,313.29,1590.1,36.94,25.2,0,0,0,0,0
3248,297.72,308.08,1819.7,28.53,117.3,0,0,0,0,0
3249,299.43,310.45,1630.4,32.94,89.7,0,0,0,0,0
3250,299.93,309.13,1745.4,33.30,63.1,0,0,0,0,0
3251,296.05,306.63,1409.9,42.92,148.8,0,0,0,0,0
3252,296.44,305.08,1612.4,39.75,152.5,0,0,0,0,0
3253,300.89,309.44,1816.6,25.45,120.2,0,0,0,0,0
3254,303.47,314.58,1516.9,50.49,126.6,0,0,0,0,0
3255,301.86,313.35,1573.0,37.73,91.0,0,0,0,0,0
3256,299.00,309.97,1459.4,42.41,79.9,0,0,0,0,0
3257,300.83,311.37,1643.1,26.21,70.4,0,0,0,0,0
3258,300.07,308.63,1298.6,44.23,11.8,1,0,1,0,0
3259,301.20,311.74,1580.3,33.11,135.1,0,0,0,0,0
3260,300.93,310.73,1534.1,36.14,28.4,0,0,0,0,0
3261,297.34,306.16,1462.3,44.69,203.0,0,0,0,0,0
3262,296.37,306.67,1493.3,44.98,9.4,0,0,0,0,0
3263,301.34,310.90,1642.9,40.26,83.6,0,0,0,0,0
3264,301.91,312.25,1815.3,23.39,196.8,0,0,0,0,0
3265,298.97,309.01,1150.0,50.34,172.5,0,0,0,0,0
3266,299.54,308.45,1484.1,48.48,105.7,0,0,0,0,0
3267,301.04,310.76,1598.8,34.34,142.0,0,0,0,0,0
3268,300.75,310.25,1776.0,34.71,229.5,1,1,0,0,0
3269,298.33,308.34,1703.6,37.15,230.8,0,0,0,0,0
3270,300.79,309.51,1513.4,25.53,139.7,0,0,0,0,0
3271,299.62,310.62,1623.5,43.66,191.9,0,0,0,0,0
3272,298.06,307.98,1177.3,49.89,194.4,0,0,0,0,0
3273,299.40,309.36,1363.3,45.22,3.4,0,0,0,0,0
3274,300.45,309.50,1245.0,42.83,28.6,0,0,0,0,0
3275,301.42,311.79,1639.1,36.36,15.2,0,0,0,0,0
3276,301.73,312.12,1488.8,39.97,123.1,0,0,0,0,0
3277,298.28,307.19,1431.6,34.33,57.1,0,0,0,0,0
3278,299.85,308.93,1651.2,37.28,80.4,0,0,0,0,0
3279,298.48,310.61,1468.7,33.68,26.4,0,0,0,0,0
3280,301.85,311.55,1381.4,50.15,226.6,1,0,0,0,1
3281,300.95,309.22,1421.5,47.15,36.4,0,0,0,0,0
3282,300.15,311.62,1479.0,42.48,60.2,0,0,0,0,0
3283,297.70,309.30,1677.8,36.93,169.1,0,0,0,0,0
3284,302.79,312.03,1500.6,37.98,113.9,0,0,0,0,0
3285,298.52,308.34,1335.1,51.45,141.3,0,0,0,0,0
3286,298.41,309.18,1446.6,39.90,222.8,1,1,0,0,0
3287,300.15,307.28,1369.5,43.16,135.8,1,0,1,0,0
3288,301.39,310.52,1691.7,23.23,184.2,0,0,0,0,0
3289,300.60,310.81,1551.2,32.49,216.3,0,0,0,0,0
3290,298.59,307.55,1650.7,29.51,29.3,0,0,0,0,0
3291,298.72,308.72,1337.5,49.71,112.3,0,0,0,0,0
3292,300.49,311.26,1795.4,26.55,182.7,0,0,0,0,0
3293,300.60,312.02,1334.1,45.71,175.1,0,0,0,0,0
3294,299.88,309.14,1623.0,33.47,123.0,0,0,0,0,0
3295,298.51,309.22,1556.3,33.95,172.6,0,0,0,0,0
3296,298.55,306.87,1551.2,38.99,89.3,0,0,0,0,0
3297,297.99,310.34,1270.9,47.53,179.4,0,0,0,0,0
3298,302.39,311.33,1386.2,41.96,37.3,0,0,0,0,0
3299,297.71,307.21,1371.1,46.39,85.0,0,0,0,0,0
3300,301.16,310.95,1635.9,41.17,213.2,0,0,0,0,0
3301,299.25,309.92,1452.2,43.95,242.7,0,0,0,0,0
3302,296.70,305.82,1666.7,33.34,14.0,0,0,0,0,0
3303,302.21,311.68,1340.9,44.37,65.5,0,0,0,0,0
3304,298.22,308.58,1312.3,50.05,237.1,1,1,0,0,1
3305,300.91,311.59,1315.7,48.94,201.7,0,0,0,0,0
3306,299.61,310.07,1565.6,41.22,160.8,0,0,0,0,0
3307,301.29,310.68,1672.1,43.19,43.4,0,0,0,0,0
3308,298.10,309.43,1367.8,47.52,138.4,0,0,0,0,0
3309,300.57,311.58,1627.1,37.06,69.6,0,0,0,0,0
3310,302.90,312.43,1416.2,37.88,218.8,1,1,0,0,0
3311,298.83,307.82,1399.1,63.65,78.7,1,0,0,1,0
3312,304.06,314.24,1520.1,33.73,243.2,1,1,0,0,0
3313,301.15,309.52,1733.6,39.55,142.1,0,0,0,0,0
3314,295.02,304.10,1377.1,44.88,112.6,0,0,0,0,0
3315,301.12,310.91,1665.3,40.20,75.3,0,0,0,0,0
3316,299.01,309.79,1625.0,37.09,205.3,0,0,0,0,0
3317,301.68,311.71,1252.0,44.96,116.5,0,0,0,0,0
3318,302.53,312.68,1416.2,47.67,72.0,0,0,0,0,0
3319,300.89,310.13,1322.0,45.23,13.0,0,0,0,0,0
3320,297.68,306.87,1529.8,38.27,45.1,0,0,0,0,0
3321,298.86,307.73,1357.7,49.90,3.4,0,0,0,0,0
3322,302.74,312.34,1472.5,46.80,215.5,0,0,0,0,0
3323,298.84,308.02,1636.8,47.98,127.3,0,0,0,0,0
3324,300.51,310.39,1637.5,31.69,166.3,0,0,0,0,0
3325,299.53,309.72,1324.7,39.96,101.5,0,0,0,0,0
3326,295.35,303.54,1620.5,41.08,34.0,0,0,0,0,0
3327,297.64,308.02,1762.4,32.09,61.6,0,0,0,0,0
3328,301.72,310.66,1529.7,35.42,167.0,0,0,0,0,0
3329,299.72,311.15,1471.8,47.40,155.5,0,0,0,0,0
3330,302.23,310.21,1150.0,55.25,10.0,1,0,1,0,0
3331,296.18,306.57,1644.7,41.87,164.3,0,0,0,0,0
3332,299.60,309.45,1630.7,42.94,53.0,0,0,0,0,0
3333,303.18,311.79,1295.7,37.46,236.3,0,0,0,0,0
3334,302.54,313.04,1531.8,43.66,87.7,0,0,0,0,0
3335,300.75,312.36,1524.5,41.75,144.1,0,0,0,0,0
3336,301.80,311.17,1716.8,32.43,238.6,0,0,0,0,0
3337,304.30,312.75,1416.7,35.23,3.1,0,0,0,0,0
3338,299.67,310.73,1523.9,45.02,55.8,0,0,0,0,0
3339,301.27,312.41,1286.8,43.90,199.3,0,0,0,0,0
3340,298.00,308.32,1358.5,43.14,185.8,0,0,0,0,0
3341,300.34,309.54,1620.9,40.08,83.6,0,0,0,0,0
3342,298.23,308.48,1906.7,36.30,211.0,0,0,0,0,0
3343,300.83,310.19,1434.3,51.84,179.0,0,0,0,0,0
3344,299.50,310.46,1473.6,40.96,48.0,0,0,0,0,0
3345,303.96,314.06,1633.5,42.27,8.7,0,0,0,0,0
3346,298.13,309.44,1336.6,43.54,6.5,0,0,0,0,0
3347,303.40,311.03,1707.7,25.58,106.9,0,0,0,0,0
3348,298.87,309.50,1625.0,31.61,171.8,0,0,0,0,0
3349,299.75,309.68,1725.5,27.93,92.5,0,0,0,0,0
3350,301.63,313.49,1381.9,38.85,212.3,0,0,0,0,0
3351,295.91,307.07,1538.5,43.18,89.0,0,0,0,0,0
3352,303.46,314.86,1388.0,48.95,159.1,0,0,0,0,0
3353,295.74,306.28,1463.9,32.95,46.4,0,0,0,0,0
3354,301.64,311.57,1442.3,37.79,149.3,0,0,0,0,0
3355,300.23,310.63,1633.1,36.40,184.4,0,0,0,0,0
3356,300.71,312.08,1549.0,38.21,87.1,0,0,0,0,0
3357,301.61,311.26,1242.1,50.48,218.5,1,0,0,0,1
3358,300.29,311.61,1518.1,41.03,33.1,0,0,0,0,0
3359,301.52,310.76,1354.6,53.29,241.5,1,1,0,0,1
3360,301.55,310.03,1618.1,39.50,2.9,0,0,0,0,0
3361,302.45,314.36,1216.7,59.35,240.8,1,0,0,0,1
3362,301.37,309.90,1538.0,38.36,52.9,0,0,0,0,0
3363,302.52,313.38,1346.2,56.99,239.1,1,0,0,0,1
3364,298.81,308.25,1567.8,44.54,79.7,0,0,0,0,0
3365,298.55,308.41,1225.0,44.97,6.0,0,0,0,0,0
3366,298.09,306.73,1420.2,36.80,191.0,0,0,0,0,0
3367,298.17,311.23,1658.7,35.52,234.1,0,0,0,0,0
3368,298.31,308.73,1493.5,44.56,75.1,0,0,0,0,0
3369,299.43,308.55,1615.4,29.36,19.7,0,0,0,0,0
3370,295.09,303.45,1719.6,35.46,87.4,0,0,0,0,0
3371,297.41,309.25,1608.3,31.63,99.5,0,0,0,0,0
3372,300.09,310.58,1518.3,43.00,56.1,0,0,0,0,0
3373,301.39,309.99,1899.9,28.54,24.7,0,0,0,0,0
3374,298.24,308.09,1905.0,25.35,26.2,0,0,0,0,0
3375,298.55,308.55,1711.4,25.69,22.5,0,0,0,0,0
3376,299.55,308.50,1737.0,37.90,119.5,0,0,0,0,0
3377,300.20,310.51,1297.9,39.64,192.7,0,0,0,0,0
3378,300.33,308.28,1333.6,42.94,145.6,1,0,1,0,0
3379,299.87,309.62,1614.5,40.93,177.1,0,0,0,0,0
3380,301.99,312.91,1600.8,42.67,209.5,0,0,0,0,0
3381,298.56,308.56,1688.0,40.51,6.7,0,0,0,0,0
3382,300.37,310.72,1499.8,36.92,172.6,0,0,0,0,0
3383,301.87,310.66,1486.1,36.84,181.9,0,0,0,0,0
3384,303.29,311.29,1581.7,36.46,116.4,0,0,0,0,0
3385,304.17,315.31,1732.6,39.09,234.3,0,0,0,0,0
3386,300.56,309.42,1459.9,40.00,12.8,0,0,0,0,0
3387,297.74,309.00,1640.8,40.86,146.7,0,0,0,0,0
3388,305.97,314.19,1448.8,20.28,93.4,1,0,0,1,0
3389,294.01,302.66,1449.4,52.31,56.9,0,0,0,0,0
3390,301.58,311.08,1484.1,44.05,71.0,0,0,0,0,0
3391,300.94,313.00,1150.0,46.74,204.7,0,0,0,0,0
3392,302.15,311.25,1331.0,44.41,145.9,0,0,0,0,0
3393,300.20,308.93,1506.8,37.16,85.5,0,0,0,0,0
3394,301.06,311.80,1752.0,30.97,173.7,0,0,0,0,0
3395,301.56,311.34,1598.2,35.66,48.3,0,0,0,0,0
3396,300.51,309.50,1798.4,28.52,126.2,0,0,0,0,0
3397,300.74,311.46,1552.7,35.81,65.0,0,0,0,0,0
3398,299.72,311.28,1368.7,49.84,135.0,0,0,0,0,0
3399,301.36,312.04,1529.6,34.51,167.4,0,0,0,0,0
3400,301.81,313.14,1522.3,49.11,236.3,1,1,0,0,1
3401,300.63,310.66,1573.7,45.81,138.7,0,0,0,0,0
3402,296.73,305.92,1455.2,45.71,42.4,0,0,0,0,0
3403,298.33,309.04,1337.5,46.77,2.6,0,0,0,0,0
3404,300.60,311.03,1556.8,40.32,37.1,0,0,0,0,0
3405,298.36,308.84,1892.8,21.01,169.1,0,0,0,0,0
3406,304.93,313.11,1298.3,39.05,159.6,1,0,1,0,0
3407,300.36,310.91,1355.8,47.99,187.4,0,0,0,0,0
3408,302.35,313.15,1439.9,48.04,19.1,0,0,0,0,0
3409,301.36,310.46,1756.3,36.96,29.6,0,0,0,0,0
3410,300.52,310.79,1582.1,39.62,179.0,0,0,0,0,0
3411,299.25,311.64,1637.2,38.55,47.8,0,0,0,0,0
3412,300.03,310.46,1548.6,38.59,94.9,0,0,0,0,0
3413,299.93,308.78,1555.8,43.53,204.8,0,0,0,0,0
3414,299.67,309.32,1660.3,32.86,35.5,0,0,0,0,0
3415,303.67,316.39,1531.8,36.58,167.4,0,0,0,0,0
3416,296.49,305.16,1414.7,47.21,15.6,0,0,0,0,0
3417,295.06,304.50,1542.0,28.75,199.6,0,0,0,0,0
3418,297.54,308.37,1643.0,32.64,152.8,0,0,0,0,0
3419,296.85,305.70,1604.7,32.31,144.8,0,0,0,0,0
3420,301.51,311.04,1714.1,33.74,55.8,0,0,0,0,0
3421,297.42,306.60,1491.7,34.65,236.0,0,0,0,0,0
3422,300.25,310.56,1386.6,51.63,115.0,0,0,0,0,0
3423,301.50,310.35,1393.0,50.79,75.4,0,0,0,0,0
3424,301.27,311.92,1394.7,42.11,212.8,0,0,0,0,0
3425,302.38,312.62,1512.7,36.10,0.9,0,0,0,0,0
3426,300.02,311.20,1654.0,36.58,133.5,0,0,0,0,0
3427,300.60,309.68,1677.0,38.75,139.4,0,0,0,0,0
3428,301.35,311.21,1688.8,40.64,165.6,0,0,0,0,0
3429,298.04,307.30,1498.8,44.09,95.7,0,0,0,0,0
3430,299.16,308.21,1411.5,39.57,49.2,0,0,0,0,0
3431,297.83,308.70,1872.6,24.84,65.7,0,0,0,0,0
3432,297.99,308.14,1627.4,25.13,132.4,0,0,0,0,0
3433,300.13,310.77,1411.5,46.09,188.2,0,0,0,0,0
3434,302.98,312.75,1551.1,38.24,3.0,0,0,0,0,0
3435,302.94,314.75,1563.5,38.67,190.5,0,0,0,0,0
3436,298.32,307.24,1693.1,42.26,131.1,0,0,0,0,0
3437,302.70,313.62,1753.4,34.32,226.6,0,0,0,0,0
3438,295.90,307.35,1396.7,46.50,102.8,0,0,0,0,0
3439,300.09,309.94,1640.7,33.15,201.7,0,0,0,0,0
3440,302.09,312.11,1529.0,39.27,172.5,0,0,0,0,0
3441,297.62,309.94,1798.6,33.24,109.2,0,0,0,0,0
3442,302.28,310.51,1293.6,46.04,161.6,1,0,1,0,0
3443,301.19,309.98,1553.8,37.66,167.1,0,0,0,0,0
3444,298.44,308.47,1483.1,48.45,129.4,0,0,0,0,0
3445,298.13,307.41,1543.7,45.42,72.0,0,0,0,0,0
3446,302.66,312.28,1326.4,54.43,205.6,1,0,0,0,1
3447,300.75,309.58,1339.5,49.85,185.2,0,0,0,0,0
3448,302.93,313.38,1555.5,44.15,10.0,0,0,0,0,0
3449,301.36,312.53,1341.9,45.59,108.1,0,0,0,0,0
3450,303.50,313.00,1241.1,55.71,233.5,1,0,0,0,1
3451,298.29,308.59,1387.4,46.89,90.4,0,0,0,0,0
3452,300.08,309.48,1368.3,43.28,100.8,0,0,0,0,0
3453,298.36,306.75,1733.2,19.56,18.0,0,0,0,0,0
3454,301.63,312.40,1385.9,40.64,168.7,0,0,0,0,0
3455,303.41,313.78,1308.3,54.54,187.7,0,0,0,0,0
3456,298.63,308.44,1453.8,49.60,185.1,0,0,0,0,0
3457,299.49,308.97,1218.1,45.66,19.8,0,0,0,0,0
3458,300.67,309.60,1351.7,37.37,60.9,0,0,0,0,0
3459,296.68,305.77,1395.3,46.13,8.8,0,0,0,0,0
3460,300.69,310.24,1706.4,34.70,225.1,0,0,0,0,0
3461,299.80,309.68,1554.3,40.69,48.2,0,0,0,0,0
3462,302.00,312.06,1622.1,35.84,19.2,0,0,0,0,0
3463,301.55,312.49,1693.2,26.75,226.4,0,0,0,0,0
3464,297.71,310.03,1431.2,45.79,73.9,0,0,0,0,0
3465,303.17,311.14,1575.5,19.89,122.1,1,0,0,1,0
3466,301.74,311.22,1609.6,36.00,43.5,0,0,0,0,0
3467,302.13,311.80,1287.7,45.20,69.9,0,0,0,0,0
3468,305.40,318.09,1322.2,46.96,204.1,0,0,0,0,0
3469,300.83,311.85,1569.5,31.53,104.6,0,0,0,0,0
3470,301.39,311.97,1432.6,37.71,240.8,0,0,0,0,0
3471,301.95,311.33,1344.1,45.53,4.5,0,0,0,0,0
3472,300.08,309.00,1627.3,36.20,6.5,0,0,0,0,0
3473,298.51,309.31,1625.6,44.09,57.6,0,0,0,0,0
3474,300.44,311.15,1501.8,43.96,78.3,0,0,0,0,0
3475,299.26,309.68,1800.8,20.33,147.7,0,0,0,0,0
3476,299.77,308.70,1456.6,50.69,31.7,0,0,0,0,0
3477,301.64,310.76,1601.4,38.30,116.3,0,0,0,0,0
3478,300.52,309.65,1374.7,46.38,186.9,0,0,0,0,0
3479,299.44,309.62,1564.8,44.35,76.4,0,0,0,0,0
3480,299.46,308.94,1472.7,42.41,145.8,0,0,0,0,0
3481,302.28,310.88,1828.2,38.68,90.9,0,0,0,0,0
3482,299.70,311.02,1489.1,40.90,202.6,0,0,0,0,0
3483,298.48,308.17,1262.3,56.81,129.4,0,0,0,0,0
3484,297.49,306.63,1523.0,43.76,201.6,0,0,0,0,0
3485,299.50,309.43,1205.5,55.97,244.5,1,0,0,0,1
3486,300.34,309.11,1150.0,48.79,144.5,0,0,0,0,0
3487,301.79,313.04,1555.1,35.86,96.3,0,0,0,0,0
3488,302.96,311.14,1524.9,37.99,39.6,0,0,0,0,0
3489,298.72,307.61,1792.9,27.06,212.6,1,1,0,0,0
3490,302.06,312.13,1516.7,49.67,54.7,0,0,0,0,0
3491,303.96,313.98,1247.3,39.59,196.7,0,0,0,0,0
3492,300.85,309.62,1712.0,31.98,237.7,0,0,0,0,0
3493,298.41,309.32,1849.2,35.43,129.2,0,0,0,0,0
3494,299.50,309.79,1588.6,32.30,145.9,0,0,0,0,0
3495,301.63,309.72,1920.4,26.72,119.1,0,0,0,0,0
3496,296.72,307.21,1474.3,29.43,124.2,0,0,0,0,0
3497,301.28,309.80,1457.5,38.18,5.1,0,0,0,0,0
3498,300.13,309.89,1480.3,43.26,57.2,0,0,0,0,0
3499,298.32,306.82,1597.1,33.74,163.8,0,0,0,0,0
3500,302.88,313.44,1659.7,38.69,29.9,0,0,0,0,0
3501,298.55,308.15,1603.2,30.24,68.4,0,0,0,0,0
3502,304.07,314.76,1398.2,53.71,28.7,0,0,0,0,0
3503,300.22,309.06,1482.8,48.82,121.6,0,0,0,0,0
3504,300.59,309.08,1445.9,39.11,40.4,0,0,0,0,0
3505,297.01,304.87,1504.5,39.39,26.4,0,0,0,0,0
3506,297.52,309.17,1687.2,29.53,60.8,0,0,0,0,0
3507,296.00,305.08,1976.9,27.95,218.6,0,0,0,0,0
3508,299.18,310.06,1574.3,32.01,28.7,0,0,0,0,0
3509,302.68,312.21,1465.4,41.15,226.2,0,0,0,0,0
3510,298.73,307.50,1492.7,45.32,87.8,0,0,0,0,0
3511,300.56,312.47,1783.3,31.18,146.5,0,0,0,0,0
3512,301.56,311.42,1615.4,29.29,43.9,0,0,0,0,0
3513,298.11,309.57,1223.2,45.11,104.7,0,0,0,0,0
3514,301.29,311.22,1563.1,31.65,64.1,0,0,0,0,0
3515,300.57,310.74,1615.2,36.17,211.1,0,0,0,0,0
3516,301.61,311.91,1412.5,53.45,38.3,0,0,0,0,0
3517,299.09,309.17,1273.4,50.19,119.8,0,0,0,0,0
3518,300.90,310.90,1774.9,35.49,121.3,0,0,0,0,0
3519,301.56,312.00,1454.9,49.43,106.0,0,0,0,0,0
3520,299.36,308.96,1435.1,38.41,33.6,0,0,0,0,0
3521,299.97,309.85,1338.7,40.63,193.0,0,0,0,0,0
3522,301.69,312.02,1263.2,48.35,192.8,0,0,0,0,0
3523,300.94,311.34,1516.0,34.75,131.4,0,0,0,0,0
3524,298.12,309.19,1477.7,37.35,222.6,0,0,0,0,0
3525,299.42,310.01,1579.6,38.47,57.6,0,0,0,0,0
3526,299.97,309.39,1222.8,47.77,131.7,0,0,0,0,0
3527,297.99,307.82,1560.7,39.40,21.3,0,0,0,0,0
3528,298.14,309.57,1589.2,38.13,6.4,0,0,0,0,0
3529,299.21,309.87,1727.4,38.26,219.8,0,0,0,0,0
3530,297.46,308.45,1469.1,36.89,236.8,0,0,0,0,0
3531,301.21,311.03,1345.1,52.96,207.7,0,0,0,0,0
3532,300.63,310.90,2033.2,18.34,59.1,0,0,0,0,0
3533,302.59,312.36,1635.7,37.82,30.4,0,0,0,0,0
3534,301.69,312.85,1450.9,46.41,76.2,0,0,0,0,0
3535,299.73,309.70,1317.4,41.08,144.7,0,0,0,0,0
3536,298.66,307.16,1441.9,54.26,129.6,0,0,0,0,0
3537,298.13,308.86,1380.4,48.68,232.4,1,0,0,0,1
3538,297.54,306.85,1781.3,35.11,48.4,0,0,0,0,0
3539,300.25,309.81,1473.9,46.36,105.4,0,0,0,0,0
3540,299.20,309.57,1638.7,32.34,216.4,0,0,0,0,0
3541,305.28,316.28,1398.8,40.61,201.6,0,0,0,0,0
3542,301.86,311.64,1737.9,31.44,236.1,0,0,0,0,0
3543,300.03,310.26,1564.8,28.52,19.5,0,0,0,0,0
3544,301.18,311.65,1842.6,21.20,33.1,0,0,0,0,0
3545,295.72,305.57,1693.2,30.33,162.8,0,0,0,0,0
3546,301.38,310.71,1264.2,48.10,216.3,0,0,0,0,0
3547,302.77,311.48,1482.7,35.27,111.6,0,0,0,0,0
3548,301.48,311.57,1701.6,38.67,215.1,1,1,0,0,0
3549,299.73,310.74,1194.1,49.32,56.1,0,0,0,0,0
3550,299.61,308.13,1498.0,53.17,113.7,0,0,0,0,0
3551,301.69,310.91,1856.2,31.61,243.2,0,0,0,0,0
3552,300.20,309.21,1333.4,41.59,148.3,0,0,0,0,0
3553,296.37,307.38,1476.8,40.28,181.8,0,0,0,0,0
3554,303.29,313.86,1664.6,22.98,43.6,0,0,0,0,0
3555,301.13,311.11,1492.1,47.21,176.7,0,0,0,0,0
3556,299.53,310.92,1746.7,32.45,58.1,0,0,0,0,0
3557,302.01,311.20,1383.7,53.08,35.9,0,0,0,0,0
3558,300.70,311.81,1725.6,43.40,99.9,0,0,0,0,0
3559,304.71,315.12,1509.1,39.93,27.3,0,0,0,0,0
3560,301.32,311.93,1291.8,45.21,120.6,0,0,0,0,0
3561,295.89,305.94,1464.8,45.37,241.7,0,0,0,0,0
3562,297.34,307.00,1733.3,38.28,139.1,0,0,0,0,0
3563,301.03,311.22,1423.7,44.39,95.4,0,0,0,0,0
3564,299.05,308.72,1432.1,48.69,174.4,0,0,0,0,0
3565,297.67,308.02,1589.0,32.76,30.7,0,0,0,0,0
3566,301.80,310.62,1257.6,53.25,8.9,0,0,0,0,0
3567,300.84,311.92,1729.6,39.59,210.7,0,0,0,0,0
3568,296.81,306.95,1440.8,32.37,127.4,0,0,0,0,0
3569,299.44,309.66,1504.3,32.48,240.7,0,0,0,0,0
3570,301.07,313.06,1222.1,43.42,133.8,0,0,0,0,0
3571,299.34,310.29,1601.8,45.09,34.6,0,0,0,0,0
3572,299.48,309.69,1594.5,40.11,214.9,1,1,0,0,0
3573,303.58,313.40,1836.8,26.50,216.9,0,0,0,0,0
3574,299.06,308.75,1687.3,30.01,238.5,0,0,0,0,0
3575,300.48,311.40,1197.6,61.33,28.5,0,0,0,0,0
3576,297.98,307.18,1604.9,34.06,146.1,0,0,0,0,0
3577,301.99,312.61,1575.4,37.51,193.4,0,0,0,0,0
3578,299.69,310.32,1697.4,36.04,64.7,0,0,0,0,0
3579,297.59,307.99,1781.2,34.91,229.1,0,0,0,0,0
3580,304.08,313.54,1352.4,53.74,159.4,0,0,0,0,0
3581,302.16,311.60,1288.8,51.95,78.5,0,0,0,0,0
3582,299.44,310.24,1574.9,39.69,208.2,0,0,0,0,0
3583,298.32,308.25,1544.3,32.93,95.0,0,0,0,0,0
3584,295.33,306.94,1585.9,42.02,60.6,0,0,0,0,0
3585,301.01,311.05,1673.2,34.61,71.6,0,0,0,0,0
3586,299.18,309.51,1605.0,38.64,6.4,0,0,0,0,0
3587,297.93,307.74,1369.0,40.32,49.8,0,0,0,0,0
3588,298.63,308.73,1655.3,35.84,215.3,0,0,0,0,0
3589,298.01,306.52,1315.9,35.60,223.9,1,0,1,0,0
3590,300.84,311.62,1475.4,39.41,47.8,0,0,0,0,0
3591,299.25,310.47,1403.3,49.29,238.3,1,0,0,0,1
3592,297.36,306.23,1294.2,55.50,211.1,1,0,0,0,1
3593,302.93,313.10,1576.8,33.35,201.4,0,0,0,0,0
3594,299.68,310.43,1244.1,46.70,199.1,0,0,0,0,0
3595,301.21,309.00,1493.6,47.79,33.3,0,0,0,0,0
3596,299.12,308.17,1409.7,46.20,202.3,0,0,0,0,0
3597,297.30,306.98,1473.2,35.36,215.6,0,0,0,0,0
3598,300.09,310.99,1730.5,38.00,243.8,0,0,0,0,0
3599,299.03,309.53,1335.9,49.06,217.9,0,0,0,0,0
3600,304.64,314.66,1478.8,48.54,194.2,0,0,0,0,0
3601,303.41,312.54,1316.8,53.16,55.4,0,0,0,0,0
3602,305.53,313.58,1726.9,37.91,59.8,0,0,0,0,0
3603,300.09,307.07,1715.1,33.76,58.3,0,0,0,0,0
3604,297.97,308.17,1745.4,49.60,10.1,1,0,0,1,0
3605,298.17,307.64,1800.9,35.46,23.2,0,0,0,0,0
3606,297.70,307.23,1815.8,28.84,18.9,0,0,0,0,0
3607,298.24,308.29,1675.7,37.11,134.3,0,0,0,0,0
3608,298.33,309.50,1712.0,32.34,121.9,0,0,0,0,0
3609,301.43,311.17,1376.7,40.43,143.3,0,0,0,0,0
3610,303.36,313.63,1445.4,44.55,214.8,1,1,0,0,0
3611,298.51,307.54,1786.5,38.74,237.4,0,0,0,0,0
3612,300.48,310.02,1771.3,29.25,94.8,0,0,0,0,0
3613,297.11,308.67,1611.1,35.91,22.9,0,0,0,0,0
3614,297.77,308.13,1401.1,40.54,199.3,0,0,0,0,0
3615,302.98,312.81,1625.3,39.25,199.6,0,0,0,0,0
3616,300.17,309.80,1589.7,34.31,234.7,0,0,0,0,0
3617,302.44,311.54,2125.0,23.48,13.0,0,0,0,0,0
3618,296.67,306.19,1244.4,44.59,97.3,0,0,0,0,0
3619,299.85,310.76,1597.8,45.17,117.9,0,0,0,0,0
3620,298.23,308.38,1409.4,51.42,127.6,0,0,0,0,0
3621,296.80,307.07,1551.6,41.96,25.1,0,0,0,0,0
3622,298.66,311.29,1175.0,51.16,97.0,0,0,0,0,0
3623,298.79,308.15,1597.5,45.62,91.4,0,0,0,0,0
3624,300.47,311.94,1551.6,40.97,234.7,0,0,0,0,0
3625,304.87,314.33,1511.8,42.36,183.0,0,0,0,0,0
3626,305.19,315.17,1591.4,45.05,130.2,0,0,0,0,0
3627,300.09,308.66,1785.5,25.69,58.6,0,0,0,0,0
3628,299.51,308.47,1571.9,50.79,128.8,0,0,0,0,0
3629,297.23,306.93,1649.1,38.30,187.6,0,0,0,0,0
3630,300.60,311.08,1482.9,46.31,185.9,0,0,0,0,0
3631,300.38,312.63,1447.9,37.21,242.8,0,0,0,0,0
3632,299.66,309.43,1892.0,26.40,176.0,0,0,0,0,0
3633,301.01,311.50,1578.5,44.12,39.1,0,0,0,0,0
3634,299.62,310.48,1779.2,27.17,26.9,0,0,0,0,0
3635,300.18,310.44,1587.5,44.17,118.8,0,0,0,0,0
3636,295.81,306.76,1312.5,60.89,236.0,1,1,0,0,1
3637,299.38,307.55,1390.7,43.73,4.3,0,0,0,0,0
3638,298.66,307.75,1421.5,59.42,55.3,0,0,0,0,0
3639,303.54,313.60,1499.4,31.39,222.1,1,1,0,0,0
3640,301.04,311.58,1691.8,25.84,181.6,0,0,0,0,0
3641,299.91,309.87,1529.8,41.82,71.6,0,0,0,0,0
3642,300.52,308.93,1661.9,33.71,120.3,0,0,0,0,0
3643,303.37,313.92,1933.9,25.54,233.3,0,0,0,0,0
3644,301.50,311.04,1401.1,43.74,172.2,0,0,0,0,0
3645,301.51,310.98,1641.0,42.45,27.2,0,0,0,0,0
3646,299.62,309.21,1633.4,39.04,186.8,0,0,0,0,0
3647,297.89,306.42,1491.6,54.45,203.2,1,0,0,0,1
3648,304.78,314.71,1150.0,56.07,79.7,0,0,0,0,0
3649,301.69,311.58,1722.1,35.23,243.0,0,0,0,0,0
3650,300.58,311.04,1200.9,52.66,242.2,1,0,0,0,1
3651,301.75,311.24,1460.3,51.66,126.9,0,0,0,0,0
3652,299.24,310.04,1433.1,41.57,3.7,0,0,0,0,0
3653,295.94,304.35,1445.2,45.07,156.3,0,0,0,0,0
3654,300.64,310.64,1624.2,38.69,162.4,0,0,0,0,0
3655,300.58,309.44,1561.6,40.89,164.5,0,0,0,0,0
3656,300.43,309.30,1204.7,40.21,235.6,0,0,0,0,0
3657,302.18,312.37,1256.2,53.89,137.5,0,0,0,0,0
3658,298.80,308.53,1607.2,36.90,126.2,0,0,0,0,0
3659,303.67,313.62,1378.6,46.08,83.0,0,0,0,0,0
3660,301.81,313.81,1554.0,47.95,94.5,0,0,0,0,0
3661,302.17,310.86,1675.7,40.39,128.7,0,0,0,0,0
3662,303.52,314.98,1348.2,47.85,29.1,0,0,0,0,0
3663,301.21,311.64,1755.1,29.30,110.4,0,0,0,0,0
3664,297.23,307.46,1514.8,39.62,186.5,0,0,0,0,0
3665,302.63,312.55,1150.0,53.28,11.9,0,0,0,0,0
3666,298.72,308.51,1314.3,43.64,78.6,0,0,0,0,0
3667,299.45,310.10,1551.4,43.52,134.1,0,0,0,0,0
3668,301.64,313.07,1494.3,34.38,103.0,0,0,0,0,0
3669,300.06,309.32,1430.9,50.43,205.9,0,0,0,0,0
3670,300.64,308.39,1627.4,34.76,23.2,0,0,0,0,0
3671,301.12,311.89,1479.2,34.73,215.9,1,1,0,0,0
3672,297.56,307.63,1451.0,47.18,189.3,0,0,0,0,0
3673,299.51,308.56,1434.1,42.01,81.5,0,0,0,0,0
3674,299.83,309.92,1468.5,50.30,102.4,0,0,0,0,0
3675,303.23,312.45,1629.9,30.56,85.9,0,0,0,0,0
3676,298.79,308.16,1455.4,53.40,237.1,1,0,0,0,1
3677,302.68,313.58,1472.7,52.69,63.6,0,0,0,0,0
3678,301.72,311.14,1578.7,35.08,30.2,0,0,0,0,0
3679,299.64,310.07,1622.0,36.90,63.5,0,0,0,0,0
3680,299.01,307.67,1474.1,43.25,67.6,0,0,0,0,0
3681,299.19,310.28,1659.3,30.69,119.1,0,0,0,0,0
3682,298.46,308.12,1434.8,44.11,124.9,0,0,0,0,0
3683,299.90,309.22,1567.0,33.13,127.0,0,0,0,0,0
3684,301.70,311.36,1692.2,30.30,25.9,0,0,0,0,0
3685,301.34,310.01,1395.6,40.54,207.0,0,0,0,0,0
3686,299.70,308.50,1657.0,33.10,68.7,0,0,0,0,0
3687,300.24,310.92,1207.4,53.37,77.1,0,0,0,0,0
3688,301.22,312.18,1412.8,45.42,57.1,0,0,0,0,0
3689,297.73,308.12,1737.1,28.94,49.4,0,0,0,0,0
3690,300.50,310.16,1658.7,31.40,221.6,0,0,0,0,0
3691,297.09,305.98,1423.0,45.46,26.5,0,0,0,0,0
3692,299.51,308.34,1520.2,37.67,38.5,0,0,0,0,0
3693,297.00,307.03,1274.4,54.31,63.1,0,0,0,0,0
3694,298.82,308.33,1564.8,31.54,45.3,0,0,0,0,0
3695,298.96,309.20,1613.2,28.77,137.6,0,0,0,0,0
3696,299.40,308.35,1518.5,43.02,39.1,0,0,0,0,0
3697,302.10,310.72,1498.6,40.27,47.5,0,0,0,0,0
3698,299.18,309.28,1202.5,49.26,165.5,0,0,0,0,0
3699,301.99,311.95,1649.0,36.17,82.5,0,0,0,0,0
3700,301.56,312.88,1315.4,40.45,180.7,0,0,0,0,0
3701,298.67,310.39,1546.7,38.95,224.9,0,0,0,0,0
3702,300.18,310.39,1369.6,41.78,47.8,0,0,0,0,0
3703,299.92,309.39,1581.0,35.00,178.8,0,0,0,0,0
3704,298.71,307.01,1526.9,46.70,11.0,0,0,0,0,0
3705,299.98,311.14,1337.5,50.30,162.6,0,0,0,0,0
3706,295.82,305.71,1877.1,27.91,76.5,0,0,0,0,0
3707,300.66,310.39,1479.4,47.33,212.3,0,0,0,0,0
3708,302.41,314.24,1563.0,40.97,239.3,0,0,0,0,0
3709,300.62,310.46,1371.6,33.17,233.8,1,1,0,0,0
3710,300.30,310.50,1710.0,32.64,40.8,0,0,0,0,0
3711,297.09,307.01,1770.4,22.11,186.1,0,0,0,0,0
3712,301.67,312.16,1626.4,43.88,38.7,0,0,0,0,0
3713,301.22,311.40,1784.0,29.36,4.1,0,0,0,0,0
3714,302.44,311.95,1561.4,35.21,212.8,1,1,0,0,0
3715,302.63,312.59,1529.8,43.74,26.2,0,0,0,0,0
3716,298.92,310.23,1391.1,44.25,15.5,0,0,0,0,0
3717,299.66,308.73,1597.3,40.62,195.7,0,0,0,0,0
3718,302.82,312.95,1650.5,26.90,91.6,0,0,0,0,0
3719,296.79,308.02,1476.0,31.34,242.7,0,0,0,0,0
3720,300.64,311.65,1700.9,33.43,230.5,0,0,0,0,0
3721,298.21,308.83,1726.7,37.61,117.2,0,0,0,0,0
3722,298.39,306.42,1659.4,28.31,200.4,0,0,0,0,0
3723,301.60,311.22,1579.1,35.70,65.2,0,0,0,0,0
3724,299.81,309.57,1646.9,44.14,116.3,0,0,0,0,0
3725,300.36,309.36,1369.0,39.16,58.2,0,0,0,0,0
3726,302.38,311.75,1593.8,30.55,76.9,0,0,0,0,0
3727,302.20,311.32,1635.4,41.20,118.9,0,0,0,0,0
3728,300.97,310.84,1451.4,53.60,87.3,0,0,0,0,0
3729,301.03,311.16,1506.6,35.64,110.5,0,0,0,0,0
3730,301.82,311.80,1434.9,42.85,93.1,0,0,0,0,0
3731,298.10,308.18,1384.2,42.94,234.0,0,0,0,0,0
3732,297.12,306.96,1497.7,33.33,88.4,0,0,0,0,0
3733,299.95,310.05,1677.5,36.20,7.0,0,0,0,0,0
3734,301.38,310.80,1742.7,35.39,50.9,0,0,0,0,0
3735,302.50,312.73,1459.7,40.96,23.4,0,0,0,0,0
3736,300.17,308.14,1479.3,35.81,0.6,0,0,0,0,0
3737,302.22,312.29,1671.3,26.32,28.4,0,0,0,0,0
3738,300.79,312.48,1304.7,42.77,186.6,0,0,0,0,0
3739,297.33,304.78,1678.7,40.40,235.0,0,0,0,0,0
3740,300.68,311.23,1621.7,26.96,224.0,0,0,0,0,0
3741,302.35,312.52,1501.6,52.10,63.4,0,0,0,0,0
3742,298.80,310.14,1367.0,46.93,196.7,0,0,0,0,0
3743,300.87,311.48,1600.4,48.93,93.6,0,0,0,0,0
3744,299.20,309.74,1742.3,32.32,201.5,0,0,0,0,0
3745,299.63,310.71,1658.8,28.09,50.8,0,0,0,0,0
3746,299.46,309.93,1270.4,54.17,131.7,0,0,0,0,0
3747,300.20,309.96,1547.7,37.16,111.6,0,0,0,0,0
3748,297.55,307.38,1559.1,35.41,244.3,0,0,0,0,0
3749,301.89,310.21,1827.2,21.31,151.7,0,0,0,0,0
3750,302.13,310.88,1435.9,45.44,66.4,0,0,0,0,0
3751,302.06,313.30,1319.6,50.96,89.9,0,0,0,0,0
3752,298.16,309.53,1577.4,39.96,45.9,0,0,0,0,0
3753,301.31,311.77,1383.6,46.85,103.8,0,0,0,0,0
3754,301.97,311.80,1519.0,51.44,91.0,0,0,0,0,0
3755,300.87,310.83,1644.7,38.61,44.7,0,0,0,0,0
3756,298.43,307.49,1551.0,37.92,90.5,0,0,0,0,0
3757,299.00,307.58,1351.9,40.11,77.0,1,0,1,0,0
3758,302.83,311.85,1630.4,35.71,0.0,0,0,0,0,0
3759,299.77,310.02,1325.8,45.39,209.5,0,0,0,0,0
3760,298.58,309.32,1470.3,51.43,81.0,0,0,0,0,0
3761,298.45,306.97,1465.2,50.69,44.4,0,0,0,0,0
3762,298.76,308.44,1761.0,29.05,158.2,0,0,0,0,0
3763,301.16,309.93,1734.8,32.20,4.5,0,0,0,0,0
3764,295.99,305.92,2034.1,23.41,87.6,0,0,0,0,0
3765,297.24,307.01,1448.4,51.24,198.4,0,0,0,0,0
3766,296.91,307.30,1525.5,40.91,160.5,0,0,0,0,0
3767,301.35,309.05,1591.6,29.71,232.4,0,0,0,0,0
3768,297.92,309.95,1681.6,45.82,101.2,0,0,0,0,0
3769,296.26,307.74,1380.2,53.46,70.5,0,0,0,0,0
3770,299.54,310.01,1657.4,36.94,77.3,0,0,0,0,0
3771,300.67,311.23,1745.0,38.45,20.5,0,0,0,0,0
3772,298.72,306.79,1749.7,28.15,108.5,0,0,0,0,0
3773,298.84,308.86,1578.1,50.77,113.1,0,0,0,0,0
3774,302.44,313.34,1266.4,53.42,169.6,0,0,0,0,0
3775,302.92,311.73,1452.2,34.16,23.5,0,0,0,0,0
3776,300.64,312.10,1727.9,47.63,109.1,0,0,0,0,0
3777,299.07,308.01,1339.2,50.67,201.9,0,0,0,0,0
3778,301.26,311.05,1430.1,35.34,25.8,0,0,0,0,0
3779,300.24,311.20,1514.5,37.42,89.4,0,0,0,0,0
3780,299.91,309.34,1530.7,38.19,174.2,0,0,0,0,0
3781,302.20,314.09,1540.5,36.77,30.2,0,0,0,0,0
3782,297.23,306.97,1483.3,50.70,114.2,0,0,0,0,0
3783,300.24,307.72,1481.7,43.53,82.2,0,0,0,0,0
3784,300.22,311.96,1590.7,41.23,162.6,0,0,0,0,0
3785,305.05,314.70,1156.9,52.56,107.1,0,0,0,0,0
3786,298.97,309.51,1180.1,47.88,41.4,0,0,0,0,0
3787,301.56,311.77,1253.9,51.53,139.6,0,0,0,0,0
3788,300.39,309.89,1585.4,39.05,131.3,0,0,0,0,0
3789,299.80,309.70,1427.7,37.30,144.8,0,0,0,0,0
3790,300.37,309.98,1441.0,43.52,8.5,0,0,0,0,0
3791,303.55,315.04,1434.9,42.32,232.5,0,0,0,0,0
3792,300.49,310.56,1435.1,43.57,102.2,0,0,0,0,0
3793,297.91,308.08,1388.8,46.16,185.3,0,0,0,0,0
3794,298.27,308.74,1226.8,71.27,45.8,1,0,0,1,0
3795,302.68,313.64,1604.9,39.92,176.9,0,0,0,0,0
3796,299.95,309.30,1794.4,25.38,69.2,0,0,0,0,0
3797,301.67,311.59,1526.7,38.61,123.4,0,0,0,0,0
3798,298.15,308.72,1438.0,45.18,15.8,0,0,0,0,0
3799,299.23,308.95,1577.3,40.51,132.7,0,0,0,0,0
3800,296.81,306.32,1951.2,21.73,152.1,0,0,0,0,0
3801,302.82,313.67,1577.5,28.23,60.0,0,0,0,0,0
3802,297.31,307.20,1509.5,28.95,115.1,0,0,0,0,0
3803,301.27,312.13,1528.4,32.64,180.6,0,0,0,0,0
3804,298.42,308.32,1618.6,32.85,122.6,0,0,0,0,0
3805,300.29,309.06,1738.6,36.65,182.6,0,0,0,0,0
3806,300.42,310.47,1624.8,37.47,95.4,0,0,0,0,0
3807,299.12,310.19,1653.7,37.33,184.8,0,0,0,0,0
3808,299.15,309.49,1594.4,39.64,192.4,0,0,0,0,0
3809,299.07,309.85,1201.2,54.11,241.8,1,0,0,0,1
3810,301.82,312.57,1427.0,36.67,169.7,0,0,0,0,0
3811,302.96,313.06,1779.6,28.30,95.8,0,0,0,0,0
3812,295.77,305.40,1650.5,35.11,177.8,0,0,0,0,0
3813,299.75,309.41,1656.9,30.53,178.6,0,0,0,0,0
3814,298.75,309.03,1314.2,49.71,114.5,0,0,0,0,0
3815,300.97,312.42,1566.8,28.69,112.1,0,0,0,0,0
3816,301.01,311.64,1752.3,31.06,54.8,0,0,0,0,0
3817,300.56,309.57,1536.2,48.08,35.9,0,0,0,0,0
3818,302.57,312.23,1666.9,23.83,220.4,1,1,0,0,0
3819,298.64,306.14,1888.4,38.47,228.1,0,0,0,0,0
3820,299.57,309.45,1335.7,43.67,223.4,1,1,0,0,0
3821,304.18,313.90,1598.6,44.52,153.8,0,0,0,0,0
3822,298.06,308.35,1753.4,30.10,17.9,0,0,0,0,0
3823,303.60,313.03,1620.3,26.39,154.6,0,0,0,0,0
3824,302.10,311.24,1456.8,46.99,138.5,0,0,0,0,0
3825,298.16,308.06,1864.9,42.26,98.6,0,0,0,0,0
3826,299.54,310.21,1569.6,45.61,13.1,0,0,0,0,0
3827,300.59,311.58,1497.4,45.42,65.4,0,0,0,0,0
3828,300.11,309.24,1687.2,35.50,159.4,0,0,0,0,0
3829,302.40,312.61,1402.1,58.78,40.0,0,0,0,0,0
3830,299.90,310.66,1740.5,38.13,148.3,0,0,0,0,0
3831,298.12,308.10,1318.1,47.21,183.9,0,0,0,0,0
3832,301.22,310.79,1508.9,39.30,91.9,0,0,0,0,0
3833,296.93,307.13,1543.4,35.11,127.4,0,0,0,0,0
3834,294.70,305.26,1960.2,34.36,204.6,0,0,0,0,0
3835,300.11,309.79,1395.0,37.91,68.4,0,0,0,0,0
3836,298.48,309.02,1788.9,39.17,207.0,0,0,0,0,0
3837,301.23,310.56,1365.1,46.45,49.3,0,0,0,0,0
3838,298.93,308.17,1792.6,26.26,202.1,0,0,0,0,0
3839,298.33,309.72,1614.1,43.38,46.7,0,0,0,0,0
3840,297.54,307.53,1150.0,43.03,220.2,0,0,0,0,0
3841,300.47,310.17,1572.4,41.79,120.3,0,0,0,0,0
3842,301.03,313.60,1403.4,41.32,81.1,0,0,0,0,0
3843,298.21,308.18,1604.9,39.91,227.6,1,1,0,0,0
3844,298.07,307.20,1567.1,40.70,231.9,0,0,0,0,0
3845,300.98,311.15,1805.4,32.48,233.4,0,0,0,0,0
3846,301.22,310.11,1399.6,54.34,57.7,0,0,0,0,0
3847,297.74,307.24,1309.1,40.15,22.4,0,0,0,0,0
3848,302.48,311.44,2006.3,25.43,239.0,0,0,0,0,0
3849,300.51,310.46,1562.6,41.07,7.5,0,0,0,0,0
3850,299.64,308.66,1378.9,46.33,29.6,0,0,0,0,0
3851,300.93,311.55,1361.1,39.60,141.7,0,0,0,0,0
3852,298.04,309.45,1896.8,26.99,22.8,0,0,0,0,0
3853,301.78,311.77,1847.5,28.28,38.8,0,0,0,0,0
3854,303.37,313.03,1648.5,41.16,101.3,0,0,0,0,0
3855,297.33,308.00,1481.2,43.52,198.9,0,0,0,0,0
3856,297.91,306.17,1629.5,33.23,208.4,0,0,0,0,0
3857,300.16,310.67,1409.6,38.92,203.0,0,0,0,0,0
3858,296.29,305.56,1521.3,37.78,118.9,0,0,0,0,0
3859,299.41,310.09,1700.8,30.82,29.5,0,0,0,0,0
3860,298.73,307.74,1753.1,29.12,179.1,0,0,0,0,0
3861,301.52,311.08,1779.9,17.53,91.0,1,0,0,1,0
3862,304.30,315.34,1584.5,36.36,241.7,1,1,0,0,0
3863,303.42,312.41,1440.4,44.93,11.5,0,0,0,0,0
3864,298.78,308.62,1472.8,38.91,77.5,0,0,0,0,0
3865,297.16,307.44,1702.4,21.29,2.1,0,0,0,0,0
3866,302.90,310.88,1306.5,43.19,15.2,1,0,1,0,0
3867,299.65,309.96,1426.0,42.19,75.2,0,0,0,0,0
3868,298.64,308.66,1412.4,43.53,197.1,0,0,0,0,0
3869,297.52,308.30,1432.2,43.69,29.2,0,0,0,0,0
3870,298.21,309.00,1846.4,30.06,137.0,0,0,0,0,0
3871,300.25,310.27,1623.9,43.12,93.2,0,0,0,0,0
3872,300.64,311.99,1623.9,38.59,46.3,0,0,0,0,0
3873,301.26,311.62,1222.5,50.26,54.6,0,0,0,0,0
3874,301.05,311.41,1534.0,24.21,156.9,0,0,0,0,0
3875,302.42,312.11,1692.8,32.18,160.7,0,0,0,0,0
3876,301.19,310.84,1824.4,30.79,23.2,0,0,0,0,0
3877,298.92,310.04,1533.2,40.90,34.1,0,0,0,0,0
3878,301.16,310.74,1454.0,47.92,180.2,0,0,0,0,0
3879,301.82,311.02,1468.5,42.64,83.3,0,0,0,0,0
3880,296.87,307.35,1588.4,34.75,76.0,0,0,0,0,0
3881,301.60,313.71,1604.7,30.70,65.6,0,0,0,0,0
3882,300.59,309.24,1361.2,52.00,205.3,0,0,0,0,0
3883,299.02,309.87,1388.6,51.62,29.3,0,0,0,0,0
3884,299.38,308.94,1871.9,33.54,101.9,0,0,0,0,0
3885,300.03,309.59,1682.7,44.42,59.5,0,0,0,0,0
3886,300.77,310.55,1480.8,40.47,230.6,0,0,0,0,0
3887,301.42,312.03,1377.7,43.93,204.2,0,0,0,0,0
3888,298.75,308.44,1702.7,43.07,142.9,0,0,0,0,0
3889,302.39,312.02,1589.2,28.95,133.1,0,0,0,0,0
3890,301.29,311.57,1547.0,46.25,231.7,0,0,0,0,0
3891,300.07,309.91,1441.1,36.79,18.5,0,0,0,0,0
3892,300.52,310.63,1466.0,32.27,113.0,0,0,0,0,0
3893,297.89,308.80,1402.7,37.54,134.4,0,0,0,0,0
3894,302.06,311.16,1581.4,32.86,70.1,0,0,0,0,0
3895,302.50,312.13,1399.8,46.48,57.0,0,0,0,0,0
3896,297.95,307.18,1384.5,56.72,69.8,0,0,0,0,0
3897,301.37,311.04,1728.6,32.43,27.7,0,0,0,0,0
3898,302.66,312.69,1472.9,42.86,158.8,0,0,0,0,0
3899,297.89,307.95,1468.7,50.19,117.8,0,0,0,0,0
3900,299.05,308.09,1609.7,34.52,23.8,0,0,0,0,0
3901,301.00,311.72,1580.9,27.50,146.2,0,0,0,0,0
3902,302.07,311.44,1503.5,36.69,54.8,0,0,0,0,0
3903,295.55,305.74,1521.9,39.29,64.3,0,0,0,0,0
3904,299.66,311.02,1378.7,37.43,194.2,0,0,0,0,0
3905,299.17,310.34,1871.1,22.99,161.7,0,0,0,0,0
3906,297.66,308.27,1347.5,45.22,192.8,0,0,0,0,0
3907,301.32,311.78,1508.2,43.79,129.4,0,0,0,0,0
3908,299.44,311.24,1588.7,39.19,184.1,0,0,0,0,0
3909,294.39,303.56,1438.6,35.80,83.0,0,0,0,0,0
3910,300.51,310.31,1607.6,35.27,109.0,0,0,0,0,0
3911,301.67,312.02,1213.5,50.23,159.3,0,0,0,0,0
3912,299.21,309.78,1451.8,39.72,101.6,0,0,0,0,0
3913,298.80,308.25,1719.7,45.49,157.8,0,0,0,0,0
3914,298.48,307.76,1324.6,44.09,141.1,0,0,0,0,0
3915,300.19,310.27,1304.4,48.90,31.5,0,0,0,0,0
3916,297.93,307.16,2113.4,26.54,27.6,0,0,0,0,0
3917,301.56,311.14,1891.5,26.16,198.4,0,0,0,0,0
3918,299.93,309.60,1887.5,35.32,103.4,0,0,0,0,0
3919,299.37,309.92,1326.9,50.08,83.0,0,0,0,0,0
3920,297.84,309.43,1394.0,45.08,44.8,0,0,0,0,0
3921,298.88,309.50,1435.6,44.72,160.8,0,0,0,0,0
3922,294.40,304.88,1624.2,26.81,88.1,0,0,0,0,0
3923,300.74,311.52,1830.0,33.02,200.2,0,0,0,0,0
3924,301.36,312.26,1397.5,52.98,90.2,0,0,0,0,0
3925,298.79,307.84,1784.6,35.99,24.6,0,0,0,0,0
3926,303.74,313.87,1449.7,33.66,154.1,0,0,0,0,0
3927,300.19,309.03,1598.8,38.79,52.9,0,0,0,0,0
3928,300.79,312.31,1832.6,30.38,170.1,0,0,0,0,0
3929,297.96,308.95,1344.7,52.04,32.5,0,0,0,0,0
3930,298.49,308.06,1654.0,34.49,210.1,0,0,0,0,0
3931,299.58,309.12,1531.6,38.57,72.5,0,0,0,0,0
3932,303.40,314.49,1860.0,22.15,34.2,0,0,0,0,0
3933,299.35,310.09,1538.4,32.51,61.7,0,0,0,0,0
3934,299.12,309.13,2057.2,25.62,194.0,0,0,0,0,0
3935,300.44,310.24,1779.8,35.01,106.1,0,0,0,0,0
3936,301.90,311.34,1420.7,54.72,182.9,0,0,0,0,0
3937,299.97,309.82,1715.2,32.71,93.5,0,0,0,0,0
3938,298.45,309.10,2018.6,21.37,218.0,1,1,0,0,0
3939,300.05,310.19,1609.6,34.93,109.0,0,0,0,0,0
3940,299.01,308.34,1678.6,26.14,41.1,0,0,0,0,0
3941,299.91,310.08,1525.3,37.48,243.2,0,0,0,0,0
3942,301.16,312.18,1489.8,40.05,173.3,0,0,0,0,0
3943,300.12,309.64,1504.3,33.43,52.4,0,0,0,0,0
3944,301.56,313.25,1538.3,37.21,68.1,0,0,0,0,0
3945,300.99,311.04,1580.7,48.29,215.9,0,0,0,0,0
3946,299.50,308.34,1611.8,21.65,173.5,0,0,0,0,0
3947,299.08,310.27,1555.1,46.67,7.8,0,0,0,0,0
3948,302.21,311.92,1740.1,37.89,221.1,1,1,0,0,0
3949,303.18,314.13,1318.6,43.58,1.2,0,0,0,0,0
3950,298.20,308.38,1424.1,48.14,88.3,0,0,0,0,0
3951,299.87,309.86,1477.0,42.80,225.0,0,0,0,0,0
3952,300.16,309.42,1553.5,34.11,55.7,0,0,0,0,0
3953,296.33,307.21,1517.4,38.90,116.6,0,0,0,0,0
3954,299.98,313.22,1747.5,41.14,64.6,0,0,0,0,0
3955,299.98,309.99,1700.4,33.58,175.2,0,0,0,0,0
3956,302.18,311.99,1490.9,44.94,170.5,0,0,0,0,0
3957,301.53,311.80,1566.0,34.64,52.6,0,0,0,0,0
3958,302.58,313.09,1150.0,54.08,178.2,0,0,0,0,0
3959,300.53,310.64,1379.0,53.81,10.3,0,0,0,0,0
3960,302.53,312.35,1849.0,25.47,213.8,0,0,0,0,0
3961,297.24,306.89,1645.2,35.43,227.8,0,0,0,0,0
3962,300.61,312.61,1357.0,45.62,213.7,0,0,0,0,0
3963,299.17,307.93,1507.5,42.42,44.4,0,0,0,0,0
3964,297.10,307.69,1540.3,24.67,184.8,0,0,0,0,0
3965,301.02,310.82,1262.7,54.64,135.1,0,0,0,0,0
3966,299.21,308.39,1846.1,25.72,244.5,0,0,0,0,0
3967,299.81,310.59,1609.2,38.90,67.1,0,0,0,0,0
3968,297.81,309.15,1525.3,39.91,205.3,0,0,0,0,0
3969,297.38,308.12,1582.6,44.00,89.9,0,0,0,0,0
3970,304.41,315.90,1377.4,45.17,32.6,0,0,0,0,0
3971,300.36,311.65,1329.2,43.95,238.5,0,0,0,0,0
3972,298.45,308.84,1476.2,49.16,40.5,0,0,0,0,0
3973,296.66,307.99,1420.6,40.70,181.6,0,0,0,0,0
3974,299.00,308.66,2045.4,19.30,16.6,0,0,0,0,0
3975,299.30,311.40,1545.2,40.33,222.3,0,0,0,0,0
3976,297.31,306.77,1597.8,28.11,59.7,0,0,0,0,0
3977,300.06,308.22,1310.1,41.85,239.1,1,0,1,0,0
3978,298.95,309.10,1151.4,54.46,25.2,0,0,0,0,0
3979,301.26,311.94,1674.8,35.58,103.1,0,0,0,0,0
3980,299.59,308.85,1559.9,40.82,163.7,0,0,0,0,0
3981,300.61,310.03,1740.8,38.74,157.9,0,0,0,0,0
3982,300.89,309.87,1650.5,28.57,42.9,0,0,0,0,0
3983,300.01,308.80,1294.8,51.81,61.8,0,0,0,0,0
3984,300.01,310.48,1359.4,37.50,133.7,0,0,0,0,0
3985,303.52,313.96,1636.7,27.77,154.6,0,0,0,0,0
3986,301.49,311.91,1586.8,32.56,78.2,0,0,0,0,0
3987,303.45,313.48,1191.6,49.67,146.3,0,0,0,0,0
3988,298.12,306.77,1482.2,44.18,232.3,0,0,0,0,0
3989,297.58,307.68,1504.4,41.62,27.4,0,0,0,0,0
3990,300.73,309.13,1571.0,41.29,68.0,0,0,0,0,0
3991,300.01,310.90,1452.7,40.91,181.0,0,0,0,0,0
3992,298.20,308.76,1260.4,48.42,128.4,0,0,0,0,0
3993,297.83,307.87,1292.3,52.52,161.6,0,0,0,0,0
3994,301.38,311.32,1535.1,34.52,22.3,0,0,0,0,0
3995,300.89,312.23,1888.6,24.80,185.7,0,0,0,0,0
3996,297.04,305.87,1668.7,36.11,207.6,0,0,0,0,0
3997,303.06,312.95,1612.3,29.15,64.0,0,0,0,0,0
3998,302.36,311.09,1529.0,37.77,15.1,0,0,0,0,0
3999,301.00,309.93,1479.8,46.85,15.3,0,0,0,0,0
4000,298.52,308.08,1585.9,32.28,167.5,0,0,0,0,0
4001,295.89,306.06,1381.9,59.95,197.2,1,0,0,0,1
4002,302.90,314.23,1379.1,42.03,76.5,0,0,0,0,0
4003,303.40,312.22,1447.9,42.89,238.2,0,0,0,0,0
4004,298.83,307.92,1437.9,41.10,230.8,0,0,0,0,0
4005,301.89,311.37,1230.3,47.58,224.0,0,0,0,0,0
4006,301.07,310.67,1776.4,33.49,37.9,0,0,0,0,0
4007,301.94,311.20,1440.6,39.12,72.4,0,0,0,0,0
4008,300.75,311.28,1707.5,41.61,83.2,0,0,0,0,0
4009,300.55,311.06,1338.9,48.78,222.6,0,0,0,0,0
4010,299.67,309.89,1592.1,48.25,108.7,0,0,0,0,0
4011,299.14,309.07,1545.2,40.39,150.5,0,0,0,0,0
4012,297.14,306.24,1453.2,39.77,24.6,0,0,0,0,0
4013,295.60,306.66,1641.9,32.63,39.4,0,0,0,0,0
4014,302.75,312.08,1389.0,40.91,130.8,0,0,0,0,0
4015,302.11,311.65,1317.2,48.41,155.5,0,0,0,0,0
4016,302.51,311.19,1302.1,49.35,120.7,0,0,0,0,0
4017,298.37,308.21,1175.1,53.81,194.0,0,0,0,0,0
4018,297.62,307.05,1160.0,49.80,5.2,0,0,0,0,0
4019,300.05,311.23,1151.7,57.91,169.7,0,0,0,0,0
4020,301.15,309.98,1284.2,51.41,3.8,0,0,0,0,0
4021,296.56,305.07,1480.9,38.32,31.4,0,0,0,0,0
4022,295.93,306.61,1700.1,22.39,96.7,0,0,0,0,0
4023,299.84,309.17,1539.7,36.51,198.0,0,0,0,0,0
4024,298.87,307.49,1972.9,17.71,188.6,0,0,0,0,0
4025,302.02,312.21,1303.9,41.51,163.2,0,0,0,0,0
4026,297.66,309.01,1514.0,41.41,135.0,0,0,0,0,0
4027,303.90,314.05,1338.6,49.72,94.0,0,0,0,0,0
4028,302.61,312.50,1384.3,45.36,60.9,0,0,0,0,0
4029,301.07,312.66,1397.0,42.84,163.4,0,0,0,0,0
4030,300.06,309.23,1750.1,43.76,114.9,0,0,0,0,0
4031,300.28,310.85,1430.2,41.28,220.9,0,0,0,0,0
4032,299.65,311.01,1167.8,60.42,117.1,0,0,0,0,0
4033,300.30,311.45,1429.3,43.86,130.3,0,0,0,0,0
4034,299.70,311.19,1556.4,37.20,54.0,0,0,0,0,0
4035,299.74,308.74,1511.9,47.28,123.6,0,0,0,0,0
4036,299.33,311.12,1883.3,26.31,90.6,0,0,0,0,0
4037,298.47,308.39,1352.6,45.63,148.0,0,0,0,0,0
4038,301.34,312.12,1541.3,42.53,127.2,0,0,0,0,0
4039,299.74,309.97,1638.4,39.59,177.9,0,0,0,0,0
4040,299.64,309.38,1675.1,37.26,21.0,0,0,0,0,0
4041,296.35,305.29,1539.5,36.26,235.8,0,0,0,0,0
4042,298.17,310.44,1592.5,31.12,238.6,0,0,0,0,0
4043,303.96,312.39,1365.0,43.21,72.9,1,0,1,0,0
4044,299.84,308.84,1374.3,29.61,81.2,0,0,0,0,0
4045,298.10,308.91,1892.9,23.20,91.5,0,0,0,0,0
4046,301.36,309.49,1432.1,35.93,79.4,0,0,0,0,0
4047,295.10,303.45,1536.3,37.38,205.6,0,0,0,0,0
4048,297.77,306.22,1648.7,43.69,103.6,0,0,0,0,0
4049,301.05,311.98,1570.8,33.52,178.1,0,0,0,0,0
4050,302.12,313.64,1588.8,28.99,227.2,0,0,0,0,0
4051,299.20,308.37,1534.2,43.10,27.2,0,0,0,0,0
4052,301.17,309.80,1851.0,40.75,112.8,0,0,0,0,0
4053,296.51,304.30,1333.2,53.81,40.4,1,0,1,0,0
4054,297.12,305.79,1550.8,31.36,238.4,0,0,0,0,0
4055,303.98,311.96,1538.7,39.37,32.9,0,0,0,0,0
4056,296.44,305.31,1321.8,50.76,47.9,0,0,0,0,0
4057,303.47,314.94,1456.5,37.70,127.9,0,0,0,0,0
4058,300.01,309.45,1479.5,42.87,173.0,0,0,0,0,0
4059,300.73,313.07,1624.3,34.66,166.2,0,0,0,0,0
4060,297.55,306.64,1603.7,30.78,124.6,0,0,0,0,0
4061,297.60,306.88,1669.7,30.67,176.3,0,0,0,0,0
4062,297.45,309.61,1596.0,35.34,231.9,0,0,0,0,0
4063,300.64,312.34,1594.8,38.51,128.7,0,0,0,0,0
4064,298.97,308.94,1721.3,30.22,52.7,0,0,0,0,0
4065,297.01,306.99,1208.3,54.80,124.3,0,0,0,0,0
4066,299.39,308.84,1607.0,45.88,218.9,0,0,0,0,0
4067,300.71,311.08,1170.8,46.22,190.0,0,0,0,0,0
4068,297.72,307.63,1651.1,44.54,56.9,0,0,0,0,0
4069,299.91,310.09,1411.8,44.78,30.0,0,0,0,0,0
4070,301.25,310.31,1604.1,41.21,187.2,0,0,0,0,0
4071,295.52,306.37,1321.2,49.45,88.6,0,0,0,0,0
4072,300.00,310.66,1782.5,36.26,109.4,0,0,0,0,0
4073,303.01,312.33,1468.9,45.01,228.7,0,0,0,0,0
4074,299.96,308.52,1575.9,35.53,240.2,0,0,0,0,0
4075,299.60,310.17,1551.4,37.17,239.4,0,0,0,0,0
4076,299.50,310.26,1378.4,45.21,132.5,0,0,0,0,0
4077,297.70,308.65,1671.7,37.20,190.3,0,0,0,0,0
4078,299.73,310.60,1281.8,41.74,181.4,0,0,0,0,0
4079,303.10,313.32,1406.9,40.16,236.7,0,0,0,0,0
4080,300.18,309.08,1594.6,48.14,239.9,1,1,0,0,1
4081,301.17,311.30,1459.0,36.67,241.7,1,1,0,0,0
4082,299.11,306.68,1150.0,50.91,229.3,1,0,1,0,1
4083,298.42,308.90,1503.1,45.59,19.0,0,0,0,0,0
4084,300.92,311.62,1360.3,40.44,244.0,0,0,0,0,0
4085,298.06,307.66,2055.7,24.99,58.4,0,0,0,0,0
4086,297.52,307.00,1212.3,50.41,168.4,0,0,0,0,0
4087,298.91,308.88,1645.2,22.20,107.5,0,0,0,0,0
4088,295.67,306.01,1467.5,44.01,6.7,0,0,0,0,0
4089,298.69,308.79,1414.1,52.01,218.7,1,1,0,0,1
4090,299.17,307.87,1845.7,18.07,202.2,1,0,0,1,0
4091,301.60,311.98,1836.4,32.95,116.3,0,0,0,0,0
4092,303.93,314.43,1596.0,44.62,178.5,0,0,0,0,0
4093,299.72,309.09,1850.4,34.31,164.2,0,0,0,0,0
4094,297.86,308.15,1422.6,38.27,221.9,1,1,0,0,0
4095,299.80,310.18,1763.6,40.60,244.3,0,0,0,0,0
4096,300.37,310.12,1274.2,48.72,67.7,0,0,0,0,0
4097,300.29,311.35,1579.3,43.21,5.8,0,0,0,0,0
4098,303.26,315.12,1458.7,41.92,114.5,0,0,0,0,0
4099,301.76,311.61,1652.1,33.03,226.9,0,0,0,0,0
4100,301.57,311.49,1649.5,29.36,184.3,0,0,0,0,0
4101,300.12,310.13,1670.0,38.68,85.4,0,0,0,0,0
4102,301.53,312.80,1604.2,36.42,128.4,0,0,0,0,0
4103,298.31,309.55,1619.1,32.17,234.9,0,0,0,0,0
4104,300.16,309.31,1642.1,33.33,12.2,0,0,0,0,0
4105,302.55,311.32,1520.8,40.34,142.7,0,0,0,0,0
4106,303.72,313.07,1507.7,37.06,236.9,0,0,0,0,0
4107,299.81,308.14,1151.7,53.34,141.7,1,0,1,0,0
4108,301.62,310.51,1536.7,29.70,37.5,0,0,0,0,0
4109,296.82,307.18,1622.4,36.50,188.4,0,0,0,0,0
4110,299.20,309.13,1457.3,37.69,102.3,0,0,0,0,0
4111,302.08,311.99,1518.5,48.91,147.9,0,0,0,0,0
4112,306.00,317.43,1508.2,34.67,57.7,0,0,0,0,0
4113,299.61,308.72,1452.1,32.15,47.9,0,0,0,0,0
4114,302.82,313.23,1512.5,37.20,184.2,0,0,0,0,0
4115,299.32,309.01,1317.5,52.85,243.1,1,0,0,0,1
4116,299.50,310.29,1458.3,44.14,99.0,0,0,0,0,0
4117,300.91,311.70,1632.4,44.30,38.8,0,0,0,0,0
4118,301.42,310.45,1561.0,40.65,179.7,0,0,0,0,0
4119,298.71,309.93,1643.4,38.21,182.5,0,0,0,0,0
4120,300.90,311.65,1571.4,45.31,35.2,0,0,0,0,0
4121,301.45,309.79,1854.3,28.98,12.8,0,0,0,0,0
4122,299.99,308.06,1472.9,44.90,137.9,0,0,0,0,0
4123,295.46,305.46,1678.7,36.77,146.9,0,0,0,0,0
4124,299.26,309.21,1481.0,40.77,213.1,0,0,0,0,0
4125,300.79,310.83,1318.9,58.85,104.0,0,0,0,0,0
4126,298.70,308.08,1287.7,46.03,201.5,0,0,0,0,0
4127,304.68,313.58,1580.9,42.15,162.4,0,0,0,0,0
4128,300.08,309.02,1405.6,41.85,183.2,0,0,0,0,0
4129,301.17,310.69,1606.8,40.33,172.6,0,0,0,0,0
4130,302.99,312.76,1845.2,18.48,36.6,0,0,0,0,0
4131,296.15,307.07,1222.7,50.35,94.2,0,0,0,0,0
4132,301.68,312.84,1525.2,34.78,23.6,0,0,0,0,0
4133,294.70,305.15,1473.7,51.02,133.3,0,0,0,0,0
4134,301.94,312.07,1277.9,41.69,38.0,0,0,0,0,0
4135,300.35,311.30,1469.7,45.64,207.6,0,0,0,0,0
4136,298.53,308.00,1433.5,49.99,191.1,0,0,0,0,0
4137,300.92,309.54,1367.5,44.97,128.3,0,0,0,0,0
4138,304.04,313.13,1554.6,40.62,123.2,0,0,0,0,0
4139,301.48,312.97,1396.7,47.71,90.5,0,0,0,0,0
4140,304.69,314.65,1237.7,58.28,123.2,0,0,0,0,0
4141,301.98,311.01,1498.3,37.69,40.9,0,0,0,0,0
4142,298.59,308.01,1359.7,44.45,44.0,0,0,0,0,0
4143,301.43,311.10,1598.2,46.97,105.8,0,0,0,0,0
4144,303.52,313.12,1258.8,49.33,29.9,0,0,0,0,0
4145,298.33,305.63,1558.3,27.59,229.5,1,1,0,0,0
4146,303.91,313.83,1487.3,40.68,67.1,0,0,0,0,0
4147,299.32,308.64,1522.8,37.35,91.0,0,0,0,0,0
4148,301.78,313.57,1246.4,56.76,70.3,0,0,0,0,0
4149,300.88,311.93,1643.6,24.26,206.8,0,0,0,0,0
4150,298.65,309.96,1478.0,44.07,142.7,0,0,0,0,0
4151,297.27,307.38,1815.8,30.15,167.4,0,0,0,0,0
4152,300.30,309.18,1485.7,47.96,241.6,1,0,0,0,1
4153,298.86,307.62,1778.7,33.35,211.2,0,0,0,0,0
4154,298.58,305.92,1448.4,42.54,115.6,0,0,0,0,0
4155,300.83,312.36,1916.9,25.45,93.1,0,0,0,0,0
4156,301.70,311.13,1223.0,46.51,122.2,0,0,0,0,0
4157,297.89,307.35,1738.4,28.02,131.9,0,0,0,0,0
4158,299.08,310.02,1150.0,53.39,181.1,0,0,0,0,0
4159,300.56,311.24,1631.3,44.26,71.9,0,0,0,0,0
4160,302.96,310.92,1746.7,31.59,13.0,0,0,0,0,0
4161,298.42,309.11,1345.7,57.72,92.0,0,0,0,0,0
4162,298.09,308.41,1589.1,36.50,72.8,0,0,0,0,0
4163,301.48,312.35,1689.6,29.40,232.7,1,1,0,0,0
4164,300.59,311.32,1770.9,27.25,56.4,0,0,0,0,0
4165,299.31,309.14,1572.9,53.22,37.8,0,0,0,0,0
4166,298.48,309.97,1615.7,35.72,20.7,0,0,0,0,0
4167,303.84,315.13,1426.4,47.63,235.4,1,0,0,0,1
4168,300.15,310.86,1595.7,33.16,105.7,0,0,0,0,0
4169,303.53,314.98,1721.7,40.67,41.7,0,0,0,0,0
4170,300.17,309.57,1382.2,45.88,238.9,0,0,0,0,0
4171,300.38,308.67,1604.2,38.16,195.4,0,0,0,0,0
4172,305.02,315.31,1444.5,48.22,74.8,0,0,0,0,0
4173,302.78,314.08,1682.3,41.70,149.5,0,0,0,0,0
4174,299.46,309.40,1613.3,46.89,3.0,0,0,0,0,0
4175,297.11,305.99,1614.6,40.07,181.7,0,0,0,0,0
4176,300.45,310.65,1753.4,28.68,65.2,0,0,0,0,0
4177,298.38,307.80,1652.6,28.03,14.2,0,0,0,0,0
4178,299.75,308.70,1576.7,39.50,97.3,0,0,0,0,0
4179,298.38,308.22,1380.8,55.52,9.8,0,0,0,0,0
4180,301.61,311.54,1365.0,50.29,39.7,0,0,0,0,0
4181,302.22,313.97,1552.2,41.13,83.1,0,0,0,0,0
4182,301.15,310.35,1586.2,37.88,237.8,0,0,0,0,0
4183,305.20,313.86,1595.6,37.39,134.5,0,0,0,0,0
4184,301.42,311.13,1800.7,30.76,41.1,0,0,0,0,0
4185,299.64,308.81,1447.2,45.60,7.0,0,0,0,0,0
4186,299.06,309.22,1652.0,41.52,33.2,0,0,0,0,0
4187,301.76,312.47,1811.9,20.40,70.2,0,0,0,0,0
4188,299.80,311.38,1547.5,36.92,181.0,0,0,0,0,0
4189,298.09,309.56,1617.4,40.08,162.1,0,0,0,0,0
4190,298.62,309.82,1316.2,51.71,85.6,0,0,0,0,0
4191,300.13,309.08,1436.1,43.61,39.2,0,0,0,0,0
4192,299.64,310.13,1374.3,47.14,199.7,0,0,0,0,0
4193,300.07,309.44,1492.5,38.23,212.6,0,0,0,0,0
4194,301.46,312.30,1584.2,37.32,59.3,0,0,0,0,0
4195,298.60,309.75,1597.0,45.25,36.9,0,0,0,0,0
4196,300.95,311.33,1616.4,42.15,96.0,0,0,0,0,0
4197,301.77,313.95,1601.2,38.91,117.2,0,0,0,0,0
4198,302.35,313.01,1709.6,35.69,57.3,0,0,0,0,0
4199,296.22,306.31,1581.6,38.46,106.5,0,0,0,0,0
4200,297.83,309.17,1547.2,36.35,139.9,0,0,0,0,0
4201,300.77,310.84,1712.2,31.50,147.5,0,0,0,0,0
4202,303.71,313.93,1451.9,45.85,216.9,1,1,0,0,0
4203,298.37,307.72,1492.4,41.92,241.1,0,0,0,0,0
4204,302.40,312.72,1476.8,37.45,47.1,0,0,0,0,0
4205,299.01,308.37,1468.6,52.86,214.2,1,0,0,0,1
4206,295.50,304.30,1648.0,36.68,201.3,0,0,0,0,0
4207,299.92,310.84,1497.7,44.81,101.9,0,0,0,0,0
4208,300.64,311.09,1863.4,35.65,133.2,0,0,0,0,0
4209,300.86,310.42,1596.6,35.22,69.0,0,0,0,0,0
4210,300.25,311.71,1347.5,35.46,41.0,0,0,0,0,0
4211,299.40,309.45,1404.3,42.03,66.6,0,0,0,0,0
4212,299.42,310.35,1671.0,36.44,195.0,0,0,0,0,0
4213,302.23,312.12,1946.8,22.85,170.9,0,0,0,0,0
4214,297.44,308.56,1511.8,45.20,9.0,0,0,0,0,0
4215,295.28,303.19,1628.4,41.33,103.3,0,0,0,0,0
4216,299.21,307.65,1830.2,33.16,138.3,0,0,0,0,0
4217,299.54,308.20,1621.6,38.65,142.2,0,0,0,0,0
4218,300.72,311.70,1390.7,55.01,15.6,0,0,0,0,0
4219,298.90,307.76,1566.4,38.20,19.0,0,0,0,0,0
4220,301.56,311.86,1659.1,31.27,201.5,0,0,0,0,0
4221,297.09,306.10,1571.6,30.73,223.4,1,1,0,0,0
4222,301.27,312.15,1650.1,28.88,239.9,1,1,0,0,0
4223,299.06,308.97,1718.4,36.50,170.8,0,0,0,0,0
4224,301.91,313.00,1278.7,45.56,239.6,0,0,0,0,0
4225,298.74,310.78,1495.5,47.91,168.4,0,0,0,0,0
4226,298.20,310.51,1715.6,42.29,22.0,0,0,0,0,0
4227,300.23,311.28,1576.2,55.77,92.7,1,0,0,1,0
4228,298.44,307.90,1840.0,32.35,32.3,0,0,0,0,0
4229,301.40,311.41,1815.9,33.00,51.5,0,0,0,0,0
4230,302.11,313.05,1629.1,31.93,182.4,0,0,0,0,0
4231,299.03,308.84,1406.3,41.83,100.8,0,0,0,0,0
4232,303.49,313.22,1938.5,25.30,20.7,0,0,0,0,0
4233,296.63,306.91,1588.5,38.08,123.3,0,0,0,0,0
4234,298.25,308.24,1638.4,31.23,72.6,0,0,0,0,0
4235,300.68,312.05,1509.2,35.47,167.8,0,0,0,0,0
4236,294.87,302.84,1492.5,42.33,57.7,0,0,0,0,0
4237,297.38,308.63,1547.2,48.63,167.2,0,0,0,0,0
4238,299.09,308.48,1454.7,44.59,160.4,0,0,0,0,0
4239,300.66,312.34,1868.6,28.55,69.8,0,0,0,0,0
4240,301.97,312.86,1150.0,47.09,74.7,0,0,0,0,0
4241,299.34,308.16,1262.2,40.31,51.1,0,0,0,0,0
4242,299.40,309.10,1475.9,48.05,231.0,1,1,0,0,1
4243,301.17,312.49,1150.0,44.67,208.0,0,0,0,0,0
4244,297.29,308.43,1319.8,40.94,89.1,0,0,0,0,0
4245,299.04,308.94,1586.3,40.87,157.4,0,0,0,0,0
4246,301.22,310.55,1467.5,47.96,200.2,0,0,0,0,0
4247,299.85,310.14,1621.6,40.07,218.4,0,0,0,0,0
4248,304.63,315.27,1349.1,42.02,115.2,0,0,0,0,0
4249,298.01,306.10,1511.0,35.50,213.4,0,0,0,0,0
4250,297.20,308.45,1654.2,33.39,202.5,0,0,0,0,0
4251,300.79,309.80,1426.5,45.24,73.9,0,0,0,0,0
4252,297.33,307.68,1371.7,45.18,89.5,0,0,0,0,0
4253,300.62,310.73,1754.5,43.71,213.9,1,1,0,0,0
4254,297.78,308.74,1638.0,34.80,15.8,0,0,0,0,0
4255,300.23,308.44,1591.1,47.08,103.0,0,0,0,0,0
4256,301.35,312.62,1775.5,36.00,135.0,0,0,0,0,0
4257,299.71,309.47,1596.1,41.13,216.1,0,0,0,0,0
4258,300.65,310.89,1718.1,42.11,190.9,0,0,0,0,0
4259,297.16,307.43,1621.0,36.39,94.8,0,0,0,0,0
4260,302.16,310.99,1445.0,39.73,222.1,0,0,0,0,0
4261,304.44,314.31,1347.6,43.13,3.9,0,0,0,0,0
4262,301.84,311.47,1609.8,34.86,124.1,0,0,0,0,0
4263,303.70,312.91,1649.6,36.89,175.2,0,0,0,0,0
4264,299.85,311.29,1353.1,50.66,36.7,0,0,0,0,0
4265,300.96,311.42,1239.2,44.98,209.0,0,0,0,0,0
4266,302.63,314.65,1505.1,40.47,239.1,0,0,0,0,0
4267,297.87,307.53,1547.2,48.80,22.3,0,0,0,0,0
4268,299.28,309.60,1540.6,36.89,153.6,0,0,0,0,0
4269,298.88,309.48,1446.2,43.83,229.5,0,0,0,0,0
4270,301.07,309.70,1597.3,30.48,58.1,0,0,0,0,0
4271,300.45,310.81,1721.9,45.48,46.2,0,0,0,0,0
4272,298.11,307.60,1540.4,32.39,35.1,0,0,0,0,0
4273,299.40,307.48,1476.2,37.93,102.7,0,0,0,0,0
4274,299.37,309.53,1369.4,52.01,29.8,0,0,0,0,0
4275,301.48,311.32,1542.6,30.05,123.5,0,0,0,0,0
4276,301.59,313.02,1418.5,37.03,135.7,0,0,0,0,0
4277,297.52,306.08,1716.0,41.04,57.4,0,0,0,0,0
4278,298.98,309.34,1559.7,26.15,162.2,0,0,0,0,0
4279,297.76,306.86,1573.2,43.77,201.1,0,0,0,0,0
4280,301.75,311.39,1666.5,29.71,59.8,0,0,0,0,0
4281,304.07,314.30,1476.4,32.97,215.8,0,0,0,0,0
4282,298.07,308.75,1885.8,28.94,83.0,0,0,0,0,0
4283,299.41,310.61,1788.9,20.41,236.5,0,0,0,0,0
4284,300.14,311.31,1597.6,35.00,16.7,0,0,0,0,0
4285,297.36,306.55,1757.0,32.09,85.9,0,0,0,0,0
4286,302.85,313.11,1533.8,35.59,93.3,0,0,0,0,0
4287,298.89,307.06,1666.0,40.08,69.2,0,0,0,0,0
4288,301.59,312.75,1461.6,40.02,51.1,0,0,0,0,0
4289,301.48,310.89,1848.6,40.28,27.7,0,0,0,0,0
4290,298.47,308.13,1324.0,36.35,6.1,0,0,0,0,0
4291,303.32,312.80,1626.8,22.80,90.0,0,0,0,0,0
4292,301.15,311.49,1636.1,27.04,42.7,0,0,0,0,0
4293,302.02,310.75,1608.4,39.04,46.4,0,0,0,0,0
4294,297.24,307.75,1462.8,44.73,211.3,1,1,0,0,0
4295,300.18,309.33,1784.8,32.84,191.7,0,0,0,0,0
4296,297.47,306.78,1715.1,26.20,113.3,0,0,0,0,0
4297,305.12,314.94,1536.0,48.05,183.6,0,0,0,0,0
4298,300.29,310.34,1402.5,43.17,210.5,1,1,0,0,0
4299,298.60,307.76,1568.2,49.73,75.7,0,0,0,0,0
4300,296.48,305.58,2115.5,13.41,20.1,1,0,0,1,0
4301,304.18,313.53,1327.2,41.28,5.7,0,0,0,0,0
4302,302.50,313.55,1761.3,39.54,137.0,0,0,0,0,0
4303,297.42,306.56,1587.7,36.17,220.6,0,0,0,0,0
4304,300.38,310.46,1695.4,35.48,143.8,0,0,0,0,0
4305,298.79,309.86,1514.0,45.77,140.1,0,0,0,0,0
4306,302.58,312.09,1425.1,50.74,173.7,0,0,0,0,0
4307,300.45,310.11,1362.0,45.19,85.5,0,0,0,0,0
4308,296.31,306.72,1410.7,48.81,153.9,0,0,0,0,0
4309,301.18,310.22,1556.7,35.25,242.8,0,0,0,0,0
4310,302.56,312.28,1535.6,28.73,30.5,0,0,0,0,0
4311,300.66,312.09,1424.1,45.32,194.6,0,0,0,0,0
4312,302.65,311.98,1441.7,38.93,214.5,1,1,0,0,0
4313,296.61,306.46,1426.6,46.18,176.0,0,0,0,0,0
4314,301.93,311.25,1462.1,43.99,198.0,0,0,0,0,0
4315,296.39,306.22,1274.4,42.20,198.9,0,0,0,0,0
4316,301.51,310.28,1541.6,37.90,214.9,0,0,0,0,0
4317,297.87,309.23,1332.3,51.54,69.2,0,0,0,0,0
4318,298.72,309.68,1516.4,55.67,181.3,0,0,0,0,0
4319,299.65,309.38,1703.7,25.32,14.0,0,0,0,0,0
4320,304.16,313.34,1632.3,33.40,232.2,0,0,0,0,0
4321,301.50,312.43,1709.5,30.64,0.3,0,0,0,0,0
4322,302.58,311.27,1417.5,62.03,144.8,1,0,0,1,0
4323,299.68,308.83,1479.6,44.44,24.6,0,0,0,0,0
4324,297.39,308.19,1586.3,34.14,196.0,0,0,0,0,0
4325,297.84,306.84,1618.2,34.90,206.0,0,0,0,0,0
4326,296.45,307.86,1333.7,46.80,185.4,0,0,0,0,0
4327,302.87,311.77,1587.1,51.22,172.9,0,0,0,0,0
4328,299.28,308.46,1631.0,39.45,44.8,0,0,0,0,0
4329,302.35,310.62,1584.1,36.80,128.8,0,0,0,0,0
4330,297.62,306.50,1722.1,31.89,222.4,0,0,0,0,0
4331,300.48,309.59,1515.9,44.87,116.2,0,0,0,0,0
4332,297.27,307.84,1611.6,35.07,136.6,0,0,0,0,0
4333,300.67,310.73,1764.9,40.17,218.0,0,0,0,0,0
4334,300.49,309.53,1457.5,36.60,159.6,0,0,0,0,0
4335,298.30,307.29,1953.1,13.12,178.5,1,0,0,1,0
4336,304.10,314.32,1482.6,34.25,73.7,0,0,0,0,0
4337,301.13,310.67,1644.1,34.22,169.8,0,0,0,0,0
4338,301.37,310.15,1618.0,42.16,218.3,0,0,0,0,0
4339,299.85,310.03,1518.8,40.19,62.4,0,0,0,0,0
4340,300.28,309.35,1679.3,34.65,5.4,0,0,0,0,0
4341,302.50,313.35,1506.0,42.26,208.9,0,0,0,0,0
4342,302.13,313.07,1316.8,44.98,163.3,0,0,0,0,0
4343,299.73,309.31,1613.9,41.81,35.5,0,0,0,0,0
4344,301.03,311.73,1761.4,37.09,80.2,0,0,0,0,0
4345,301.25,311.09,1482.4,35.30,211.4,0,0,0,0,0
4346,298.92,307.37,1653.5,40.90,204.7,0,0,0,0,0
4347,300.08,308.31,1272.1,60.18,127.9,1,0,1,0,0
4348,301.59,312.59,1409.0,40.81,47.7,0,0,0,0,0
4349,299.78,310.14,1760.7,33.84,78.5,0,0,0,0,0
4350,296.80,306.86,1601.2,41.39,123.1,0,0,0,0,0
4351,299.31,308.83,1595.9,40.94,57.6,0,0,0,0,0
4352,301.62,311.28,1263.3,51.03,40.5,0,0,0,0,0
4353,300.28,308.41,1710.0,35.66,183.4,0,0,0,0,0
4354,297.86,307.01,1191.3,56.73,59.8,0,0,0,0,0
4355,300.93,311.02,1297.9,42.74,244.5,0,0,0,0,0
4356,295.26,305.72,1285.7,54.82,168.4,0,0,0,0,0
4357,301.71,312.50,1509.0,40.41,91.9,0,0,0,0,0
4358,297.78,306.91,1517.2,45.86,72.2,0,0,0,0,0
4359,301.12,311.36,1577.0,34.15,17.7,0,0,0,0,0
4360,300.32,311.16,1463.2,47.04,149.9,0,0,0,0,0
4361,302.81,314.26,1758.1,41.45,64.7,0,0,0,0,0
4362,299.72,311.32,1617.7,33.28,230.7,0,0,0,0,0
4363,299.87,310.29,1294.1,59.72,173.6,0,0,0,0,0
4364,301.46,309.80,1394.8,61.50,215.6,1,1,0,0,1
4365,300.79,309.98,1836.5,25.45,81.7,0,0,0,0,0
4366,298.00,307.21,1275.5,48.70,242.7,1,1,0,0,1
4367,298.18,312.33,1285.3,43.07,41.7,0,0,0,0,0
4368,300.06,310.81,1628.5,38.52,180.5,0,0,0,0,0
4369,299.78,310.37,1246.2,43.07,227.9,1,1,0,0,0
4370,303.54,312.78,1537.3,52.96,244.9,1,0,0,0,1
4371,301.66,312.22,1568.1,35.12,34.8,0,0,0,0,0
4372,300.46,312.65,1424.3,36.75,238.0,0,0,0,0,0
4373,298.90,310.43,1670.7,40.31,211.8,0,0,0,0,0
4374,298.07,306.17,1240.4,54.60,31.0,1,0,1,0,0
4375,300.20,310.49,1500.2,43.15,237.9,0,0,0,0,0
4376,298.71,308.45,1562.2,34.45,17.3,0,0,0,0,0
4377,299.88,311.03,1567.7,44.27,54.9,0,0,0,0,0
4378,299.67,310.42,1604.8,45.88,190.2,0,0,0,0,0
4379,300.22,307.10,1657.2,41.71,95.1,0,0,0,0,0
4380,299.87,308.91,1675.2,39.94,158.5,0,0,0,0,0
4381,300.61,309.20,1449.9,55.74,58.7,0,0,0,0,0
4382,300.19,311.78,1444.0,41.91,30.6,0,0,0,0,0
4383,300.15,310.76,1538.5,41.65,195.7,0,0,0,0,0
4384,296.72,305.38,1545.2,39.51,218.4,0,0,0,0,0
4385,299.58,308.44,1735.9,34.03,239.6,0,0,0,0,0
4386,300.95,311.08,1368.0,41.91,6.2,0,0,0,0,0
4387,298.20,307.86,1495.7,42.45,130.6,0,0,0,0,0
4388,298.47,308.48,1489.4,29.63,153.9,0,0,0,0,0
4389,300.46,310.32,1547.1,27.22,60.6,0,0,0,0,0
4390,293.83,304.04,1812.6,34.75,2.8,0,0,0,0,0
4391,302.14,311.94,1360.5,46.57,135.9,0,0,0,0,0
4392,299.45,307.65,1602.0,35.29,25.3,0,0,0,0,0
4393,296.54,306.01,1698.0,36.23,86.1,0,0,0,0,0
4394,300.68,309.69,1697.0,30.96,133.7,0,0,0,0,0
4395,299.79,309.65,1543.5,34.08,183.3,0,0,0,0,0
4396,298.00,308.22,1419.9,37.12,177.3,0,0,0,0,0
4397,300.00,307.86,1252.0,47.79,31.6,1,0,1,0,0
4398,300.12,308.86,1540.3,44.04,72.7,0,0,0,0,0
4399,301.22,310.38,1609.0,36.02,92.8,0,0,0,0,0
4400,301.26,311.77,1369.7,36.80,18.9,0,0,0,0,0
4401,299.37,309.40,1590.6,31.10,209.0,0,0,0,0,0
4402,297.55,306.55,1613.3,37.03,14.1,0,0,0,0,0
4403,300.21,309.48,1566.8,43.72,155.6,0,0,0,0,0
4404,301.35,311.29,1427.0,38.55,18.7,0,0,0,0,0
4405,301.02,310.98,1763.2,38.25,108.0,0,0,0,0,0
4406,301.80,311.39,1231.4,45.05,167.2,0,0,0,0,0
4407,301.81,310.63,1677.2,34.18,5.5,0,0,0,0,0
4408,301.55,310.99,1537.4,38.16,45.3,0,0,0,0,0
4409,297.29,306.99,1372.0,45.83,23.7,0,0,0,0,0
4410,298.22,307.68,1583.6,34.18,181.6,0,0,0,0,0
4411,300.18,312.39,1327.0,46.04,221.1,0,0,0,0,0
4412,297.25,307.80,1534.5,33.78,20.9,0,0,0,0,0
4413,303.52,313.62,1270.8,57.12,163.3,0,0,0,0,0
4414,299.20,308.90,1685.6,32.85,29.2,0,0,0,0,0
4415,298.55,311.00,1150.0,55.86,14.4,0,0,0,0,0
4416,298.88,309.13,1362.2,42.70,160.7,0,0,0,0,0
4417,298.46,309.71,1599.9,41.35,73.0,0,0,0,0,0
4418,298.99,308.92,1497.0,39.68,131.8,0,0,0,0,0
4419,298.54,309.03,1594.0,39.57,125.9,0,0,0,0,0
4420,296.13,308.28,1422.4,46.55,124.9,0,0,0,0,0
4421,298.14,308.23,1259.2,45.68,17.1,0,0,0,0,0
4422,305.00,315.62,1580.8,33.49,165.3,0,0,0,0,0
4423,300.09,309.83,1724.4,30.66,78.9,0,0,0,0,0
4424,304.78,314.97,1619.3,32.91,54.3,0,0,0,0,0
4425,298.60,309.80,1612.3,32.29,85.6,0,0,0,0,0
4426,296.90,307.27,1641.6,49.20,59.1,0,0,0,0,0
4427,298.68,309.45,1409.0,42.74,211.6,0,0,0,0,0
4428,303.72,313.06,1437.9,39.87,56.3,0,0,0,0,0
4429,302.02,311.70,1954.1,31.95,176.4,0,0,0,0,0
4430,297.05,305.42,1549.6,36.33,118.6,0,0,0,0,0
4431,301.39,310.75,1421.5,48.08,91.2,0,0,0,0,0
4432,301.06,310.78,1664.1,35.24,130.2,0,0,0,0,0
4433,301.90,312.01,1630.3,24.14,11.0,0,0,0,0,0
4434,301.18,309.99,1650.8,28.93,70.9,0,0,0,0,0
4435,301.11,308.96,1730.7,37.94,102.4,0,0,0,0,0
4436,298.97,307.87,1380.5,45.14,110.2,0,0,0,0,0
4437,299.56,308.81,1382.8,44.11,188.1,0,0,0,0,0
4438,296.75,307.72,1628.0,32.46,204.1,0,0,0,0,0
4439,298.86,307.59,1446.2,43.08,161.7,0,0,0,0,0
4440,299.62,310.68,1448.4,51.33,217.0,1,1,0,0,1
4441,302.26,313.65,1604.8,44.65,212.8,0,0,0,0,0
4442,300.43,310.17,1297.0,46.90,31.9,0,0,0,0,0
4443,301.28,310.14,1379.9,44.95,1.6,0,0,0,0,0
4444,301.45,309.91,1196.6,61.18,136.8,1,0,1,0,0
4445,298.28,309.29,1504.7,47.57,127.9,0,0,0,0,0
4446,298.44,309.29,1489.6,49.77,151.4,0,0,0,0,0
4447,296.10,306.60,1538.0,40.55,118.7,0,0,0,0,0
4448,300.81,309.46,1607.0,35.79,170.4,0,0,0,0,0
4449,300.22,310.02,1583.2,37.61,41.3,0,0,0,0,0
4450,299.38,309.55,1494.9,41.45,42.5,0,0,0,0,0
4451,299.41,308.64,1413.5,39.40,92.9,0,0,0,0,0
4452,298.57,309.18,1724.0,31.29,11.0,0,0,0,0,0
4453,300.19,310.46,1689.3,30.10,208.4,0,0,0,0,0
4454,300.24,310.79,1434.0,44.07,29.5,0,0,0,0,0
4455,299.31,309.49,1753.3,43.33,131.3,0,0,0,0,0
4456,299.60,309.23,1150.0,53.40,53.0,0,0,0,0,0
4457,299.57,309.36,1307.5,41.65,143.7,0,0,0,0,0
4458,296.77,307.39,1315.0,53.97,130.0,0,0,0,0,0
4459,303.01,315.07,1467.4,42.86,110.6,0,0,0,0,0
4460,301.50,311.24,1743.0,34.45,188.7,0,0,0,0,0
4461,303.04,313.03,1425.0,42.56,119.8,0,0,0,0,0
4462,297.18,307.36,1206.2,54.66,118.9,0,0,0,0,0
4463,300.52,311.12,1545.2,32.18,48.6,0,0,0,0,0
4464,300.42,312.09,1505.6,37.88,160.0,0,0,0,0,0
4465,298.24,309.46,1344.8,43.39,81.6,0,0,0,0,0
4466,301.57,313.07,1353.4,45.23,139.3,0,0,0,0,0
4467,299.25,310.36,1569.6,47.95,103.0,0,0,0,0,0
4468,298.01,307.39,1615.3,43.00,196.1,0,0,0,0,0
4469,299.14,310.09,1456.6,45.05,215.5,0,0,0,0,0
4470,297.56,307.27,1715.9,31.09,173.1,0,0,0,0,0
4471,299.44,308.37,1511.2,44.61,65.6,0,0,0,0,0
4472,298.67,306.62,1836.9,32.59,24.9,0,0,0,0,0
4473,298.35,306.33,1336.4,42.49,133.8,1,0,1,0,0
4474,300.08,308.60,1387.4,38.08,59.5,0,0,0,0,0
4475,302.44,311.48,1545.5,28.80,228.9,0,0,0,0,0
4476,302.34,312.22,1462.9,39.71,209.6,0,0,0,0,0
4477,300.73,311.92,1534.5,49.33,43.8,0,0,0,0,0
4478,302.84,313.80,1608.4,25.15,153.8,0,0,0,0,0
4479,297.52,307.19,1494.9,32.30,231.1,0,0,0,0,0
4480,299.78,310.36,1564.7,40.44,122.7,0,0,0,0,0
4481,300.66,310.80,1810.7,32.22,127.3,0,0,0,0,0
4482,300.23,310.75,1251.9,56.62,47.8,0,0,0,0,0
4483,303.97,313.88,1686.7,27.71,39.8,0,0,0,0,0
4484,295.55,307.81,1488.3,32.55,106.4,0,0,0,0,0
4485,298.22,308.53,1758.7,25.84,243.3,1,1,0,0,0
4486,303.83,315.05,1523.9,33.36,59.7,0,0,0,0,0
4487,300.04,310.48,1551.8,34.34,156.3,0,0,0,0,0
4488,299.29,310.64,1769.4,29.09,23.3,0,0,0,0,0
4489,299.13,309.86,1738.5,37.97,143.8,0,0,0,0,0
4490,302.11,312.29,1901.5,18.34,78.4,0,0,0,0,0
4491,302.61,313.69,1563.9,40.10,79.0,0,0,0,0,0
4492,301.25,311.73,1754.0,38.52,223.3,1,1,0,0,0
4493,299.36,309.40,1763.0,33.39,181.2,0,0,0,0,0
4494,299.72,310.55,1764.9,40.18,23.8,0,0,0,0,0
4495,298.86,309.10,1525.6,43.92,99.9,0,0,0,0,0
4496,298.56,309.49,1579.8,30.28,44.9,0,0,0,0,0
4497,300.24,311.87,1693.7,32.36,183.9,0,0,0,0,0
4498,301.21,310.84,1556.1,50.10,196.0,0,0,0,0,0
4499,302.29,310.63,1432.5,36.21,198.2,0,0,0,0,0
4500,301.89,312.14,1491.2,38.70,40.5,0,0,0,0,0
4501,300.59,309.77,1589.4,42.25,208.4,0,0,0,0,0
4502,298.00,309.27,1464.6,48.86,225.0,0,0,0,0,0
4503,299.45,310.00,1488.5,35.41,179.2,0,0,0,0,0
4504,298.23,307.36,1787.7,35.85,71.2,0,0,0,0,0
4505,300.46,309.30,1337.9,50.87,180.6,0,0,0,0,0
4506,297.01,307.25,1660.7,41.70,213.1,0,0,0,0,0
4507,301.06,310.26,1632.0,45.25,31.9,0,0,0,0,0
4508,298.74,308.78,1334.5,49.46,9.1,0,0,0,0,0
4509,296.98,305.70,1706.5,39.22,49.8,0,0,0,0,0
4510,303.15,315.16,1369.9,39.89,75.3,0,0,0,0,0
4511,301.80,312.29,1700.6,43.74,182.1,0,0,0,0,0
4512,300.30,310.98,1428.6,38.44,19.8,0,0,0,0,0
4513,300.99,312.57,1562.9,34.10,170.0,0,0,0,0,0
4514,301.02,310.59,1636.3,28.45,119.8,0,0,0,0,0
4515,298.24,310.63,1549.7,37.76,81.8,0,0,0,0,0
4516,301.74,312.57,1512.2,39.86,152.1,0,0,0,0,0
4517,296.78,306.48,1511.6,39.67,24.8,0,0,0,0,0
4518,297.40,306.79,1889.4,22.29,209.7,0,0,0,0,0
4519,302.10,313.05,1541.4,40.11,138.6,0,0,0,0,0
4520,303.12,313.10,1743.7,29.09,99.3,0,0,0,0,0
4521,298.10,308.42,1646.7,26.89,102.6,0,0,0,0,0
4522,298.52,307.22,1471.6,43.58,215.0,0,0,0,0,0
4523,301.51,313.00,1546.1,35.59,46.8,0,0,0,0,0
4524,300.48,309.19,1533.3,44.08,208.1,0,0,0,0,0
4525,297.53,306.08,1552.1,28.69,177.2,0,0,0,0,0
4526,304.12,313.99,1536.2,45.06,150.8,0,0,0,0,0
4527,299.92,309.75,1681.9,43.79,214.7,0,0,0,0,0
4528,304.74,315.26,1506.2,44.52,205.1,0,0,0,0,0
4529,300.66,311.09,1556.0,37.39,49.8,0,0,0,0,0
4530,303.62,315.14,1277.9,52.38,139.2,0,0,0,0,0
4531,298.86,309.18,1656.7,32.97,140.6,0,0,0,0,0
4532,298.86,309.35,1581.6,49.40,22.7,0,0,0,0,0
4533,297.36,306.31,1442.0,39.45,68.6,0,0,0,0,0
4534,302.07,311.90,1466.9,50.59,135.2,0,0,0,0,0
4535,299.24,309.41,2029.6,15.56,210.4,1,0,0,1,0
4536,299.88,308.40,1582.8,41.07,125.1,0,0,0,0,0
4537,299.94,309.66,1480.3,41.23,11.9,0,0,0,0,0
4538,298.93,306.82,1415.1,51.15,6.6,0,0,0,0,0
4539,298.53,307.56,1429.4,47.63,80.6,0,0,0,0,0
4540,302.01,309.78,1669.8,36.08,240.1,0,0,0,0,0
4541,296.82,307.53,1427.8,48.28,242.4,1,0,0,0,1
4542,299.73,311.65,1408.9,49.78,214.6,0,0,0,0,0
4543,303.17,314.08,1755.9,26.98,146.4,0,0,0,0,0
4544,297.78,307.56,1735.0,34.40,184.4,0,0,0,0,0
4545,297.21,306.68,1150.0,54.66,143.6,0,0,0,0,0
4546,299.35,309.06,1150.0,59.78,35.1,0,0,0,0,0
4547,294.87,305.01,1338.9,44.61,243.0,0,0,0,0,0
4548,297.56,308.74,1695.2,42.55,150.3,0,0,0,0,0
4549,298.98,309.44,1660.5,44.17,112.5,0,0,0,0,0
4550,295.88,305.01,1678.8,33.03,41.9,0,0,0,0,0
4551,301.11,310.98,1523.1,44.96,159.3,0,0,0,0,0
4552,300.46,310.84,1479.1,36.35,162.8,0,0,0,0,0
4553,300.10,308.99,1482.8,43.15,197.5,0,0,0,0,0
4554,298.93,309.16,1389.7,44.12,60.5,0,0,0,0,0
4555,301.53,312.38,1573.3,38.70,19.4,0,0,0,0,0
4556,298.71,307.96,1310.2,53.69,237.4,1,0,0,0,1
4557,295.54,303.47,1497.9,40.10,212.8,0,0,0,0,0
4558,299.63,309.15,2052.1,29.09,82.0,0,0,0,0,0
4559,300.40,309.56,1320.7,37.45,127.0,0,0,0,0,0
4560,295.99,306.44,1656.4,34.48,165.2,0,0,0,0,0
4561,299.61,310.49,1487.7,53.61,243.5,1,0,0,0,1
4562,299.84,310.04,1369.8,44.42,242.3,0,0,0,0,0
4563,300.19,310.20,1489.7,48.92,29.0,0,0,0,0,0
4564,299.88,308.40,1650.4,46.85,42.0,0,0,0,0,0
4565,299.98,308.94,1378.5,48.20,137.0,0,0,0,0,0
4566,303.44,313.96,1673.7,32.65,150.4,0,0,0,0,0
4567,298.80,307.84,1299.5,50.71,30.4,0,0,0,0,0
4568,299.20,309.46,1310.4,46.20,51.2,0,0,0,0,0
4569,301.32,312.64,1537.5,36.54,61.9,0,0,0,0,0
4570,301.91,311.09,1477.8,43.24,147.1,0,0,0,0,0
4571,300.09,310.33,1414.9,40.68,125.2,0,0,0,0,0
4572,302.49,312.11,1548.6,42.41,48.2,0,0,0,0,0
4573,300.97,312.95,1536.9,25.61,161.8,0,0,0,0,0
4574,298.58,310.29,1858.4,30.01,152.5,0,0,0,0,0
4575,301.81,311.14,1555.0,36.57,183.8,0,0,0,0,0
4576,301.29,309.82,1664.2,27.36,46.8,0,0,0,0,0
4577,302.88,315.02,1389.8,38.60,110.2,0,0,0,0,0
4578,298.11,307.29,1438.9,37.59,212.1,1,1,0,0,0
4579,301.79,310.77,1282.8,48.79,194.3,0,0,0,0,0
4580,298.16,308.75,1475.2,38.63,29.3,0,0,0,0,0
4581,298.66,310.57,1508.8,44.86,193.0,0,0,0,0,0
4582,301.26,309.56,1475.2,43.17,53.6,0,0,0,0,0
4583,301.12,311.20,1275.4,44.36,175.7,0,0,0,0,0
4584,302.09,312.09,1626.1,18.20,91.8,1,0,0,1,0
4585,300.08,309.39,1596.3,48.77,74.6,0,0,0,0,0
4586,300.70,310.93,1537.6,29.80,43.1,0,0,0,0,0
4587,297.17,307.63,1644.8,29.86,92.7,0,0,0,0,0
4588,297.71,307.15,1465.6,40.83,130.8,0,0,0,0,0
4589,300.45,310.64,1926.2,29.80,162.3,0,0,0,0,0
4590,301.42,312.25,1405.3,53.74,47.6,0,0,0,0,0
4591,299.38,307.64,1561.0,39.44,100.4,0,0,0,0,0
4592,299.71,310.56,1393.7,39.52,49.3,0,0,0,0,0
4593,298.53,308.32,1352.6,44.50,10.4,0,0,0,0,0
4594,298.27,307.94,1188.7,57.14,237.3,1,0,0,0,1
4595,301.07,311.11,1672.4,39.13,132.1,0,0,0,0,0
4596,300.54,310.76,1559.6,41.23,23.3,0,0,0,0,0
4597,300.81,311.38,1730.8,29.80,21.9,0,0,0,0,0
4598,298.41,308.05,1500.0,44.07,105.6,0,0,0,0,0
4599,302.62,311.10,1572.1,26.79,223.2,0,0,0,0,0
4600,298.64,309.97,1636.6,38.57,88.5,0,0,0,0,0
4601,299.56,308.33,1334.8,52.73,8.5,0,0,0,0,0
4602,295.95,305.55,1675.5,46.46,152.3,0,0,0,0,0
4603,299.26,308.06,1415.5,40.73,191.2,0,0,0,0,0
4604,300.07,310.60,1456.8,42.96,26.6,0,0,0,0,0
4605,299.40,308.51,1616.5,27.38,51.4,0,0,0,0,0
4606,302.73,314.03,1332.9,56.57,23.4,0,0,0,0,0
4607,299.70,309.38,1650.2,35.99,24.9,0,0,0,0,0
4608,294.12,303.98,1654.2,43.92,114.9,0,0,0,0,0
4609,298.41,307.83,1378.2,53.30,107.5,0,0,0,0,0
4610,301.89,310.97,1676.8,24.52,14.3,0,0,0,0,0
4611,300.31,311.80,1600.0,38.79,146.1,0,0,0,0,0
4612,301.94,312.12,1596.7,27.38,22.7,0,0,0,0,0
4613,301.28,310.74,1656.5,38.50,27.9,0,0,0,0,0
4614,299.76,309.95,1378.8,32.35,18.9,0,0,0,0,0
4615,301.23,309.27,1398.1,40.42,40.5,0,0,0,0,0
4616,300.85,311.93,1404.1,50.39,146.8,0,0,0,0,0
4617,299.38,308.41,1713.2,29.65,115.3,0,0,0,0,0
4618,298.11,307.28,1365.7,52.18,61.6,0,0,0,0,0
4619,299.66,310.08,1518.2,32.67,47.4,0,0,0,0,0
4620,301.17,310.91,1544.6,43.67,125.9,0,0,0,0,0
4621,301.06,312.05,1409.0,45.29,242.7,0,0,0,0,0
4622,303.45,313.41,1513.9,46.15,5.7,0,0,0,0,0
4623,300.10,310.89,1605.8,39.50,8.4,0,0,0,0,0
4624,303.10,314.29,1341.9,52.60,102.2,0,0,0,0,0
4625,303.94,313.34,1802.8,28.18,161.5,0,0,0,0,0
4626,301.84,312.24,1520.3,41.52,191.5,0,0,0,0,0
4627,299.62,309.86,1364.3,53.93,223.9,1,0,0,0,1
4628,299.25,308.83,1800.1,22.81,91.3,0,0,0,0,0
4629,299.73,309.66,1505.5,47.65,43.1,0,0,0,0,0
4630,301.91,312.81,1219.7,51.80,48.6,0,0,0,0,0
4631,300.50,309.20,1427.6,47.80,151.3,0,0,0,0,0
4632,302.92,313.11,1507.0,36.44,32.0,0,0,0,0,0
4633,300.15,309.74,1642.7,30.87,56.4,0,0,0,0,0
4634,300.60,310.22,1499.7,38.63,192.4,0,0,0,0,0
4635,299.99,309.70,1864.3,29.04,121.4,0,0,0,0,0
4636,301.07,310.94,1560.8,29.05,181.3,0,0,0,0,0
4637,302.24,312.01,1764.4,28.12,123.9,0,0,0,0,0
4638,296.05,306.53,1731.0,27.42,61.6,0,0,0,0,0
4639,300.33,308.67,1555.5,37.82,30.1,0,0,0,0,0
4640,298.32,309.29,1818.4,29.35,122.7,0,0,0,0,0
4641,298.37,307.93,1730.7,24.58,84.7,0,0,0,0,0
4642,304.03,313.00,1828.8,29.53,150.3,0,0,0,0,0
4643,300.79,311.95,1551.2,37.57,53.4,0,0,0,0,0
4644,297.11,307.57,1535.8,37.14,32.9,0,0,0,0,0
4645,298.25,307.71,1795.7,26.33,220.9,1,1,0,0,0
4646,300.97,310.98,1645.7,36.42,239.6,1,1,0,0,0
4647,299.93,311.13,1487.9,43.02,14.7,0,0,0,0,0
4648,300.86,311.74,1695.1,28.36,54.0,0,0,0,0,0
4649,299.93,308.77,1309.8,40.44,192.1,0,0,0,0,0
4650,299.98,310.03,1192.3,48.97,193.5,0,0,0,0,0
4651,299.15,309.15,1150.0,60.43,114.1,0,0,0,0,0
4652,298.45,308.12,1504.1,43.19,176.7,0,0,0,0,0
4653,300.14,311.08,1432.2,46.98,89.9,0,0,0,0,0
4654,302.01,311.99,1573.5,32.10,4.1,0,0,0,0,0
4655,300.43,311.09,1510.8,35.69,76.3,0,0,0,0,0
4656,298.78,307.18,1533.2,41.33,179.3,0,0,0,0,0
4657,302.80,313.05,1297.3,59.67,57.3,0,0,0,0,0
4658,296.38,306.57,1563.8,31.39,103.9,0,0,0,0,0
4659,298.36,307.08,1393.7,44.83,232.9,0,0,0,0,0
4660,301.52,311.00,1795.9,30.75,157.7,0,0,0,0,0
4661,303.32,313.98,1308.6,52.20,164.6,0,0,0,0,0
4662,300.53,310.39,1519.7,33.58,127.1,0,0,0,0,0
4663,297.55,306.89,1741.9,33.67,115.2,0,0,0,0,0
4664,299.76,309.85,1334.8,54.26,176.9,0,0,0,0,0
4665,296.31,305.76,1418.1,46.37,64.5,0,0,0,0,0
4666,300.63,309.29,1490.4,37.93,77.7,0,0,0,0,0
4667,299.44,308.81,1656.5,37.88,27.0,0,0,0,0,0
4668,298.12,308.33,1239.0,53.96,12.6,0,0,0,0,0
4669,301.51,311.85,1320.0,54.04,115.6,0,0,0,0,0
4670,299.97,311.68,1753.0,27.86,5.8,0,0,0,0,0
4671,301.55,310.00,1534.8,36.82,211.6,1,1,0,0,0
4672,296.35,306.56,1531.7,28.62,154.3,0,0,0,0,0
4673,301.29,310.68,1973.4,28.16,185.3,0,0,0,0,0
4674,301.69,309.94,1516.1,30.76,138.1,0,0,0,0,0
4675,297.31,308.28,1710.6,28.41,215.0,0,0,0,0,0
4676,300.79,309.04,1898.4,30.88,153.0,0,0,0,0,0
4677,300.07,310.95,1521.5,33.68,161.1,0,0,0,0,0
4678,299.95,310.93,1251.4,44.75,156.5,0,0,0,0,0
4679,302.06,312.91,1425.3,48.95,61.4,0,0,0,0,0
4680,301.12,310.87,1662.0,33.45,225.6,1,1,0,0,0
4681,299.12,311.73,1442.2,35.78,137.4,0,0,0,0,0
4682,301.63,311.96,1696.6,41.71,229.2,0,0,0,0,0
4683,295.57,305.03,1862.9,30.98,178.1,0,0,0,0,0
4684,298.46,308.64,1657.1,45.27,121.8,0,0,0,0,0
4685,299.70,309.62,1520.2,48.10,199.2,0,0,0,0,0
4686,301.43,313.41,1391.9,49.31,19.9,0,0,0,0,0
4687,298.44,309.83,1432.8,36.05,23.6,0,0,0,0,0
4688,300.73,309.26,1622.9,41.44,133.8,0,0,0,0,0
4689,302.22,310.22,1192.6,59.34,152.8,1,0,1,0,0
4690,296.90,306.38,1612.8,33.67,125.2,0,0,0,0,0
4691,298.17,308.99,1761.5,34.71,212.0,0,0,0,0,0
4692,299.73,309.44,1614.5,41.04,93.8,0,0,0,0,0
4693,301.70,312.98,1322.7,55.36,160.2,0,0,0,0,0
4694,303.19,312.22,1474.9,44.48,86.9,0,0,0,0,0
4695,298.51,308.23,1569.0,42.41,58.3,0,0,0,0,0
4696,300.46,309.93,1649.9,40.80,131.2,0,0,0,0,0
4697,298.52,308.89,1542.0,29.73,52.5,0,0,0,0,0
4698,303.20,313.77,1792.2,21.04,2.2,0,0,0,0,0
4699,299.83,312.44,1488.6,41.67,76.1,0,0,0,0,0
4700,297.33,307.93,1280.1,45.27,211.2,0,0,0,0,0
4701,299.36,310.49,1384.5,45.04,21.9,0,0,0,0,0
4702,301.83,312.70,1631.0,35.36,76.1,0,0,0,0,0
4703,301.19,310.59,1762.2,22.17,166.7,0,0,0,0,0
4704,299.01,309.08,1642.8,25.61,225.6,0,0,0,0,0
4705,297.18,306.60,1336.3,44.58,167.4,0,0,0,0,0
4706,299.38,310.29,1636.0,37.83,115.6,0,0,0,0,0
4707,297.40,307.11,1739.6,32.81,203.5,0,0,0,0,0
4708,302.39,313.01,1772.3,37.01,101.3,0,0,0,0,0
4709,302.94,311.29,1460.3,50.63,219.9,1,0,0,0,1
4710,300.98,312.23,1196.4,47.37,243.4,1,0,0,0,1
4711,299.23,309.83,1486.9,34.87,13.4,0,0,0,0,0
4712,298.27,307.26,1595.6,47.42,130.7,0,0,0,0,0
4713,301.51,310.93,1575.3,41.18,143.3,0,0,0,0,0
4714,300.60,310.80,1659.1,28.38,232.5,0,0,0,0,0
4715,301.88,312.01,1697.9,40.10,116.5,0,0,0,0,0
4716,295.70,306.97,1435.8,49.51,3.2,0,0,0,0,0
4717,300.83,310.84,1486.9,38.04,217.9,0,0,0,0,0
4718,303.26,312.98,1643.0,36.19,175.8,0,0,0,0,0
4719,301.01,311.65,1488.1,46.40,128.4,0,0,0,0,0
4720,298.81,307.24,1213.8,64.42,70.5,1,0,1,0,0
4721,302.00,314.09,1543.9,42.28,240.1,0,0,0,0,0
4722,299.09,309.29,1807.5,23.01,127.3,0,0,0,0,0
4723,299.57,308.01,1539.0,37.11,101.4,0,0,0,0,0
4724,303.97,314.91,1749.1,36.51,208.1,0,0,0,0,0
4725,299.92,311.04,1563.2,49.91,12.1,0,0,0,0,0
4726,299.08,307.27,1785.9,45.36,229.3,0,0,0,0,0
4727,297.54,307.10,1517.7,37.48,219.4,0,0,0,0,0
4728,298.72,309.15,1458.8,40.64,201.4,0,0,0,0,0
4729,300.04,308.42,1718.3,34.84,71.9,0,0,0,0,0
4730,302.16,313.14,1533.6,41.47,182.6,0,0,0,0,0
4731,297.92,307.57,1682.9,39.43,18.5,0,0,0,0,0
4732,300.78,310.02,1365.6,46.61,189.4,0,0,0,0,0
4733,300.32,310.66,1582.8,25.62,142.0,0,0,0,0,0
4734,299.21,313.17,1356.6,43.89,89.8,0,0,0,0,0
4735,299.22,307.90,1388.7,49.41,70.2,0,0,0,0,0
4736,301.77,310.50,1357.2,50.81,101.3,0,0,0,0,0
4737,299.36,310.43,1679.9,33.03,58.9,0,0,0,0,0
4738,298.33,308.11,1630.4,33.48,34.4,0,0,0,0,0
4739,300.32,310.07,1730.7,38.51,228.0,0,0,0,0,0
4740,303.21,314.17,1465.2,44.03,31.9,0,0,0,0,0
4741,297.41,307.18,1321.4,49.52,38.7,0,0,0,0,0
4742,296.59,307.30,1480.3,46.01,106.3,0,0,0,0,0
4743,301.58,310.78,1497.7,31.78,188.8,0,0,0,0,0
4744,299.01,308.70,1429.0,46.86,73.1,0,0,0,0,0
4745,299.29,309.49,1594.9,43.99,132.4,0,0,0,0,0
4746,299.53,308.88,1781.1,25.38,204.6,0,0,0,0,0
4747,299.76,311.25,1725.8,36.86,230.2,0,0,0,0,0
4748,301.18,310.77,1408.3,30.91,72.7,0,0,0,0,0
4749,300.30,310.08,1445.1,34.90,111.6,0,0,0,0,0
4750,302.49,311.34,1932.2,28.19,119.8,0,0,0,0,0
4751,299.09,309.76,1503.7,46.91,145.7,0,0,0,0,0
4752,302.53,312.88,1551.6,41.63,154.6,0,0,0,0,0
4753,297.99,308.56,1557.4,44.58,134.0,0,0,0,0,0
4754,296.68,307.35,1717.3,28.41,28.2,0,0,0,0,0
4755,298.30,308.21,1518.5,28.95,182.0,0,0,0,0,0
4756,298.28,307.96,1447.7,35.29,69.9,0,0,0,0,0
4757,297.04,307.27,1540.3,40.78,170.6,0,0,0,0,0
4758,300.04,311.30,1527.6,46.40,64.3,0,0,0,0,0
4759,299.86,311.02,1376.5,51.10,107.5,0,0,0,0,0
4760,302.21,310.91,1847.9,26.64,73.4,0,0,0,0,0
4761,299.02,309.79,1349.8,47.68,200.6,0,0,0,0,0
4762,299.29,309.62,1571.1,37.72,222.4,0,0,0,0,0
4763,302.98,312.88,1845.3,35.58,230.8,0,0,0,0,0
4764,296.59,307.32,1381.2,48.62,75.0,0,0,0,0,0
4765,302.43,312.87,1538.7,45.20,5.2,0,0,0,0,0
4766,299.14,309.50,1745.0,34.55,235.8,0,0,0,0,0
4767,297.84,307.10,1596.4,43.02,166.9,0,0,0,0,0
4768,302.00,309.69,1239.1,47.21,194.1,1,0,1,0,0
4769,299.25,311.27,1652.2,41.60,69.2,0,0,0,0,0
4770,299.58,309.06,1928.3,24.62,50.0,0,0,0,0,0
4771,302.85,312.59,1564.0,49.84,7.2,0,0,0,0,0
4772,302.87,315.10,1714.7,33.40,87.8,0,0,0,0,0
4773,301.26,309.40,1187.2,49.85,61.2,1,0,1,0,0
4774,300.88,311.68,1777.9,22.21,71.1,0,0,0,0,0
4775,301.00,311.40,1162.2,34.60,149.1,0,0,0,0,0
4776,302.10,311.28,1469.1,42.15,234.9,0,0,0,0,0
4777,300.31,309.72,1404.8,42.84,205.9,0,0,0,0,0
4778,296.58,305.59,1475.3,55.36,31.3,0,0,0,0,0
4779,301.15,309.59,1426.3,42.02,129.5,0,0,0,0,0
4780,303.17,313.27,1564.8,37.82,115.9,0,0,0,0,0
4781,299.22,309.45,1612.5,34.26,176.2,0,0,0,0,0
4782,302.66,313.99,1787.7,28.72,173.2,0,0,0,0,0
4783,301.99,312.34,1611.8,38.31,94.8,0,0,0,0,0
4784,299.46,311.27,1421.3,39.48,170.2,0,0,0,0,0
4785,298.54,308.64,1632.6,21.22,59.8,0,0,0,0,0
4786,299.55,310.51,1492.0,52.01,201.8,0,0,0,0,0
4787,297.51,308.32,1266.7,44.78,131.0,0,0,0,0,0
4788,300.68,312.26,1557.7,35.91,125.6,0,0,0,0,0
4789,299.99,309.64,1829.5,32.71,62.3,0,0,0,0,0
4790,297.08,306.59,1642.1,22.30,170.8,0,0,0,0,0
4791,300.51,309.28,1607.3,26.74,132.9,0,0,0,0,0
4792,301.80,311.22,1324.6,45.75,65.9,0,0,0,0,0
4793,299.73,309.80,1600.7,43.94,172.4,0,0,0,0,0
4794,297.39,308.65,1357.1,41.47,244.7,0,0,0,0,0
4795,302.20,311.94,1436.6,37.36,225.0,0,0,0,0,0
4796,300.76,310.61,1503.4,42.61,181.6,0,0,0,0,0
4797,299.92,309.00,1559.5,44.33,236.6,1,1,0,0,0
4798,302.19,310.53,1482.7,35.76,186.7,0,0,0,0,0
4799,301.57,311.69,1602.7,33.85,183.9,0,0,0,0,0
4800,301.22,312.49,2096.8,16.33,108.4,0,0,0,0,0
4801,303.56,312.85,1449.3,46.72,110.5,0,0,0,0,0
4802,300.45,312.78,1274.3,47.29,194.9,0,0,0,0,0
4803,295.59,306.63,1428.7,43.34,227.0,0,0,0,0,0
4804,301.12,311.33,1235.4,51.67,183.8,0,0,0,0,0
4805,299.91,311.47,1687.2,40.44,225.4,0,0,0,0,0
4806,300.47,309.68,1484.2,36.60,137.9,0,0,0,0,0
4807,302.55,313.35,1607.6,41.44,106.8,0,0,0,0,0
4808,301.44,310.93,1534.3,32.49,205.5,0,0,0,0,0
4809,299.98,309.36,1553.7,39.07,124.4,0,0,0,0,0
4810,300.20,310.58,1423.5,36.99,165.5,0,0,0,0,0
4811,300.31,309.08,1452.0,43.29,32.7,0,0,0,0,0
4812,302.05,313.31,1384.4,49.59,58.0,0,0,0,0,0
4813,302.77,313.62,1504.5,47.45,52.7,0,0,0,0,0
4814,297.04,306.77,1254.6,48.53,237.0,1,0,0,0,1
4815,297.97,308.57,1595.6,44.57,215.1,0,0,0,0,0
4816,299.60,310.55,1541.1,48.68,82.9,0,0,0,0,0
4817,297.46,307.13,1646.0,34.05,47.1,0,0,0,0,0
4818,303.49,313.94,1727.9,36.60,133.7,0,0,0,0,0
4819,302.15,312.55,1590.3,30.51,4.2,0,0,0,0,0
4820,302.38,312.59,1546.6,35.71,141.4,0,0,0,0,0
4821,300.33,311.30,1879.2,46.09,45.0,1,0,0,1,0
4822,301.68,310.63,1544.0,39.18,82.2,0,0,0,0,0
4823,296.03,306.74,1521.2,37.55,64.5,0,0,0,0,0
4824,303.47,314.34,1788.5,22.39,62.2,0,0,0,0,0
4825,294.90,303.21,1498.4,42.17,179.4,0,0,0,0,0
4826,300.95,311.78,1641.1,25.60,198.2,0,0,0,0,0
4827,299.78,309.88,1518.8,41.84,173.0,0,0,0,0,0
4828,299.91,311.20,1481.8,42.26,148.8,0,0,0,0,0
4829,301.47,312.45,1480.0,38.87,244.2,0,0,0,0,0
4830,300.09,309.60,1812.2,29.88,7.2,0,0,0,0,0
4831,302.45,314.11,1881.0,29.46,41.0,0,0,0,0,0
4832,298.87,309.84,1309.6,42.11,188.5,0,0,0,0,0
4833,298.40,309.17,1286.8,41.57,30.6,0,0,0,0,0
4834,298.70,307.42,1816.2,29.95,150.1,0,0,0,0,0
4835,298.55,309.44,1353.7,36.55,124.7,0,0,0,0,0
4836,299.22,310.16,1742.4,35.87,121.7,0,0,0,0,0
4837,297.64,308.29,1382.8,42.61,95.4,0,0,0,0,0
4838,302.62,313.98,1295.0,66.98,60.2,1,0,0,1,0
4839,301.15,310.82,1535.8,39.07,199.8,0,0,0,0,0
4840,300.53,310.24,1593.9,45.43,6.8,0,0,0,0,0
4841,298.94,309.85,1584.4,43.52,184.5,0,0,0,0,0
4842,303.05,313.59,1666.8,40.43,217.4,0,0,0,0,0
4843,299.85,310.03,1683.6,40.01,77.1,0,0,0,0,0
4844,297.54,308.29,1573.8,32.68,58.6,0,0,0,0,0
4845,297.60,308.01,1464.5,38.75,104.0,0,0,0,0,0
4846,301.88,312.82,1659.9,31.23,240.0,0,0,0,0,0
4847,302.94,313.10,1547.4,24.87,227.2,0,0,0,0,0
4848,298.35,308.57,1561.1,49.97,58.5,0,0,0,0,0
4849,301.39,312.78,1368.1,44.44,158.8,0,0,0,0,0
4850,303.13,311.98,1316.2,52.40,16.0,0,0,0,0,0
4851,301.01,310.49,1707.7,38.42,193.5,0,0,0,0,0
4852,302.31,312.20,1253.0,48.97,100.9,0,0,0,0,0
4853,297.74,307.76,1649.2,32.23,66.3,0,0,0,0,0
4854,301.13,310.51,1587.3,34.28,44.2,0,0,0,0,0
4855,301.25,311.06,1416.0,41.97,240.9,0,0,0,0,0
4856,300.15,308.58,1471.6,51.42,234.7,1,0,0,0,1
4857,296.98,308.85,1181.4,55.35,39.9,0,0,0,0,0
4858,302.16,312.28,1574.3,26.65,25.1,0,0,0,0,0
4859,300.90,309.73,1458.0,45.77,113.6,0,0,0,0,0
4860,298.34,308.01,1843.4,33.06,197.9,0,0,0,0,0
4861,301.60,311.16,1442.5,44.35,225.0,1,1,0,0,0
4862,300.26,310.79,1301.8,56.60,46.6,0,0,0,0,0
4863,297.40,306.76,1335.2,42.60,37.8,0,0,0,0,0
4864,296.56,308.51,1269.6,48.99,170.8,0,0,0,0,0
4865,302.22,311.29,1391.6,44.27,90.7,0,0,0,0,0
4866,303.58,313.41,1561.6,40.47,75.3,0,0,0,0,0
4867,298.11,308.46,1336.1,44.66,52.0,0,0,0,0,0
4868,298.57,308.84,1336.0,49.37,91.8,0,0,0,0,0
4869,299.52,310.93,1567.2,36.80,113.4,0,0,0,0,0
4870,301.29,310.89,1532.1,36.10,12.2,0,0,0,0,0
4871,301.54,312.62,1509.2,49.06,161.2,0,0,0,0,0
4872,305.46,316.87,1583.7,38.11,134.6,0,0,0,0,0
4873,301.02,310.93,1451.2,46.22,31.6,0,0,0,0,0
4874,301.73,311.37,1475.4,42.14,141.8,0,0,0,0,0
4875,296.88,306.94,1218.8,55.02,84.1,0,0,0,0,0
4876,294.82,304.24,1542.7,32.61,87.6,0,0,0,0,0
4877,298.32,307.53,1622.0,30.42,200.4,0,0,0,0,0
4878,295.11,304.52,1852.4,23.49,9.2,0,0,0,0,0
4879,301.51,311.13,1150.0,51.60,233.5,1,0,0,0,1
4880,302.91,312.12,1877.7,26.55,91.3,0,0,0,0,0
4881,300.52,310.04,1324.8,56.11,129.3,0,0,0,0,0
4882,298.02,307.09,1312.0,41.36,59.0,0,0,0,0,0
4883,298.19,307.47,1652.1,35.43,11.4,0,0,0,0,0
4884,302.06,312.23,1602.8,35.39,207.8,0,0,0,0,0
4885,302.63,311.62,1150.2,52.78,88.5,0,0,0,0,0
4886,302.32,311.20,1727.1,36.04,34.7,0,0,0,0,0
4887,297.09,307.75,1589.2,42.92,119.1,0,0,0,0,0
4888,298.83,309.50,1150.0,53.69,41.9,0,0,0,0,0
4889,298.60,308.38,1641.6,48.14,130.7,0,0,0,0,0
4890,302.88,313.20,1330.9,54.98,46.5,0,0,0,0,0
4891,301.47,311.38,1778.0,30.07,141.2,0,0,0,0,0
4892,297.31,307.41,1782.9,36.94,128.2,0,0,0,0,0
4893,303.26,311.36,1591.6,34.85,71.8,0,0,0,0,0
4894,298.62,308.19,1374.1,42.54,143.3,0,0,0,0,0
4895,298.82,308.39,1427.2,39.55,141.4,0,0,0,0,0
4896,300.36,311.07,1388.1,39.82,135.4,0,0,0,0,0
4897,298.91,306.58,1541.5,40.60,48.8,0,0,0,0,0
4898,297.45,306.74,1675.6,24.67,114.1,0,0,0,0,0
4899,303.06,311.47,1457.9,45.45,186.7,0,0,0,0,0
4900,301.40,313.54,1372.0,51.89,24.3,0,0,0,0,0
4901,298.82,307.42,1387.2,49.75,42.2,0,0,0,0,0
4902,303.54,315.57,1435.9,49.73,158.4,0,0,0,0,0
4903,300.53,310.66,1393.7,47.02,155.7,0,0,0,0,0
4904,298.42,309.78,1583.1,39.05,214.6,1,1,0,0,0
4905,297.09,306.62,1539.7,30.71,121.6,0,0,0,0,0
4906,298.71,310.26,1372.5,33.35,82.5,0,0,0,0,0
4907,298.47,308.58,1452.6,43.06,207.2,0,0,0,0,0
4908,301.13,311.19,1836.6,30.83,106.2,0,0,0,0,0
4909,298.40,308.32,1370.6,58.38,72.6,0,0,0,0,0
4910,297.70,308.27,1671.9,43.51,95.0,0,0,0,0,0
4911,301.29,311.46,1502.0,41.53,132.1,0,0,0,0,0
4912,297.90,307.30,1333.1,42.12,49.1,0,0,0,0,0
4913,298.18,306.98,1488.8,29.77,174.2,0,0,0,0,0
4914,301.58,311.67,1560.6,43.43,73.4,0,0,0,0,0
4915,297.99,307.18,1282.1,53.11,159.8,0,0,0,0,0
4916,299.42,309.10,1473.3,43.15,64.4,0,0,0,0,0
4917,302.00,312.39,1164.2,62.18,52.2,0,0,0,0,0
4918,303.56,314.37,1564.9,28.71,133.5,0,0,0,0,0
4919,298.64,310.11,1397.8,35.65,124.4,0,0,0,0,0
4920,301.36,311.66,1337.7,46.48,226.5,1,1,0,0,0
4921,299.21,307.91,1333.9,40.90,69.0,0,0,0,0,0
4922,299.55,308.29,1615.9,31.07,116.3,0,0,0,0,0
4923,296.66,307.78,1452.3,35.21,210.2,0,0,0,0,0
4924,302.42,314.69,1675.7,25.43,104.6,0,0,0,0,0
4925,300.18,310.84,1242.9,47.95,101.7,0,0,0,0,0
4926,297.95,307.61,1624.5,30.74,59.2,0,0,0,0,0
4927,299.35,307.69,1296.1,45.98,170.6,1,0,1,0,0
4928,305.13,314.87,1523.9,48.19,80.1,0,0,0,0,0
4929,301.46,311.91,1602.7,43.03,78.6,0,0,0,0,0
4930,298.82,309.44,1759.2,25.24,195.3,0,0,0,0,0
4931,302.10,309.67,1481.1,32.58,241.2,0,0,0,0,0
4932,298.38,309.31,1772.4,34.45,82.9,0,0,0,0,0
4933,301.66,312.05,1384.5,49.04,35.5,0,0,0,0,0
4934,301.83,312.92,1730.6,36.00,121.1,0,0,0,0,0
4935,300.26,310.21,1718.0,26.66,149.7,0,0,0,0,0
4936,299.46,308.52,1608.6,33.00,121.7,0,0,0,0,0
4937,304.04,314.88,1436.6,29.11,147.8,0,0,0,0,0
4938,297.20,306.54,1447.7,40.01,95.6,0,0,0,0,0
4939,303.14,313.47,1477.9,51.87,92.1,0,0,0,0,0
4940,296.69,306.97,1471.3,29.61,133.5,0,0,0,0,0
4941,300.07,309.46,1543.3,23.22,206.8,0,0,0,0,0
4942,299.65,311.08,1404.7,46.16,65.3,0,0,0,0,0
4943,302.52,311.28,1400.4,47.77,218.3,0,0,0,0,0
4944,297.36,307.12,1374.1,40.58,239.5,0,0,0,0,0
4945,299.38,309.05,1464.6,39.73,86.5,0,0,0,0,0
4946,296.53,306.41,1648.3,40.64,12.9,0,0,0,0,0
4947,298.79,306.90,1662.7,31.12,24.4,0,0,0,0,0
4948,299.96,308.33,1304.6,50.37,230.0,1,1,1,0,1
4949,300.38,309.28,1586.2,40.73,198.2,0,0,0,0,0
4950,303.01,314.37,1584.6,23.95,78.9,0,0,0,0,0
4951,297.51,307.04,1338.2,46.28,159.4,0,0,0,0,0
4952,299.65,309.16,1591.2,47.91,145.8,0,0,0,0,0
4953,303.41,314.46,1516.0,33.55,242.6,1,1,0,0,0
4954,297.04,308.77,1449.5,40.70,89.8,0,0,0,0,0
4955,297.57,307.48,1483.5,37.77,204.6,0,0,0,0,0
4956,298.56,308.23,1726.0,46.13,231.1,1,1,0,0,0
4957,301.10,312.22,1502.9,43.24,86.5,0,0,0,0,0
4958,299.28,311.34,1365.2,42.23,118.4,0,0,0,0,0
4959,302.17,312.08,1555.9,35.84,107.3,0,0,0,0,0
4960,300.55,309.48,1361.3,52.26,135.5,0,0,0,0,0
4961,297.48,306.70,1465.3,51.00,22.4,0,0,0,0,0
4962,299.99,310.10,1683.5,24.06,234.4,1,1,0,0,0
4963,298.05,308.23,1337.9,65.03,105.7,1,0,0,1,0
4964,297.77,307.68,1928.7,27.75,123.8,0,0,0,0,0
4965,301.84,311.07,1650.7,44.74,98.1,0,0,0,0,0
4966,301.60,309.84,1424.6,52.62,5.7,0,0,0,0,0
4967,300.40,310.03,1553.7,47.40,31.0,0,0,0,0,0
4968,300.31,309.55,1387.7,43.98,183.0,0,0,0,0,0
4969,301.97,312.58,1405.1,45.12,33.2,0,0,0,0,0
4970,300.83,310.24,1262.3,51.53,202.7,0,0,0,0,0
4971,303.67,314.75,1507.1,45.10,206.3,0,0,0,0,0
4972,298.47,308.34,1296.2,52.47,122.0,0,0,0,0,0
4973,300.82,311.19,1723.4,34.31,72.5,0,0,0,0,0
4974,300.66,310.52,1518.5,41.89,165.9,0,0,0,0,0
4975,298.14,307.40,1437.5,49.08,94.7,0,0,0,0,0
4976,301.01,311.43,1400.6,51.79,104.6,0,0,0,0,0
4977,299.40,310.03,1525.4,38.57,128.3,0,0,0,0,0
4978,299.91,310.94,1593.8,33.86,170.9,0,0,0,0,0
4979,300.71,311.65,1553.0,36.38,201.8,0,0,0,0,0
4980,299.68,309.68,1304.5,58.39,242.1,1,1,0,0,1
4981,300.06,308.84,1493.6,39.90,146.1,0,0,0,0,0
4982,296.88,306.85,1693.8,35.70,238.3,0,0,0,0,0
4983,301.07,310.78,1751.1,35.90,227.8,1,1,0,0,0
4984,297.99,308.63,1396.1,44.93,164.1,0,0,0,0,0
4985,299.78,310.45,1594.5,40.89,52.3,0,0,0,0,0
4986,298.03,306.92,1390.6,45.21,233.2,0,0,0,0,0
4987,296.82,308.31,1863.7,20.91,32.6,0,0,0,0,0
4988,301.96,312.49,1607.9,38.83,177.5,0,0,0,0,0
4989,306.70,316.27,1560.8,48.08,5.4,0,0,0,0,0
4990,299.70,309.36,1573.8,38.13,13.1,0,0,0,0,0
4991,302.19,311.80,1712.4,33.82,86.1,0,0,0,0,0
4992,300.85,309.95,1438.6,36.30,136.4,0,0,0,0,0
4993,299.91,309.81,1778.0,29.80,146.9,0,0,0,0,0
4994,303.14,313.69,1543.3,35.37,220.0,0,0,0,0,0
4995,300.02,309.57,1546.0,47.49,124.5,0,0,0,0,0
4996,302.04,312.00,1598.2,38.63,103.9,0,0,0,0,0
4997,303.91,313.96,1432.9,46.67,90.6,0,0,0,0,0
4998,298.51,309.31,1837.7,25.22,85.8,0,0,0,0,0
4999,303.01,314.02,1914.3,39.26,159.9,0,0,0,0,0
5000,297.46,307.59,1471.7,37.25,82.3,0,0,0,0,0
