unit_id,cycle,true_rul,s3_hpc_temp,s4_lpt_temp,s7_hpc_press,s9_core_speed,s11_lpt_press
1,1,211,1584.89,1403.00,553.90,9051.0,47.501
1,2,210,1584.54,1403.53,553.63,9046.8,47.319
1,3,209,1585.76,1404.73,553.34,9048.5,47.413
1,4,208,1584.44,1402.07,553.61,9052.1,47.578
1,5,207,1585.32,1404.11,553.65,9047.9,47.497
1,6,206,1585.23,1403.43,553.49,9049.4,47.423
1,7,205,1585.00,1403.79,553.92,9045.6,47.505
1,8,204,1587.22,1405.07,553.87,9053.1,47.400
1,9,203,1583.73,1404.70,553.64,9045.3,47.406
1,10,202,1584.10,1404.12,553.97,9053.1,47.495
1,11,201,1585.60,1403.81,553.61,9044.7,47.505
1,12,200,1584.86,1403.63,554.15,9046.9,47.492
1,13,199,1585.24,1403.07,553.78,9053.4,47.490
1,14,198,1586.20,1404.30,554.81,9046.8,47.430
1,15,197,1584.95,1402.72,554.11,9053.2,47.451
1,16,196,1584.57,1402.65,553.56,9052.6,47.439
1,17,195,1584.66,1404.45,554.15,9050.9,47.466
1,18,194,1586.10,1404.16,553.71,9052.4,47.437
1,19,193,1584.71,1405.15,553.71,9040.7,47.467
1,20,192,1584.68,1403.74,553.94,9049.4,47.461
1,21,191,1583.38,1403.15,554.22,9049.9,47.366
1,22,190,1584.14,1403.11,553.83,9048.5,47.417
1,23,189,1585.00,1404.43,553.72,9048.0,47.429
1,24,188,1585.27,1403.99,554.03,9046.0,47.411
1,25,187,1585.62,1403.28,554.22,9054.9,47.520
1,26,186,1584.30,1404.07,553.65,9053.2,47.535
1,27,185,1585.70,1404.01,553.69,9052.3,47.389
1,28,184,1585.43,1403.18,553.99,9049.4,47.431
1,29,183,1584.29,1403.68,553.97,9053.7,47.476
1,30,182,1586.09,1406.29,553.70,9049.3,47.378
1,31,181,1585.95,1405.17,553.54,9052.2,47.511
1,32,180,1585.18,1404.76,553.85,9045.7,47.502
1,33,179,1586.06,1404.66,553.51,9047.4,47.393
1,34,178,1585.62,1405.14,553.93,9053.3,47.407
1,35,177,1585.12,1402.77,553.57,9053.1,47.438
1,36,176,1585.97,1404.48,554.62,9050.3,47.380
1,37,175,1584.97,1403.13,554.09,9050.1,47.443
1,38,174,1584.90,1404.67,553.66,9052.7,47.502
1,39,173,1584.73,1403.17,553.65,9052.5,47.455
1,40,172,1585.50,1405.59,553.87,9047.2,47.503
1,41,171,1585.04,1404.79,554.12,9046.6,47.519
1,42,170,1585.72,1403.46,553.89,9050.9,47.451
1,43,169,1585.70,1405.29,553.80,9054.7,47.499
1,44,168,1585.19,1404.16,553.45,9044.7,47.458
1,45,167,1584.32,1403.96,553.64,9043.7,47.468
1,46,166,1584.67,1404.07,553.53,9048.8,47.528
1,47,165,1585.10,1404.49,553.42,9058.4,47.542
1,48,164,1586.09,1404.75,553.80,9051.5,47.502
1,49,163,1584.50,1403.60,553.30,9047.3,47.533
1,50,162,1584.73,1403.71,553.90,9044.4,47.497
1,51,161,1586.01,1404.34,554.30,9045.4,47.542
1,52,160,1584.42,1402.85,553.73,9056.6,47.449
1,53,159,1584.25,1402.83,553.77,9043.0,47.385
1,54,158,1586.23,1405.19,553.76,9048.4,47.453
1,55,157,1586.88,1404.36,554.07,9049.3,47.453
1,56,156,1585.52,1404.11,553.23,9054.5,47.419
1,57,155,1586.69,1404.62,553.82,9051.5,47.445
1,58,154,1584.61,1404.19,554.07,9048.4,47.419
1,59,153,1584.72,1404.86,554.24,9051.3,47.479
1,60,152,1584.50,1404.79,553.97,9047.5,47.361
1,61,151,1584.02,1403.40,554.15,9055.4,47.428
1,62,150,1584.67,1404.24,553.80,9053.3,47.424
1,63,149,1585.76,1403.78,554.06,9049.1,47.419
1,64,148,1586.53,1404.96,553.26,9048.4,47.510
1,65,147,1584.04,1404.69,554.00,9047.6,47.450
1,66,146,1583.33,1405.59,553.71,9052.8,47.481
1,67,145,1586.09,1403.61,553.86,9052.0,47.494
1,68,144,1585.92,1403.57,553.60,9054.8,47.348
1,69,143,1586.26,1403.73,553.80,9047.6,47.448
1,70,142,1586.02,1404.69,553.95,9050.3,47.378
1,71,141,1584.32,1403.69,553.94,9050.2,47.499
1,72,140,1585.38,1404.05,554.48,9051.4,47.428
1,73,139,1586.49,1405.08,554.34,9049.6,47.499
1,74,138,1583.84,1404.71,553.75,9045.3,47.502
1,75,137,1583.55,1402.28,553.91,9052.0,47.499
1,76,136,1585.59,1405.33,554.01,9049.5,47.446
1,77,135,1584.77,1404.27,553.47,9051.2,47.446
1,78,134,1585.22,1404.25,553.06,9046.8,47.445
1,79,133,1584.96,1404.23,553.89,9055.3,47.466
1,80,132,1584.75,1402.56,553.39,9051.9,47.503
1,81,131,1586.23,1403.25,553.71,9050.8,47.552
1,82,130,1585.09,1405.40,553.85,9054.0,47.501
1,83,129,1585.13,1403.08,553.72,9055.2,47.494
1,84,128,1584.65,1403.69,553.28,9055.1,47.494
1,85,127,1584.89,1404.18,553.15,9048.3,47.517
1,86,126,1585.79,1404.30,553.80,9052.8,47.436
1,87,125,1583.67,1403.99,553.92,9053.9,47.378
1,88,124,1584.90,1403.93,553.47,9051.7,47.487
1,89,123,1584.77,1405.85,553.70,9048.4,47.426
1,90,122,1584.35,1403.50,553.37,9049.3,47.453
1,91,121,1583.17,1403.91,553.81,9051.8,47.510
1,92,120,1585.68,1403.44,553.58,9052.0,47.423
1,93,119,1584.02,1406.14,553.71,9047.8,47.340
1,94,118,1585.68,1403.11,553.81,9053.4,47.401
1,95,117,1585.06,1405.37,553.06,9047.2,47.405
1,96,116,1584.85,1403.96,553.48,9047.7,47.411
1,97,115,1584.72,1404.20,554.07,9053.7,47.483
1,98,114,1584.30,1404.00,554.51,9053.6,47.428
1,99,113,1586.27,1403.65,553.60,9054.9,47.385
1,100,112,1583.47,1404.85,553.81,9050.4,47.432
1,101,111,1584.81,1403.59,553.61,9048.7,47.429
1,102,110,1584.34,1403.51,553.05,9052.4,47.470
1,103,109,1584.93,1404.21,553.88,9047.5,47.423
1,104,108,1585.42,1404.19,554.41,9055.7,47.497
1,105,107,1584.39,1403.49,553.50,9051.0,47.313
1,106,106,1584.63,1403.72,553.34,9052.8,47.393
1,107,105,1585.21,1406.51,553.32,9049.5,47.430
1,108,104,1584.52,1404.68,554.13,9052.7,47.414
1,109,103,1586.95,1402.41,553.49,9050.6,47.454
1,110,102,1585.39,1405.42,553.76,9050.4,47.420
1,111,101,1585.47,1403.71,553.70,9051.9,47.502
1,112,100,1583.23,1404.32,553.72,9053.3,47.437
1,113,99,1586.04,1403.39,553.13,9053.7,47.408
1,114,98,1583.74,1404.01,553.73,9052.9,47.495
1,115,97,1585.08,1403.20,553.89,9050.6,47.478
1,116,96,1584.31,1403.65,553.95,9054.4,47.498
1,117,95,1585.10,1403.61,553.91,9046.2,47.408
1,118,94,1586.28,1404.45,553.68,9053.0,47.513
1,119,93,1584.75,1403.75,553.61,9053.6,47.497
1,120,92,1586.27,1405.10,553.27,9051.3,47.394
1,121,91,1584.80,1404.41,554.00,9047.3,47.330
1,122,90,1585.41,1406.71,553.68,9050.6,47.534
1,123,89,1585.80,1404.60,553.86,9051.5,47.387
1,124,88,1584.33,1406.19,553.76,9051.1,47.438
1,125,87,1586.10,1406.87,553.85,9048.8,47.434
1,126,86,1586.41,1404.15,553.93,9042.9,47.428
1,127,85,1586.14,1405.92,553.41,9045.9,47.425
1,128,84,1584.82,1404.75,553.63,9046.7,47.476
1,129,83,1585.69,1405.97,553.06,9047.9,47.460
1,130,82,1585.27,1404.96,553.59,9052.2,47.398
1,131,81,1586.13,1404.53,553.77,9051.4,47.438
1,132,80,1588.17,1404.36,553.96,9042.7,47.325
1,133,79,1585.22,1404.43,553.58,9053.2,47.414
1,134,78,1586.21,1406.10,553.74,9047.7,47.406
1,135,77,1586.38,1406.20,553.23,9052.2,47.424
1,136,76,1585.99,1405.25,553.47,9052.3,47.445
1,137,75,1585.83,1405.73,553.34,9055.8,47.370
1,138,74,1586.99,1406.43,553.87,9049.7,47.382
1,139,73,1586.18,1404.85,553.88,9049.1,47.372
1,140,72,1588.11,1404.94,553.55,9048.7,47.472
1,141,71,1585.45,1405.10,553.13,9057.3,47.406
1,142,70,1587.06,1408.05,553.90,9056.5,47.374
1,143,69,1587.13,1405.85,553.25,9048.7,47.430
1,144,68,1589.21,1407.83,553.05,9056.5,47.480
1,145,67,1589.01,1406.46,553.31,9054.3,47.437
1,146,66,1588.21,1405.41,553.02,9055.9,47.322
1,147,65,1588.52,1406.36,552.85,9060.1,47.346
1,148,64,1588.67,1406.34,553.68,9054.6,47.392
1,149,63,1588.51,1408.66,552.56,9056.0,47.352
1,150,62,1587.17,1409.19,552.87,9057.1,47.390
1,151,61,1588.42,1410.28,552.93,9051.1,47.358
1,152,60,1589.25,1409.19,552.58,9060.1,47.287
1,153,59,1589.93,1407.72,552.79,9060.9,47.378
1,154,58,1589.84,1409.68,553.21,9061.2,47.346
1,155,57,1589.87,1407.96,552.76,9060.6,47.372
1,156,56,1589.90,1409.35,553.08,9057.8,47.338
1,157,55,1590.43,1408.50,552.85,9054.7,47.422
1,158,54,1589.69,1410.11,552.78,9052.0,47.322
1,159,53,1590.92,1410.99,552.70,9054.3,47.380
1,160,52,1590.84,1410.48,552.94,9057.0,47.322
1,161,51,1588.47,1411.50,552.62,9053.8,47.256
1,162,50,1589.95,1411.62,552.39,9057.2,47.290
1,163,49,1590.00,1409.40,552.08,9056.6,47.371
1,164,48,1590.90,1410.63,553.08,9058.4,47.391
1,165,47,1592.53,1410.21,552.37,9059.3,47.299
1,166,46,1591.88,1411.30,552.15,9060.9,47.306
1,167,45,1590.70,1412.83,552.57,9063.0,47.302
1,168,44,1591.28,1411.73,552.91,9065.4,47.275
1,169,43,1592.18,1412.29,552.33,9064.4,47.367
1,170,42,1591.58,1412.97,551.58,9058.5,47.353
1,171,41,1591.71,1412.38,552.05,9065.7,47.252
1,172,40,1589.90,1412.61,552.37,9064.9,47.367
1,173,39,1592.00,1412.19,552.09,9064.9,47.312
1,174,38,1593.87,1414.31,552.03,9066.9,47.317
1,175,37,1594.03,1415.11,552.31,9062.6,47.312
1,176,36,1593.27,1413.72,551.59,9067.0,47.304
1,177,35,1594.12,1414.55,551.75,9068.5,47.205
1,178,34,1594.04,1415.11,551.92,9061.3,47.349
1,179,33,1594.42,1415.55,551.52,9068.3,47.272
1,180,32,1595.45,1414.30,551.64,9068.3,47.256
1,181,31,1594.40,1415.55,551.58,9060.9,47.309
1,182,30,1594.57,1416.29,551.59,9065.9,47.250
1,183,29,1593.57,1417.12,551.74,9062.2,47.231
1,184,28,1594.45,1416.60,551.56,9072.0,47.303
1,185,27,1596.73,1416.85,550.96,9068.6,47.274
1,186,26,1594.94,1418.85,551.52,9068.7,47.202
1,187,25,1595.64,1417.72,551.12,9073.2,47.216
1,188,24,1596.83,1417.93,551.22,9069.5,47.263
1,189,23,1597.25,1418.68,551.26,9067.4,47.239
1,190,22,1597.93,1419.02,550.71,9071.0,47.237
1,191,21,1596.58,1417.67,550.86,9069.1,47.212
1,192,20,1596.17,1419.71,550.71,9075.6,47.194
1,193,19,1597.68,1419.37,550.63,9081.2,47.178
1,194,18,1598.78,1418.86,550.89,9074.7,47.197
1,195,17,1597.77,1419.93,550.59,9081.9,47.192
1,196,16,1598.91,1422.09,550.39,9074.1,47.174
1,197,15,1598.69,1420.65,550.37,9075.1,47.129
1,198,14,1599.82,1421.71,550.38,9073.4,47.191
1,199,13,1598.66,1423.11,550.57,9076.8,47.206
1,200,12,1599.11,1422.79,550.43,9079.2,47.157
1,201,11,1600.90,1422.51,550.99,9075.1,47.172
1,202,10,1599.30,1422.01,550.46,9080.8,47.304
1,203,9,1600.33,1421.99,550.43,9073.4,47.179
1,204,8,1600.28,1423.36,550.47,9077.5,47.192
1,205,7,1601.67,1421.84,549.80,9072.9,47.240
1,206,6,1601.17,1425.47,549.52,9076.9,47.174
1,207,5,1601.68,1424.69,549.56,9084.2,47.167
1,208,4,1602.15,1423.95,549.97,9078.9,47.040
1,209,3,1602.08,1424.78,550.12,9072.6,47.129
1,210,2,1601.49,1425.57,549.85,9080.6,47.152
1,211,1,1601.71,1426.64,549.46,9076.0,47.092
1,212,0,1601.32,1426.23,549.52,9086.3,47.132
2,1,164,1584.72,1403.69,553.70,9057.3,47.469
2,2,163,1585.34,1404.93,553.87,9049.1,47.440
2,3,162,1584.94,1403.97,554.02,9050.2,47.487
2,4,161,1584.94,1404.07,553.20,9053.2,47.467
2,5,160,1585.80,1401.39,554.43,9049.5,47.505
2,6,159,1584.17,1404.55,553.48,9047.8,47.546
2,7,158,1584.85,1404.20,554.06,9051.7,47.458
2,8,157,1585.29,1406.16,553.78,9050.7,47.503
2,9,156,1585.88,1405.07,553.99,9046.0,47.532
2,10,155,1584.08,1404.27,553.57,9049.8,47.466
2,11,154,1585.26,1404.38,554.28,9051.6,47.438
2,12,153,1585.77,1405.07,553.43,9052.1,47.485
2,13,152,1584.76,1405.24,553.75,9050.4,47.441
2,14,151,1585.01,1403.01,553.37,9055.6,47.408
2,15,150,1584.21,1402.06,553.61,9045.4,47.532
2,16,149,1585.81,1403.38,554.48,9053.4,47.434
2,17,148,1583.00,1406.06,553.38,9044.2,47.501
2,18,147,1586.95,1405.25,553.97,9052.1,47.493
2,19,146,1585.61,1404.25,553.83,9049.8,47.412
2,20,145,1584.78,1402.48,553.77,9046.5,47.395
2,21,144,1585.14,1405.25,554.08,9044.5,47.401
2,22,143,1585.75,1403.12,553.73,9051.9,47.402
2,23,142,1585.08,1402.80,553.62,9051.1,47.370
2,24,141,1585.35,1403.98,553.97,9050.8,47.518
2,25,140,1585.10,1403.61,553.84,9051.9,47.452
2,26,139,1585.03,1403.37,553.60,9045.1,47.537
2,27,138,1584.00,1403.38,553.58,9053.1,47.435
2,28,137,1586.00,1403.39,553.88,9047.1,47.557
2,29,136,1584.05,1404.28,553.99,9051.4,47.441
2,30,135,1584.90,1404.04,553.76,9053.4,47.561
2,31,134,1584.55,1402.77,553.77,9059.0,47.410
2,32,133,1586.31,1405.51,553.63,9052.0,47.531
2,33,132,1584.70,1403.82,553.63,9046.4,47.418
2,34,131,1584.02,1404.03,553.57,9050.8,47.372
2,35,130,1585.26,1404.75,553.20,9051.3,47.511
2,36,129,1584.03,1405.51,553.93,9047.5,47.447
2,37,128,1585.45,1404.07,553.96,9046.8,47.458
2,38,127,1583.87,1403.90,553.53,9047.4,47.512
2,39,126,1585.87,1404.55,553.47,9048.9,47.511
2,40,125,1585.11,1406.09,553.92,9050.7,47.435
2,41,124,1585.11,1403.86,554.01,9053.3,47.411
2,42,123,1583.94,1402.35,553.95,9046.1,47.342
2,43,122,1585.31,1406.24,553.80,9052.9,47.454
2,44,121,1584.92,1404.83,553.71,9050.9,47.466
2,45,120,1584.47,1404.89,553.75,9047.4,47.477
2,46,119,1584.28,1404.03,553.80,9053.8,47.474
2,47,118,1584.98,1404.74,554.22,9052.0,47.451
2,48,117,1583.95,1403.04,553.71,9047.9,47.441
2,49,116,1585.05,1404.48,553.78,9051.7,47.453
2,50,115,1583.42,1403.15,553.76,9045.8,47.480
2,51,114,1586.22,1405.10,553.74,9055.2,47.457
2,52,113,1584.73,1403.45,553.71,9048.6,47.459
2,53,112,1585.13,1404.00,553.93,9054.2,47.497
2,54,111,1583.81,1401.70,554.08,9045.2,47.439
2,55,110,1584.06,1402.38,553.96,9052.7,47.421
2,56,109,1582.93,1403.51,553.92,9044.8,47.459
2,57,108,1584.99,1404.52,553.84,9046.6,47.510
2,58,107,1584.87,1403.98,553.52,9048.4,47.406
2,59,106,1584.86,1405.54,553.39,9044.4,47.524
2,60,105,1584.83,1403.40,554.11,9047.9,47.541
2,61,104,1585.54,1403.56,554.45,9047.9,47.487
2,62,103,1585.24,1405.17,554.27,9050.1,47.412
2,63,102,1585.37,1403.39,554.40,9050.5,47.432
2,64,101,1585.15,1402.79,553.51,9054.2,47.417
2,65,100,1584.16,1404.48,554.16,9052.5,47.500
2,66,99,1584.39,1402.72,554.25,9048.9,47.437
2,67,98,1586.06,1404.50,553.94,9057.6,47.418
2,68,97,1585.74,1404.05,553.88,9055.3,47.475
2,69,96,1585.43,1404.97,553.69,9047.1,47.398
2,70,95,1583.43,1405.85,553.47,9049.2,47.436
2,71,94,1585.25,1404.73,554.06,9048.0,47.442
2,72,93,1585.23,1403.78,554.28,9051.7,47.487
2,73,92,1585.53,1405.06,553.85,9045.5,47.470
2,74,91,1584.48,1403.52,553.98,9054.3,47.451
2,75,90,1585.25,1405.53,553.87,9059.1,47.478
2,76,89,1583.59,1404.68,553.91,9054.5,47.484
2,77,88,1584.89,1402.90,553.74,9047.0,47.421
2,78,87,1585.47,1405.50,553.92,9045.8,47.472
2,79,86,1585.96,1403.45,553.76,9050.1,47.411
2,80,85,1585.52,1403.89,553.93,9046.9,47.428
2,81,84,1585.58,1403.66,554.32,9048.6,47.461
2,82,83,1585.75,1402.72,553.27,9044.7,47.513
2,83,82,1584.56,1406.30,553.63,9050.6,47.527
2,84,81,1586.60,1405.86,554.16,9053.6,47.480
2,85,80,1585.62,1403.50,553.55,9050.0,47.441
2,86,79,1584.64,1404.63,554.09,9050.3,47.524
2,87,78,1584.09,1403.83,553.58,9043.5,47.446
2,88,77,1584.90,1405.36,553.99,9046.4,47.543
2,89,76,1585.98,1404.52,553.73,9046.6,47.431
2,90,75,1585.89,1405.72,554.26,9048.3,47.394
2,91,74,1585.17,1402.47,553.88,9049.6,47.426
2,92,73,1583.83,1404.59,553.62,9046.1,47.304
2,93,72,1585.14,1405.79,554.26,9048.7,47.417
2,94,71,1585.61,1403.38,553.84,9053.1,47.507
2,95,70,1585.23,1404.20,553.46,9047.7,47.433
2,96,69,1585.69,1405.31,553.47,9055.9,47.429
2,97,68,1585.47,1403.93,552.96,9054.0,47.477
2,98,67,1585.37,1404.78,553.82,9045.6,47.412
2,99,66,1586.34,1403.73,553.72,9046.5,47.460
2,100,65,1585.79,1403.54,553.96,9048.9,47.394
2,101,64,1586.10,1406.18,553.28,9051.9,47.453
2,102,63,1586.62,1405.46,553.44,9049.0,47.434
2,103,62,1585.34,1402.84,553.65,9055.3,47.308
2,104,61,1585.53,1406.20,554.10,9052.5,47.388
2,105,60,1586.34,1407.06,553.26,9049.8,47.397
2,106,59,1585.88,1406.11,553.90,9054.0,47.406
2,107,58,1586.56,1404.79,553.65,9052.9,47.406
2,108,57,1589.51,1406.66,553.12,9052.0,47.469
2,109,56,1587.22,1405.30,553.58,9051.4,47.502
2,110,55,1588.16,1406.41,553.65,9054.3,47.448
2,111,54,1587.86,1406.27,553.03,9058.0,47.385
2,112,53,1587.34,1406.39,553.31,9061.9,47.345
2,113,52,1587.87,1408.75,553.11,9056.6,47.342
2,114,51,1588.38,1407.55,553.39,9059.6,47.520
2,115,50,1588.70,1408.25,553.10,9054.5,47.404
2,116,49,1588.20,1408.35,553.39,9052.6,47.440
2,117,48,1589.70,1408.35,552.31,9054.3,47.444
2,118,47,1588.83,1407.81,552.75,9059.8,47.402
2,119,46,1588.88,1408.64,552.73,9054.0,47.452
2,120,45,1589.03,1410.34,553.26,9061.1,47.345
2,121,44,1589.83,1409.49,552.48,9059.2,47.303
2,122,43,1590.69,1409.37,552.75,9059.4,47.345
2,123,42,1590.44,1409.65,552.90,9054.1,47.360
2,124,41,1591.76,1409.46,552.38,9061.1,47.358
2,125,40,1590.73,1411.10,552.72,9063.6,47.365
2,126,39,1590.50,1411.56,553.04,9059.7,47.291
2,127,38,1591.82,1411.15,551.76,9063.5,47.308
2,128,37,1591.12,1411.86,552.41,9063.5,47.308
2,129,36,1591.86,1411.64,552.52,9063.6,47.278
2,130,35,1592.57,1411.71,552.48,9063.2,47.412
2,131,34,1591.79,1412.20,552.17,9061.3,47.354
2,132,33,1590.94,1411.90,551.79,9066.2,47.395
2,133,32,1592.42,1413.02,552.07,9067.4,47.258
2,134,31,1592.97,1414.39,552.13,9064.5,47.349
2,135,30,1590.90,1414.46,551.72,9057.9,47.319
2,136,29,1594.44,1414.07,552.14,9070.5,47.354
2,137,28,1594.94,1415.21,551.81,9059.7,47.270
2,138,27,1593.24,1416.85,551.67,9066.3,47.304
2,139,26,1594.25,1416.78,551.46,9067.1,47.234
2,140,25,1593.45,1415.07,551.57,9065.4,47.231
2,141,24,1593.68,1415.91,551.06,9070.1,47.263
2,142,23,1593.95,1416.08,551.22,9069.1,47.320
2,143,22,1593.92,1416.84,551.32,9070.9,47.258
2,144,21,1595.13,1416.83,551.06,9072.8,47.242
2,145,20,1597.56,1417.44,551.01,9064.3,47.145
2,146,19,1595.09,1418.12,551.30,9064.7,47.274
2,147,18,1596.29,1418.41,551.56,9073.9,47.209
2,148,17,1596.29,1416.74,550.78,9070.6,47.167
2,149,16,1597.23,1419.14,550.86,9069.6,47.219
2,150,15,1598.02,1418.49,551.27,9072.2,47.205
2,151,14,1598.56,1420.09,551.05,9074.1,47.167
2,152,13,1598.62,1419.27,550.72,9073.6,47.180
2,153,12,1598.57,1419.02,550.45,9074.6,47.192
2,154,11,1598.19,1422.27,550.27,9078.3,47.199
2,155,10,1598.85,1423.15,550.09,9078.8,47.221
2,156,9,1599.18,1423.24,550.29,9077.2,47.177
2,157,8,1599.96,1423.14,550.52,9070.7,47.222
2,158,7,1599.09,1423.78,550.54,9073.6,47.130
2,159,6,1599.90,1423.09,550.03,9080.8,47.209
2,160,5,1602.26,1423.22,549.97,9072.8,47.096
2,161,4,1602.28,1425.63,549.58,9077.3,47.128
2,162,3,1602.10,1423.90,549.99,9078.3,47.121
2,163,2,1602.69,1425.09,549.64,9080.3,47.110
2,164,1,1602.33,1425.31,550.17,9083.3,47.093
2,165,0,1603.56,1425.70,549.95,9083.3,47.095
3,1,210,1585.42,1402.16,553.85,9045.9,47.529
3,2,209,1585.20,1403.80,554.17,9046.3,47.406
3,3,208,1583.99,1403.22,553.82,9051.7,47.498
3,4,207,1583.54,1403.85,553.47,9049.3,47.567
3,5,206,1585.23,1404.81,554.39,9053.9,47.428
3,6,205,1583.98,1403.97,553.63,9044.7,47.462
3,7,204,1585.21,1405.59,553.69,9051.0,47.417
3,8,203,1585.70,1403.89,553.45,9050.0,47.470
3,9,202,1585.20,1404.94,553.37,9047.1,47.482
3,10,201,1584.42,1404.22,553.07,9059.5,47.437
3,11,200,1585.96,1403.70,553.92,9055.2,47.508
3,12,199,1584.84,1403.88,554.10,9058.2,47.460
3,13,198,1586.57,1403.78,554.09,9053.9,47.430
3,14,197,1584.40,1405.03,553.64,9046.9,47.416
3,15,196,1584.57,1404.77,553.95,9052.5,47.471
3,16,195,1584.52,1404.63,554.15,9052.0,47.472
3,17,194,1584.39,1404.19,553.55,9049.9,47.368
3,18,193,1583.69,1403.83,553.64,9050.4,47.443
3,19,192,1585.02,1404.55,553.66,9049.2,47.523
3,20,191,1585.00,1403.84,553.82,9049.4,47.415
3,21,190,1584.20,1403.31,554.06,9047.8,47.442
3,22,189,1585.56,1403.75,553.99,9044.6,47.443
3,23,188,1585.06,1404.02,553.30,9054.2,47.407
3,24,187,1585.27,1404.01,554.10,9057.7,47.385
3,25,186,1584.48,1404.17,553.47,9052.7,47.492
3,26,185,1585.45,1404.21,554.21,9046.0,47.453
3,27,184,1584.41,1404.80,553.25,9049.9,47.467
3,28,183,1584.24,1403.44,553.80,9053.3,47.398
3,29,182,1584.31,1405.01,553.72,9047.3,47.486
3,30,181,1584.61,1404.92,553.60,9049.4,47.497
3,31,180,1584.82,1404.68,553.78,9056.9,47.528
3,32,179,1583.94,1404.47,553.56,9050.7,47.453
3,33,178,1584.16,1404.95,553.86,9049.0,47.428
3,34,177,1585.11,1404.37,553.76,9040.1,47.451
3,35,176,1583.85,1403.81,553.38,9045.0,47.512
3,36,175,1584.74,1403.64,553.94,9048.7,47.555
3,37,174,1584.78,1404.33,554.09,9055.6,47.413
3,38,173,1584.67,1405.15,554.04,9053.8,47.382
3,39,172,1586.24,1403.31,553.86,9049.5,47.406
3,40,171,1583.87,1402.43,553.84,9044.7,47.393
3,41,170,1584.83,1401.63,554.03,9041.6,47.446
3,42,169,1585.01,1404.48,553.79,9057.1,47.461
3,43,168,1585.84,1403.35,553.84,9055.4,47.438
3,44,167,1585.15,1404.88,553.58,9042.4,47.463
3,45,166,1585.79,1402.78,554.00,9052.4,47.336
3,46,165,1584.25,1403.64,553.75,9047.4,47.410
3,47,164,1586.34,1403.90,553.59,9049.9,47.477
3,48,163,1585.04,1403.81,553.60,9047.7,47.420
3,49,162,1585.27,1403.11,553.92,9054.9,47.466
3,50,161,1584.70,1402.83,554.27,9045.9,47.492
3,51,160,1585.51,1403.79,553.72,9043.6,47.467
3,52,159,1585.50,1403.02,553.75,9050.1,47.479
3,53,158,1585.00,1402.54,553.64,9050.8,47.492
3,54,157,1584.51,1405.97,553.23,9048.0,47.446
3,55,156,1584.84,1402.89,553.93,9051.3,47.452
3,56,155,1585.27,1403.62,553.31,9047.5,47.458
3,57,154,1585.13,1404.04,553.96,9048.0,47.451
3,58,153,1585.46,1403.92,553.43,9046.6,47.492
3,59,152,1586.11,1405.06,553.87,9045.8,47.450
3,60,151,1586.25,1404.56,553.74,9052.2,47.387
3,61,150,1584.44,1403.02,553.94,9052.5,47.442
3,62,149,1584.30,1403.98,553.65,9047.2,47.467
3,63,148,1584.39,1402.59,553.40,9044.4,47.462
3,64,147,1585.12,1404.09,553.98,9054.2,47.420
3,65,146,1585.33,1402.58,554.21,9045.6,47.414
3,66,145,1584.52,1402.63,553.81,9050.7,47.441
3,67,144,1583.77,1405.79,553.96,9059.2,47.410
3,68,143,1585.77,1404.70,553.71,9054.9,47.430
3,69,142,1584.71,1400.88,553.92,9045.4,47.422
3,70,141,1584.18,1403.67,553.93,9050.0,47.485
3,71,140,1586.01,1403.67,553.66,9053.4,47.502
3,72,139,1585.59,1403.14,553.93,9050.4,47.503
3,73,138,1584.54,1402.50,554.01,9041.0,47.413
3,74,137,1584.18,1403.07,553.58,9054.3,47.491
3,75,136,1584.80,1405.02,553.48,9045.8,47.493
3,76,135,1585.46,1403.59,553.46,9055.1,47.364
3,77,134,1584.52,1404.21,554.34,9051.3,47.474
3,78,133,1584.54,1404.51,553.83,9044.4,47.490
3,79,132,1585.78,1404.72,553.81,9046.7,47.335
3,80,131,1585.13,1404.97,554.10,9052.9,47.446
3,81,130,1585.87,1404.83,553.67,9052.4,47.423
3,82,129,1585.43,1402.83,553.43,9053.7,47.497
3,83,128,1585.51,1404.08,553.08,9049.7,47.473
3,84,127,1584.57,1403.36,554.23,9049.8,47.473
3,85,126,1585.62,1403.10,553.86,9054.6,47.541
3,86,125,1585.03,1403.79,553.88,9050.9,47.519
3,87,124,1584.20,1403.75,553.46,9046.5,47.469
3,88,123,1585.65,1403.42,554.03,9053.9,47.547
3,89,122,1585.06,1403.42,553.50,9046.1,47.512
3,90,121,1583.79,1405.10,553.54,9047.6,47.442
3,91,120,1584.44,1404.84,554.34,9047.7,47.428
3,92,119,1584.87,1404.49,553.75,9054.9,47.507
3,93,118,1584.05,1404.47,554.26,9048.3,47.435
3,94,117,1584.58,1403.54,553.30,9045.4,47.454
3,95,116,1586.21,1403.45,553.61,9056.0,47.395
3,96,115,1583.67,1403.25,553.60,9043.9,47.444
3,97,114,1585.76,1402.84,553.83,9051.4,47.446
3,98,113,1585.15,1404.18,553.56,9055.2,47.512
3,99,112,1585.95,1404.91,553.33,9053.2,47.483
3,100,111,1583.77,1403.81,553.88,9055.8,47.486
3,101,110,1584.32,1405.54,553.81,9049.1,47.433
3,102,109,1583.73,1403.94,553.94,9048.7,47.470
3,103,108,1584.36,1403.94,553.88,9050.8,47.369
3,104,107,1584.74,1405.62,553.63,9050.2,47.444
3,105,106,1586.38,1405.32,554.01,9046.8,47.466
3,106,105,1585.62,1403.58,553.50,9056.3,47.432
3,107,104,1586.51,1405.16,553.87,9052.0,47.376
3,108,103,1585.43,1405.60,553.94,9051.0,47.530
3,109,102,1585.18,1403.84,553.77,9053.3,47.358
3,110,101,1585.61,1405.20,553.63,9054.6,47.475
3,111,100,1587.16,1403.87,553.95,9047.2,47.361
3,112,99,1583.88,1405.11,553.74,9049.2,47.351
3,113,98,1585.03,1404.72,553.90,9051.0,47.451
3,114,97,1585.35,1406.38,553.34,9048.7,47.413
3,115,96,1586.17,1403.96,553.67,9051.9,47.401
3,116,95,1586.08,1404.08,553.28,9051.8,47.351
3,117,94,1584.18,1405.57,553.91,9050.0,47.399
3,118,93,1586.78,1404.17,553.16,9054.2,47.431
3,119,92,1586.92,1403.38,553.13,9051.9,47.450
3,120,91,1586.84,1405.57,553.58,9050.7,47.507
3,121,90,1585.37,1405.86,553.21,9054.1,47.374
3,122,89,1586.95,1405.75,554.01,9051.4,47.445
3,123,88,1585.83,1405.51,553.49,9047.2,47.351
3,124,87,1587.03,1405.77,553.26,9050.2,47.385
3,125,86,1586.75,1406.43,552.79,9057.9,47.485
3,126,85,1584.90,1407.13,553.70,9053.1,47.351
3,127,84,1587.69,1406.07,553.53,9061.1,47.426
3,128,83,1586.25,1406.13,553.10,9055.0,47.371
3,129,82,1586.72,1405.41,553.27,9054.4,47.275
3,130,81,1587.43,1406.67,553.05,9061.0,47.455
3,131,80,1586.46,1407.61,553.63,9054.6,47.423
3,132,79,1587.73,1405.13,553.17,9053.5,47.474
3,133,78,1587.85,1406.89,553.17,9058.2,47.391
3,134,77,1587.15,1407.07,553.45,9056.6,47.400
3,135,76,1587.99,1406.97,553.08,9052.7,47.380
3,136,75,1589.05,1406.66,552.90,9050.9,47.319
3,137,74,1587.95,1407.24,553.60,9054.5,47.454
3,138,73,1589.01,1407.77,553.68,9056.7,47.463
3,139,72,1589.49,1408.50,553.24,9058.2,47.327
3,140,71,1588.56,1409.26,553.44,9053.7,47.408
3,141,70,1588.78,1408.36,553.05,9057.3,47.406
3,142,69,1589.95,1409.35,553.01,9063.3,47.432
3,143,68,1588.87,1407.73,552.58,9060.3,47.342
3,144,67,1588.29,1408.32,552.64,9060.3,47.363
3,145,66,1588.15,1409.22,552.88,9055.9,47.425
3,146,65,1589.06,1410.37,552.95,9061.1,47.310
3,147,64,1589.63,1409.51,552.31,9062.0,47.321
3,148,63,1589.22,1408.84,552.91,9053.0,47.389
3,149,62,1590.70,1410.43,552.88,9061.3,47.308
3,150,61,1591.17,1409.73,552.61,9057.8,47.377
3,151,60,1589.76,1410.40,552.22,9063.3,47.383
3,152,59,1590.12,1410.12,552.75,9057.0,47.352
3,153,58,1591.44,1410.01,552.62,9060.9,47.338
3,154,57,1590.28,1412.04,552.29,9053.8,47.372
3,155,56,1589.89,1411.78,552.83,9062.6,47.390
3,156,55,1592.64,1412.23,552.49,9066.4,47.421
3,157,54,1592.61,1411.13,551.95,9059.1,47.365
3,158,53,1591.50,1411.60,552.48,9056.2,47.333
3,159,52,1592.44,1412.50,552.48,9067.2,47.319
3,160,51,1591.20,1413.29,552.58,9063.9,47.311
3,161,50,1591.91,1411.29,552.52,9066.1,47.250
3,162,49,1592.78,1413.03,551.84,9058.4,47.331
3,163,48,1591.95,1414.53,552.39,9064.6,47.335
3,164,47,1593.52,1413.88,552.21,9059.8,47.458
3,165,46,1591.76,1413.06,551.52,9065.5,47.309
3,166,45,1593.45,1412.01,552.31,9061.1,47.290
3,167,44,1593.77,1414.04,552.03,9067.1,47.315
3,168,43,1592.95,1413.89,551.95,9061.5,47.340
3,169,42,1593.64,1414.35,552.19,9064.5,47.277
3,170,41,1593.22,1414.83,551.88,9063.0,47.274
3,171,40,1593.28,1414.13,551.23,9064.8,47.194
3,172,39,1593.63,1414.45,552.01,9062.5,47.237
3,173,38,1593.90,1414.73,552.06,9062.4,47.252
3,174,37,1594.67,1416.29,551.49,9060.0,47.260
3,175,36,1595.69,1416.00,551.63,9063.4,47.205
3,176,35,1594.83,1414.72,551.74,9064.5,47.258
3,177,34,1593.52,1415.90,551.10,9059.7,47.282
3,178,33,1596.55,1417.53,551.62,9066.7,47.291
3,179,32,1596.43,1416.89,551.01,9066.8,47.332
3,180,31,1595.60,1414.03,550.87,9067.5,47.295
3,181,30,1595.65,1418.24,551.11,9062.5,47.214
3,182,29,1596.36,1417.79,550.84,9068.5,47.369
3,183,28,1595.32,1418.41,550.53,9073.1,47.186
3,184,27,1596.85,1416.92,551.20,9067.3,47.190
3,185,26,1597.10,1417.97,551.17,9070.2,47.225
3,186,25,1597.32,1418.31,550.71,9069.4,47.277
3,187,24,1597.28,1418.14,551.08,9073.3,47.239
3,188,23,1596.63,1418.56,550.70,9070.8,47.236
3,189,22,1597.88,1419.79,551.26,9074.9,47.197
3,190,21,1596.92,1419.09,550.72,9075.8,47.198
3,191,20,1597.57,1419.35,550.72,9076.4,47.275
3,192,19,1598.16,1420.25,550.33,9080.5,47.121
3,193,18,1599.50,1420.25,550.46,9070.2,47.307
3,194,17,1598.97,1420.88,550.85,9072.2,47.182
3,195,16,1599.08,1420.69,550.89,9074.2,47.100
3,196,15,1599.03,1421.66,550.20,9072.5,47.145
3,197,14,1600.48,1421.29,550.84,9073.6,47.184
3,198,13,1599.39,1422.70,550.02,9078.8,47.169
3,199,12,1599.48,1422.17,550.76,9077.1,47.123
3,200,11,1599.27,1423.07,550.30,9079.5,47.081
3,201,10,1599.54,1423.95,550.29,9079.4,47.101
3,202,9,1599.94,1424.11,550.44,9074.1,47.080
3,203,8,1600.88,1422.80,549.83,9074.0,47.116
3,204,7,1600.29,1422.84,550.11,9078.6,47.159
3,205,6,1600.15,1424.14,550.58,9078.0,47.171
3,206,5,1602.37,1425.21,549.95,9081.7,47.160
3,207,4,1602.48,1423.74,549.33,9074.7,47.106
3,208,3,1602.70,1424.06,550.06,9078.9,47.090
3,209,2,1601.82,1423.67,549.79,9087.1,47.107
3,210,1,1601.26,1426.39,549.17,9077.3,47.093
3,211,0,1603.10,1425.09,549.52,9084.5,47.143
4,1,230,1585.21,1405.15,554.02,9051.0,47.367
4,2,229,1584.23,1403.89,553.83,9046.0,47.571
4,3,228,1586.21,1404.54,553.82,9049.3,47.402
4,4,227,1585.06,1404.23,553.43,9051.2,47.442
4,5,226,1583.47,1403.23,553.68,9056.6,47.478
4,6,225,1583.93,1404.44,553.34,9053.8,47.426
4,7,224,1584.93,1405.19,553.41,9045.1,47.421
4,8,223,1585.83,1402.63,552.95,9048.4,47.478
4,9,222,1585.96,1403.58,553.68,9054.0,47.357
4,10,221,1584.69,1404.17,553.93,9048.2,47.452
4,11,220,1583.01,1403.41,553.94,9046.6,47.453
4,12,219,1585.36,1403.69,553.85,9046.6,47.440
4,13,218,1585.49,1404.14,553.62,9050.8,47.486
4,14,217,1583.36,1405.04,553.70,9051.5,47.510
4,15,216,1583.90,1403.36,553.71,9047.3,47.537
4,16,215,1584.31,1403.50,553.86,9045.8,47.430
4,17,214,1585.25,1403.70,553.77,9048.1,47.374
4,18,213,1585.26,1405.58,553.81,9050.8,47.485
4,19,212,1583.98,1405.53,553.86,9055.7,47.413
4,20,211,1586.45,1404.70,553.97,9050.8,47.438
4,21,210,1585.96,1404.13,553.21,9046.1,47.441
4,22,209,1585.25,1403.95,554.17,9043.2,47.457
4,23,208,1583.55,1404.68,553.77,9051.5,47.407
4,24,207,1586.02,1404.94,553.98,9049.5,47.479
4,25,206,1584.43,1404.77,554.29,9053.7,47.414
4,26,205,1585.29,1402.84,553.97,9051.6,47.357
4,27,204,1584.07,1403.75,553.71,9045.8,47.469
4,28,203,1585.20,1403.83,553.57,9053.7,47.533
4,29,202,1584.61,1403.45,553.95,9048.7,47.443
4,30,201,1585.59,1402.28,554.20,9050.3,47.429
4,31,200,1584.93,1403.97,553.28,9055.2,47.452
4,32,199,1585.35,1404.86,553.49,9051.7,47.437
4,33,198,1585.68,1402.09,553.77,9047.9,47.472
4,34,197,1585.38,1403.36,553.59,9049.6,47.405
4,35,196,1585.67,1403.67,552.93,9048.7,47.398
4,36,195,1583.69,1402.89,553.83,9054.7,47.466
4,37,194,1584.51,1404.41,553.66,9047.6,47.392
4,38,193,1583.60,1403.65,553.85,9049.7,47.429
4,39,192,1584.24,1404.55,553.40,9052.7,47.400
4,40,191,1584.40,1402.68,553.65,9053.4,47.476
4,41,190,1585.78,1404.47,553.47,9048.8,47.411
4,42,189,1586.06,1402.92,554.07,9053.1,47.541
4,43,188,1584.67,1404.64,554.48,9047.8,47.373
4,44,187,1583.50,1404.64,553.24,9048.7,47.472
4,45,186,1585.15,1404.38,553.87,9054.5,47.402
4,46,185,1584.46,1403.30,554.05,9053.2,47.473
4,47,184,1585.95,1402.94,554.30,9055.3,47.487
4,48,183,1586.43,1402.51,553.64,9047.4,47.486
4,49,182,1584.16,1404.68,554.21,9052.4,47.464
4,50,181,1584.21,1403.24,554.17,9052.7,47.448
4,51,180,1584.67,1402.18,553.48,9056.7,47.386
4,52,179,1585.15,1404.91,553.42,9050.6,47.497
4,53,178,1585.01,1406.58,553.30,9053.7,47.441
4,54,177,1585.62,1404.40,553.58,9050.8,47.357
4,55,176,1585.48,1404.27,553.99,9053.7,47.468
4,56,175,1585.12,1403.21,553.59,9054.2,47.522
4,57,174,1584.81,1404.04,553.53,9054.1,47.483
4,58,173,1586.55,1403.21,553.69,9050.8,47.482
4,59,172,1584.83,1403.21,554.06,9052.5,47.404
4,60,171,1586.08,1405.05,553.84,9050.3,47.478
4,61,170,1584.31,1404.03,553.15,9053.1,47.372
4,62,169,1586.20,1403.70,553.74,9047.8,47.436
4,63,168,1586.13,1401.76,554.18,9051.2,47.390
4,64,167,1584.14,1405.51,553.52,9046.0,47.507
4,65,166,1585.27,1403.16,553.86,9046.4,47.505
4,66,165,1585.85,1404.48,553.91,9056.2,47.450
4,67,164,1584.05,1404.40,554.43,9046.4,47.432
4,68,163,1585.33,1403.95,553.51,9053.9,47.566
4,69,162,1585.16,1403.19,553.34,9050.9,47.505
4,70,161,1585.38,1404.00,553.62,9046.2,47.492
4,71,160,1585.73,1402.61,554.28,9052.0,47.520
4,72,159,1583.93,1402.77,553.76,9051.8,47.540
4,73,158,1585.56,1403.78,553.49,9054.3,47.402
4,74,157,1586.30,1403.74,554.28,9052.4,47.443
4,75,156,1584.58,1403.69,553.93,9050.3,47.420
4,76,155,1584.87,1404.07,553.16,9051.6,47.401
4,77,154,1584.08,1402.48,553.26,9045.3,47.415
4,78,153,1586.56,1403.53,553.85,9051.4,47.457
4,79,152,1584.94,1402.92,554.24,9056.3,47.366
4,80,151,1584.18,1403.75,553.51,9051.8,47.414
4,81,150,1586.73,1405.07,553.86,9053.6,47.505
4,82,149,1584.55,1403.27,553.82,9053.0,47.457
4,83,148,1583.74,1403.28,553.78,9049.7,47.549
4,84,147,1583.89,1404.46,554.25,9058.0,47.430
4,85,146,1585.39,1404.51,553.86,9049.7,47.472
4,86,145,1582.97,1404.61,553.84,9049.2,47.552
4,87,144,1584.46,1403.64,554.40,9047.1,47.422
4,88,143,1584.88,1404.76,553.86,9045.5,47.423
4,89,142,1584.51,1403.93,553.93,9051.5,47.361
4,90,141,1585.85,1404.23,554.22,9051.6,47.505
4,91,140,1585.37,1405.21,553.96,9049.7,47.564
4,92,139,1585.71,1404.52,553.42,9045.5,47.465
4,93,138,1585.12,1403.45,553.84,9055.6,47.485
4,94,137,1584.09,1403.90,553.56,9048.6,47.429
4,95,136,1584.62,1402.87,553.76,9048.0,47.304
4,96,135,1586.64,1404.98,553.69,9050.1,47.391
4,97,134,1586.36,1405.71,553.85,9053.6,47.459
4,98,133,1583.93,1403.63,553.84,9048.4,47.439
4,99,132,1584.93,1403.93,553.82,9046.3,47.414
4,100,131,1583.97,1404.88,553.17,9054.0,47.519
4,101,130,1584.76,1401.66,553.69,9049.8,47.399
4,102,129,1584.59,1405.38,554.00,9046.8,47.370
4,103,128,1584.74,1403.81,553.95,9048.1,47.476
4,104,127,1586.55,1404.73,553.79,9049.4,47.432
4,105,126,1585.94,1403.44,553.81,9050.2,47.425
4,106,125,1583.90,1404.29,553.78,9051.8,47.423
4,107,124,1585.98,1403.21,554.31,9043.9,47.472
4,108,123,1585.38,1403.28,553.93,9054.5,47.339
4,109,122,1585.40,1401.76,553.51,9055.7,47.421
4,110,121,1584.06,1403.82,554.42,9043.6,47.397
4,111,120,1586.20,1405.67,553.77,9045.7,47.555
4,112,119,1586.28,1404.61,553.56,9049.8,47.442
4,113,118,1585.26,1405.31,554.06,9046.2,47.519
4,114,117,1585.25,1404.62,554.24,9046.1,47.448
4,115,116,1584.57,1402.59,553.90,9058.8,47.358
4,116,115,1584.97,1404.58,553.84,9049.6,47.385
4,117,114,1585.19,1403.32,553.14,9054.2,47.498
4,118,113,1585.04,1404.21,554.12,9050.8,47.495
4,119,112,1584.76,1405.18,553.90,9050.7,47.386
4,120,111,1585.23,1403.25,553.61,9047.1,47.397
4,121,110,1586.70,1405.20,554.38,9045.7,47.454
4,122,109,1583.97,1403.37,553.52,9054.3,47.430
4,123,108,1585.85,1404.54,554.49,9044.8,47.513
4,124,107,1585.92,1403.12,554.10,9051.2,47.439
4,125,106,1584.34,1403.35,554.41,9050.0,47.489
4,126,105,1584.37,1403.30,554.12,9045.3,47.429
4,127,104,1585.03,1404.10,553.75,9051.4,47.485
4,128,103,1585.59,1403.11,553.71,9054.2,47.495
4,129,102,1583.90,1404.32,553.21,9050.2,47.545
4,130,101,1584.24,1403.25,554.03,9044.6,47.418
4,131,100,1585.48,1403.43,553.73,9052.6,47.471
4,132,99,1585.21,1403.69,553.91,9049.6,47.473
4,133,98,1584.60,1403.84,553.50,9049.9,47.409
4,134,97,1584.11,1404.23,553.86,9052.7,47.428
4,135,96,1585.33,1404.50,553.93,9047.1,47.457
4,136,95,1585.30,1404.02,553.17,9050.6,47.560
4,137,94,1584.75,1403.39,553.90,9051.2,47.509
4,138,93,1584.06,1404.74,553.96,9049.6,47.466
4,139,92,1585.93,1404.92,553.43,9053.1,47.445
4,140,91,1585.22,1404.26,553.72,9054.5,47.443
4,141,90,1584.32,1403.91,553.80,9054.7,47.476
4,142,89,1584.59,1406.57,553.82,9054.9,47.437
4,143,88,1585.76,1405.17,554.09,9054.3,47.487
4,144,87,1585.16,1403.98,553.80,9054.0,47.431
4,145,86,1586.33,1405.90,553.41,9047.9,47.434
4,146,85,1585.81,1404.21,554.07,9052.5,47.441
4,147,84,1584.50,1403.61,553.73,9043.7,47.488
4,148,83,1585.61,1407.82,554.32,9050.7,47.430
4,149,82,1586.62,1406.54,553.12,9045.2,47.403
4,150,81,1586.39,1405.58,553.91,9047.4,47.316
4,151,80,1586.71,1404.51,552.96,9052.3,47.470
4,152,79,1586.03,1404.97,553.49,9050.7,47.361
4,153,78,1585.66,1405.98,553.61,9052.8,47.376
4,154,77,1586.20,1403.69,553.54,9057.4,47.350
4,155,76,1585.99,1406.08,553.83,9051.0,47.387
4,156,75,1585.01,1406.03,554.04,9053.8,47.418
4,157,74,1586.96,1406.07,553.16,9055.9,47.428
4,158,73,1586.84,1405.36,553.76,9055.6,47.387
4,159,72,1587.76,1405.95,553.11,9050.8,47.323
4,160,71,1587.47,1404.91,552.94,9046.5,47.405
4,161,70,1587.11,1406.43,552.97,9049.9,47.430
4,162,69,1586.92,1407.18,552.98,9054.8,47.469
4,163,68,1587.98,1406.69,553.29,9053.6,47.402
4,164,67,1587.39,1407.09,553.24,9051.2,47.348
4,165,66,1586.69,1405.98,552.78,9055.5,47.351
4,166,65,1588.36,1407.64,552.52,9057.5,47.433
4,167,64,1587.31,1408.17,552.82,9055.9,47.326
4,168,63,1586.83,1407.64,553.00,9054.4,47.327
4,169,62,1588.10,1408.42,552.99,9056.7,47.350
4,170,61,1589.52,1407.32,553.11,9060.5,47.404
4,171,60,1588.59,1408.10,553.24,9051.7,47.329
4,172,59,1588.60,1409.90,553.00,9053.6,47.358
4,173,58,1588.59,1408.36,553.14,9052.5,47.451
4,174,57,1589.92,1410.19,552.67,9057.0,47.296
4,175,56,1589.02,1409.87,553.15,9054.0,47.345
4,176,55,1589.49,1408.38,552.90,9055.7,47.351
4,177,54,1589.43,1409.15,552.68,9057.8,47.338
4,178,53,1589.40,1410.37,553.13,9059.3,47.403
4,179,52,1589.05,1410.46,552.27,9054.0,47.313
4,180,51,1591.31,1411.40,552.62,9054.2,47.336
4,181,50,1590.79,1410.94,551.95,9056.7,47.339
4,182,49,1591.17,1409.04,552.41,9060.7,47.381
4,183,48,1591.49,1411.78,552.17,9053.9,47.315
4,184,47,1591.94,1412.75,552.58,9062.4,47.350
4,185,46,1590.89,1411.63,552.82,9058.0,47.407
4,186,45,1591.28,1413.19,551.85,9063.7,47.286
4,187,44,1590.62,1412.45,552.53,9059.0,47.244
4,188,43,1591.88,1412.43,552.34,9065.7,47.312
4,189,42,1593.65,1412.96,552.02,9057.1,47.297
4,190,41,1592.11,1413.89,552.22,9059.0,47.315
4,191,40,1593.14,1414.66,552.29,9066.2,47.305
4,192,39,1593.13,1414.68,551.58,9062.7,47.259
4,193,38,1593.34,1414.93,551.75,9055.9,47.273
4,194,37,1593.99,1414.58,552.00,9063.7,47.225
4,195,36,1593.90,1413.62,552.48,9067.1,47.256
4,196,35,1593.22,1414.57,551.70,9069.4,47.290
4,197,34,1593.36,1416.63,551.73,9068.6,47.246
4,198,33,1594.47,1415.49,551.09,9073.4,47.336
4,199,32,1594.09,1414.51,551.71,9067.0,47.285
4,200,31,1594.80,1416.24,551.98,9069.1,47.210
4,201,30,1595.97,1417.56,552.44,9063.6,47.270
4,202,29,1593.46,1416.87,551.27,9074.7,47.214
4,203,28,1594.02,1416.25,550.79,9071.1,47.145
4,204,27,1595.63,1415.10,551.23,9074.6,47.262
4,205,26,1595.17,1417.24,551.27,9071.0,47.171
4,206,25,1596.58,1415.14,551.02,9068.0,47.266
4,207,24,1596.38,1416.62,550.85,9070.9,47.225
4,208,23,1596.15,1417.76,551.30,9068.8,47.220
4,209,22,1598.60,1417.23,550.48,9073.8,47.185
4,210,21,1596.87,1418.12,550.89,9077.2,47.254
4,211,20,1598.08,1417.86,550.56,9062.1,47.169
4,212,19,1598.41,1419.92,550.78,9072.4,47.170
4,213,18,1598.08,1420.47,550.30,9074.0,47.246
4,214,17,1597.85,1420.74,551.57,9073.1,47.213
4,215,16,1597.86,1420.60,550.80,9074.6,47.138
4,216,15,1598.88,1422.08,550.73,9077.8,47.171
4,217,14,1599.59,1421.35,550.25,9076.0,47.128
4,218,13,1598.76,1421.60,550.56,9071.2,47.225
4,219,12,1599.99,1421.13,549.95,9075.3,47.145
4,220,11,1599.91,1421.78,549.74,9075.0,47.147
4,221,10,1600.60,1421.82,550.78,9070.1,47.222
4,222,9,1600.20,1423.57,550.24,9081.3,47.132
4,223,8,1599.78,1424.42,550.11,9078.6,47.207
4,224,7,1600.12,1424.03,549.90,9077.9,47.144
4,225,6,1600.03,1423.14,550.42,9082.0,47.131
4,226,5,1601.72,1423.93,550.35,9078.7,47.140
4,227,4,1602.73,1423.85,550.34,9074.5,47.205
4,228,3,1601.81,1424.69,549.24,9078.8,47.065
4,229,2,1601.92,1425.15,550.03,9081.7,47.127
4,230,1,1601.82,1424.84,550.21,9078.9,47.189
4,231,0,1602.81,1426.00,549.92,9086.5,47.094
5,1,189,1585.05,1401.56,553.88,9051.7,47.517
5,2,188,1585.29,1403.88,554.13,9041.7,47.424
5,3,187,1584.39,1403.97,553.14,9054.6,47.438
5,4,186,1585.26,1404.20,554.18,9043.5,47.456
5,5,185,1585.92,1403.91,553.51,9047.9,47.430
5,6,184,1584.42,1403.86,554.25,9047.9,47.426
5,7,183,1585.37,1403.84,553.40,9049.8,47.445
5,8,182,1585.78,1403.13,554.09,9049.7,47.395
5,9,181,1583.95,1405.74,553.75,9053.3,47.365
5,10,180,1587.11,1404.80,553.72,9048.9,47.487
5,11,179,1585.54,1404.16,553.80,9052.0,47.363
5,12,178,1584.70,1402.52,553.98,9047.6,47.371
5,13,177,1584.36,1404.13,553.74,9045.9,47.365
5,14,176,1585.06,1403.48,553.72,9049.4,47.472
5,15,175,1585.68,1404.13,553.70,9050.1,47.433
5,16,174,1583.69,1404.98,554.07,9057.0,47.564
5,17,173,1584.06,1403.70,554.55,9049.9,47.462
5,18,172,1583.78,1404.14,554.38,9054.5,47.420
5,19,171,1584.68,1402.98,553.54,9043.3,47.446
5,20,170,1586.21,1404.32,554.21,9053.8,47.423
5,21,169,1584.39,1403.35,553.28,9050.1,47.305
5,22,168,1585.47,1404.06,553.94,9053.7,47.460
5,23,167,1586.31,1404.56,553.57,9049.2,47.337
5,24,166,1584.28,1403.66,553.96,9047.4,47.388
5,25,165,1583.49,1403.46,554.39,9050.9,47.497
5,26,164,1584.28,1402.58,553.43,9049.7,47.350
5,27,163,1584.19,1403.47,553.40,9042.6,47.464
5,28,162,1585.04,1404.70,553.47,9052.7,47.526
5,29,161,1585.21,1403.45,553.84,9047.7,47.409
5,30,160,1585.55,1403.87,554.16,9048.5,47.433
5,31,159,1584.55,1402.99,554.04,9057.6,47.431
5,32,158,1584.46,1403.33,553.60,9055.8,47.414
5,33,157,1584.53,1402.88,553.89,9049.8,47.393
5,34,156,1584.29,1405.38,553.81,9050.4,47.455
5,35,155,1586.12,1403.06,553.68,9049.4,47.364
5,36,154,1584.27,1404.94,554.03,9053.3,47.421
5,37,153,1584.63,1402.39,554.08,9053.8,47.504
5,38,152,1586.28,1404.38,554.27,9049.3,47.362
5,39,151,1585.69,1402.38,553.85,9053.3,47.466
5,40,150,1586.82,1402.23,553.78,9050.1,47.383
5,41,149,1584.08,1403.24,553.47,9049.6,47.420
5,42,148,1585.25,1404.58,553.97,9048.6,47.464
5,43,147,1585.83,1404.40,554.36,9053.4,47.536
5,44,146,1583.01,1404.09,553.70,9049.6,47.410
5,45,145,1585.32,1402.37,553.92,9047.3,47.425
5,46,144,1585.35,1404.07,554.12,9046.6,47.446
5,47,143,1585.71,1404.33,553.93,9053.9,47.430
5,48,142,1584.51,1404.52,553.76,9053.9,47.468
5,49,141,1584.50,1404.30,553.53,9053.3,47.380
5,50,140,1585.98,1404.29,553.75,9052.7,47.476
5,51,139,1586.06,1405.19,553.91,9046.9,47.423
5,52,138,1584.94,1404.97,553.66,9048.7,47.542
5,53,137,1584.92,1403.43,554.03,9049.8,47.381
5,54,136,1585.83,1403.33,553.81,9049.8,47.462
5,55,135,1583.25,1403.70,554.14,9054.4,47.400
5,56,134,1585.74,1403.31,553.69,9048.9,47.455
5,57,133,1585.80,1404.24,553.76,9053.4,47.410
5,58,132,1584.94,1404.90,553.96,9048.4,47.374
5,59,131,1585.25,1402.58,553.74,9054.1,47.480
5,60,130,1583.38,1404.18,553.70,9045.5,47.467
5,61,129,1584.61,1403.56,553.84,9047.8,47.455
5,62,128,1584.53,1403.52,554.10,9053.8,47.365
5,63,127,1585.60,1405.26,554.27,9051.8,47.397
5,64,126,1585.50,1403.22,553.70,9051.3,47.410
5,65,125,1584.08,1404.42,554.36,9054.4,47.485
5,66,124,1585.78,1404.57,553.93,9053.1,47.382
5,67,123,1585.16,1403.93,553.82,9048.4,47.476
5,68,122,1584.35,1403.52,553.60,9053.0,47.449
5,69,121,1584.63,1403.66,553.80,9055.7,47.388
5,70,120,1585.54,1404.42,553.54,9055.1,47.477
5,71,119,1584.59,1402.33,553.87,9049.8,47.398
5,72,118,1584.17,1404.78,553.21,9051.1,47.441
5,73,117,1585.40,1403.74,553.89,9047.4,47.448
5,74,116,1585.39,1404.14,553.91,9046.8,47.420
5,75,115,1584.54,1403.75,554.21,9048.8,47.393
5,76,114,1585.43,1405.21,553.42,9056.9,47.471
5,77,113,1585.83,1405.32,554.09,9049.6,47.511
5,78,112,1585.20,1404.98,554.16,9046.2,47.490
5,79,111,1584.85,1404.12,553.84,9050.3,47.526
5,80,110,1583.91,1402.45,553.22,9053.7,47.411
5,81,109,1585.11,1403.90,553.53,9053.0,47.444
5,82,108,1584.81,1404.21,554.02,9046.6,47.494
5,83,107,1586.16,1402.72,553.88,9048.9,47.485
5,84,106,1584.03,1405.47,553.32,9049.1,47.472
5,85,105,1584.45,1403.24,553.87,9050.3,47.450
5,86,104,1585.69,1403.64,553.90,9048.2,47.408
5,87,103,1584.77,1403.55,553.67,9054.1,47.437
5,88,102,1584.47,1404.03,553.83,9045.8,47.435
5,89,101,1584.73,1403.85,554.02,9050.5,47.511
5,90,100,1584.99,1405.60,553.66,9047.3,47.477
5,91,99,1586.09,1402.76,553.74,9047.9,47.457
5,92,98,1585.01,1405.21,553.77,9054.8,47.434
5,93,97,1585.74,1404.21,554.32,9044.8,47.392
5,94,96,1586.47,1403.34,553.60,9046.9,47.507
5,95,95,1584.00,1404.02,553.72,9053.6,47.422
5,96,94,1585.33,1402.95,554.48,9049.2,47.450
5,97,93,1586.32,1403.47,554.30,9048.6,47.484
5,98,92,1584.54,1402.78,553.92,9052.2,47.384
5,99,91,1584.75,1405.08,553.98,9048.6,47.420
5,100,90,1586.56,1402.70,553.78,9044.9,47.516
5,101,89,1584.99,1404.16,554.63,9047.9,47.537
5,102,88,1584.69,1403.79,554.59,9049.4,47.381
5,103,87,1585.23,1403.84,553.91,9049.5,47.561
5,104,86,1585.45,1403.03,553.84,9047.2,47.438
5,105,85,1584.27,1405.90,553.59,9052.4,47.434
5,106,84,1584.07,1404.18,553.92,9052.0,47.319
5,107,83,1584.01,1404.86,553.52,9050.7,47.387
5,108,82,1585.59,1404.84,554.02,9053.6,47.528
5,109,81,1584.06,1403.29,554.07,9054.0,47.416
5,110,80,1584.40,1403.41,553.32,9045.6,47.388
5,111,79,1584.76,1404.24,553.93,9048.2,47.426
5,112,78,1585.10,1402.65,554.09,9054.5,47.419
5,113,77,1584.68,1405.12,553.76,9052.1,47.445
5,114,76,1586.26,1404.46,553.96,9052.0,47.422
5,115,75,1584.68,1404.76,553.83,9046.0,47.543
5,116,74,1585.88,1404.16,553.69,9050.9,47.474
5,117,73,1583.53,1406.09,553.53,9050.3,47.449
5,118,72,1586.82,1404.20,554.22,9051.8,47.397
5,119,71,1585.41,1404.26,553.40,9051.8,47.445
5,120,70,1585.83,1404.65,553.51,9053.4,47.411
5,121,69,1583.00,1404.70,553.52,9052.2,47.541
5,122,68,1587.20,1404.56,553.42,9053.1,47.420
5,123,67,1586.00,1404.24,553.71,9048.4,47.496
5,124,66,1585.33,1405.57,553.23,9054.2,47.386
5,125,65,1586.13,1406.04,553.53,9048.0,47.457
5,126,64,1585.37,1404.91,553.64,9056.6,47.431
5,127,63,1586.20,1406.10,553.54,9054.3,47.481
5,128,62,1586.05,1402.66,553.25,9056.6,47.423
5,129,61,1586.19,1406.83,553.43,9045.3,47.346
5,130,60,1586.94,1405.90,553.86,9050.3,47.403
5,131,59,1586.05,1405.68,552.82,9051.8,47.413
5,132,58,1586.81,1408.28,553.90,9050.8,47.311
5,133,57,1587.00,1406.88,553.06,9050.9,47.489
5,134,56,1587.05,1407.35,553.00,9053.8,47.389
5,135,55,1586.88,1408.00,552.82,9055.4,47.385
5,136,54,1587.94,1406.88,553.45,9051.3,47.457
5,137,53,1587.76,1406.21,553.35,9054.3,47.310
5,138,52,1588.24,1408.54,553.49,9054.0,47.399
5,139,51,1588.21,1409.21,552.82,9054.0,47.347
5,140,50,1587.21,1408.34,553.50,9055.3,47.340
5,141,49,1588.72,1408.89,552.92,9061.3,47.340
5,142,48,1588.54,1408.88,553.04,9056.9,47.313
5,143,47,1590.85,1408.66,552.90,9059.2,47.341
5,144,46,1589.24,1408.52,552.95,9056.5,47.382
5,145,45,1588.58,1408.65,552.36,9055.4,47.235
5,146,44,1589.39,1409.19,552.76,9058.4,47.423
5,147,43,1591.94,1410.97,552.53,9056.9,47.399
5,148,42,1588.75,1409.95,552.54,9061.1,47.382
5,149,41,1589.74,1410.15,552.69,9056.7,47.407
5,150,40,1591.06,1410.96,552.62,9058.3,47.310
5,151,39,1590.48,1411.56,552.50,9058.9,47.374
5,152,38,1590.92,1410.78,552.46,9057.2,47.248
5,153,37,1591.31,1411.12,552.25,9057.8,47.388
5,154,36,1591.04,1411.64,552.38,9056.9,47.250
5,155,35,1592.13,1411.94,551.94,9064.2,47.277
5,156,34,1591.87,1411.85,552.24,9067.3,47.219
5,157,33,1592.44,1413.76,551.96,9059.1,47.328
5,158,32,1593.42,1414.12,552.13,9063.9,47.257
5,159,31,1593.59,1414.38,551.62,9065.3,47.329
5,160,30,1593.88,1413.92,551.64,9062.8,47.241
5,161,29,1593.41,1414.11,552.47,9068.2,47.334
5,162,28,1594.11,1414.34,551.68,9064.9,47.290
5,163,27,1594.33,1415.03,551.61,9064.0,47.205
5,164,26,1595.34,1417.37,551.99,9062.1,47.308
5,165,25,1595.42,1415.38,551.71,9065.5,47.340
5,166,24,1595.19,1415.28,551.69,9071.3,47.267
5,167,23,1595.59,1416.41,551.08,9067.6,47.278
5,168,22,1595.40,1417.56,551.23,9067.5,47.287
5,169,21,1595.99,1416.85,551.59,9066.8,47.203
5,170,20,1593.86,1417.10,551.60,9062.5,47.186
5,171,19,1596.79,1415.96,550.98,9074.3,47.330
5,172,18,1596.99,1417.53,550.77,9071.4,47.235
5,173,17,1598.56,1419.63,551.01,9070.3,47.366
5,174,16,1597.90,1418.55,550.84,9069.0,47.089
5,175,15,1597.98,1421.16,550.34,9072.8,47.167
5,176,14,1598.47,1419.80,550.35,9069.8,47.155
5,177,13,1599.47,1421.53,550.58,9078.1,47.181
5,178,12,1598.46,1420.83,550.68,9072.5,47.184
5,179,11,1599.70,1421.31,550.53,9076.7,47.210
5,180,10,1599.36,1421.18,550.49,9070.0,47.159
5,181,9,1597.78,1420.52,549.81,9079.9,47.164
5,182,8,1599.09,1422.90,550.57,9078.6,47.147
5,183,7,1600.64,1423.70,550.05,9077.6,47.137
5,184,6,1599.52,1424.15,550.73,9075.0,47.191
5,185,5,1600.49,1423.88,550.48,9076.9,47.135
5,186,4,1600.09,1423.60,549.37,9080.9,47.170
5,187,3,1601.71,1424.90,549.76,9082.6,47.128
5,188,2,1600.67,1425.94,549.66,9076.2,47.092
5,189,1,1601.11,1424.42,549.73,9082.1,47.123
5,190,0,1603.00,1425.38,549.58,9080.5,47.019
6,1,179,1585.71,1404.18,553.83,9050.1,47.502
6,2,178,1585.27,1405.33,553.50,9050.5,47.454
6,3,177,1584.14,1404.86,554.50,9049.9,47.475
6,4,176,1585.07,1403.36,553.25,9047.5,47.380
6,5,175,1586.36,1403.90,553.70,9053.1,47.394
6,6,174,1584.39,1404.06,554.11,9051.8,47.462
6,7,173,1585.06,1404.36,553.86,9046.4,47.452
6,8,172,1584.14,1404.07,553.66,9058.9,47.448
6,9,171,1583.88,1403.88,553.96,9055.9,47.421
6,10,170,1583.73,1404.74,553.39,9048.5,47.437
6,11,169,1584.94,1404.62,553.59,9049.0,47.449
6,12,168,1585.12,1404.09,553.93,9053.0,47.470
6,13,167,1585.36,1402.58,553.82,9051.7,47.486
6,14,166,1584.45,1403.41,553.63,9051.9,47.502
6,15,165,1584.67,1404.82,553.84,9049.6,47.439
6,16,164,1585.60,1404.29,554.48,9047.0,47.476
6,17,163,1584.58,1403.22,553.80,9050.5,47.596
6,18,162,1584.85,1402.98,553.88,9042.7,47.445
6,19,161,1585.01,1404.72,554.09,9048.2,47.442
6,20,160,1584.39,1402.98,553.89,9045.5,47.429
6,21,159,1584.20,1404.49,554.34,9045.4,47.357
6,22,158,1584.90,1404.01,553.87,9048.4,47.440
6,23,157,1585.29,1404.94,553.21,9048.7,47.461
6,24,156,1584.27,1405.56,553.61,9049.9,47.478
6,25,155,1584.53,1402.34,553.67,9053.6,47.433
6,26,154,1584.32,1404.83,553.70,9048.2,47.457
6,27,153,1585.62,1406.14,554.05,9054.1,47.425
6,28,152,1584.18,1404.06,553.83,9046.2,47.441
6,29,151,1585.32,1404.32,553.95,9051.0,47.425
6,30,150,1584.59,1402.92,554.34,9050.0,47.439
6,31,149,1584.26,1406.64,553.48,9048.5,47.471
6,32,148,1585.48,1404.86,554.34,9051.8,47.397
6,33,147,1584.79,1404.28,554.42,9045.1,47.510
6,34,146,1585.14,1404.75,553.77,9047.1,47.488
6,35,145,1585.52,1404.87,553.80,9047.9,47.372
6,36,144,1585.66,1404.38,553.51,9048.1,47.427
6,37,143,1583.81,1403.26,553.46,9048.6,47.413
6,38,142,1583.70,1405.82,554.18,9047.3,47.464
6,39,141,1585.33,1405.07,553.55,9053.8,47.423
6,40,140,1583.93,1404.65,554.19,9059.1,47.390
6,41,139,1585.56,1403.63,554.04,9044.9,47.387
6,42,138,1584.38,1404.07,553.61,9052.3,47.501
6,43,137,1585.48,1405.46,553.92,9045.7,47.518
6,44,136,1584.52,1404.82,554.27,9051.6,47.375
6,45,135,1584.27,1405.19,553.75,9050.3,47.488
6,46,134,1585.56,1404.25,553.74,9048.9,47.493
6,47,133,1585.44,1403.77,554.12,9049.5,47.407
6,48,132,1584.39,1403.12,553.72,9054.3,47.410
6,49,131,1585.15,1403.41,553.72,9044.7,47.439
6,50,130,1584.85,1404.49,553.87,9045.8,47.504
6,51,129,1585.17,1404.18,553.80,9048.2,47.461
6,52,128,1585.38,1402.43,553.64,9049.1,47.463
6,53,127,1585.95,1403.31,553.65,9048.2,47.410
6,54,126,1584.72,1404.69,553.48,9051.5,47.365
6,55,125,1584.55,1403.70,554.30,9049.0,47.340
6,56,124,1583.40,1404.03,553.98,9051.3,47.458
6,57,123,1585.93,1403.51,554.07,9044.3,47.405
6,58,122,1583.55,1403.75,553.79,9050.4,47.453
6,59,121,1584.26,1403.83,553.35,9054.8,47.435
6,60,120,1584.61,1405.43,553.43,9046.1,47.395
6,61,119,1584.95,1404.39,554.02,9059.0,47.338
6,62,118,1585.49,1403.50,553.62,9047.8,47.405
6,63,117,1586.35,1404.76,553.81,9054.7,47.374
6,64,116,1583.94,1402.04,553.59,9050.6,47.455
6,65,115,1585.12,1402.73,554.04,9050.8,47.487
6,66,114,1583.49,1404.28,553.44,9048.6,47.477
6,67,113,1585.07,1403.23,553.80,9044.6,47.508
6,68,112,1584.84,1405.01,553.64,9048.2,47.412
6,69,111,1585.70,1403.36,553.99,9048.7,47.351
6,70,110,1584.54,1402.94,553.81,9045.8,47.496
6,71,109,1584.93,1403.84,554.00,9053.4,47.449
6,72,108,1584.38,1402.40,553.59,9047.8,47.455
6,73,107,1584.72,1404.62,553.62,9049.8,47.509
6,74,106,1585.27,1403.95,553.62,9047.8,47.407
6,75,105,1584.57,1404.68,553.73,9045.3,47.538
6,76,104,1585.26,1402.73,553.67,9050.4,47.535
6,77,103,1584.11,1404.88,554.22,9047.8,47.436
6,78,102,1584.17,1403.82,553.79,9052.3,47.505
6,79,101,1584.40,1402.23,553.79,9051.0,47.462
6,80,100,1584.74,1404.11,554.25,9051.3,47.431
6,81,99,1584.60,1403.85,554.29,9049.4,47.449
6,82,98,1584.61,1404.99,554.39,9051.6,47.454
6,83,97,1585.03,1401.85,554.02,9050.5,47.471
6,84,96,1584.43,1403.65,553.68,9053.6,47.431
6,85,95,1586.67,1404.39,553.42,9049.6,47.417
6,86,94,1583.24,1405.44,554.01,9051.9,47.458
6,87,93,1583.89,1403.56,554.05,9046.3,47.323
6,88,92,1584.82,1403.87,553.84,9052.5,47.482
6,89,91,1585.21,1405.08,553.34,9051.8,47.481
6,90,90,1584.01,1402.65,553.58,9047.7,47.488
6,91,89,1584.51,1403.23,553.62,9053.9,47.451
6,92,88,1584.86,1403.90,554.19,9047.4,47.516
6,93,87,1585.17,1403.86,554.55,9046.3,47.432
6,94,86,1584.03,1404.87,554.30,9055.9,47.511
6,95,85,1584.88,1403.72,553.29,9057.2,47.473
6,96,84,1584.69,1405.30,553.49,9051.6,47.440
6,97,83,1585.64,1404.10,553.33,9050.5,47.500
6,98,82,1585.16,1404.93,553.44,9050.2,47.415
6,99,81,1585.85,1404.33,553.95,9054.3,47.480
6,100,80,1585.54,1403.49,553.72,9048.7,47.427
6,101,79,1585.10,1403.60,553.12,9048.4,47.452
6,102,78,1584.40,1404.60,554.26,9054.4,47.523
6,103,77,1585.88,1405.74,553.45,9048.7,47.302
6,104,76,1586.61,1406.19,553.48,9050.3,47.400
6,105,75,1586.06,1405.94,553.10,9052.8,47.421
6,106,74,1585.95,1405.46,553.54,9051.2,47.423
6,107,73,1586.74,1405.56,553.64,9047.3,47.412
6,108,72,1586.80,1405.36,553.75,9058.1,47.481
6,109,71,1586.27,1405.00,552.75,9051.5,47.410
6,110,70,1586.63,1405.48,553.40,9046.1,47.377
6,111,69,1586.83,1407.31,553.43,9053.7,47.469
6,112,68,1585.93,1406.26,553.21,9055.8,47.427
6,113,67,1586.95,1405.39,553.61,9060.3,47.366
6,114,66,1586.58,1406.47,553.60,9051.3,47.272
6,115,65,1588.08,1407.12,552.81,9051.4,47.490
6,116,64,1588.30,1407.46,553.25,9054.1,47.402
6,117,63,1588.20,1406.01,553.02,9057.6,47.403
6,118,62,1588.55,1406.39,553.21,9051.1,47.403
6,119,61,1586.42,1406.75,552.76,9057.1,47.435
6,120,60,1586.38,1408.58,553.90,9055.1,47.364
6,121,59,1590.19,1406.40,553.12,9055.8,47.460
6,122,58,1588.39,1407.34,552.79,9054.3,47.339
6,123,57,1588.31,1407.50,552.59,9060.2,47.361
6,124,56,1587.44,1408.07,553.01,9050.0,47.399
6,125,55,1587.80,1409.98,553.11,9055.1,47.342
6,126,54,1588.73,1409.22,552.90,9056.0,47.379
6,127,53,1588.52,1408.58,552.24,9060.5,47.387
6,128,52,1588.57,1410.83,552.85,9053.8,47.411
6,129,51,1589.71,1409.72,552.65,9059.4,47.352
6,130,50,1590.03,1407.89,552.60,9064.2,47.323
6,131,49,1589.30,1409.44,552.32,9050.8,47.345
6,132,48,1590.09,1410.05,552.59,9059.0,47.404
6,133,47,1590.04,1409.83,552.50,9061.3,47.420
6,134,46,1589.90,1410.69,552.64,9056.1,47.346
6,135,45,1589.44,1409.27,552.60,9058.6,47.351
6,136,44,1590.81,1410.25,552.43,9056.0,47.406
6,137,43,1589.96,1411.22,552.08,9062.7,47.316
6,138,42,1590.85,1412.43,552.35,9063.0,47.279
6,139,41,1590.37,1412.03,552.19,9063.7,47.320
6,140,40,1591.88,1410.75,552.80,9061.4,47.354
6,141,39,1591.28,1412.77,551.79,9063.9,47.297
6,142,38,1592.21,1413.41,551.75,9060.4,47.333
6,143,37,1594.10,1412.94,552.25,9062.8,47.403
6,144,36,1591.26,1413.45,551.53,9054.8,47.316
6,145,35,1593.01,1413.40,551.92,9074.9,47.283
6,146,34,1593.55,1413.37,551.99,9063.6,47.271
6,147,33,1594.85,1415.32,551.88,9056.9,47.269
6,148,32,1595.80,1414.36,552.11,9070.4,47.293
6,149,31,1593.22,1412.68,551.93,9063.0,47.286
6,150,30,1593.15,1414.95,551.68,9067.2,47.216
6,151,29,1595.37,1414.96,551.10,9066.3,47.269
6,152,28,1594.80,1417.04,551.47,9066.8,47.207
6,153,27,1595.59,1416.31,551.36,9061.0,47.329
6,154,26,1594.22,1415.93,551.53,9063.9,47.177
6,155,25,1593.77,1417.44,551.19,9078.9,47.197
6,156,24,1595.00,1416.62,551.37,9067.4,47.272
6,157,23,1595.23,1416.22,550.69,9061.8,47.210
6,158,22,1596.05,1417.23,551.54,9074.4,47.214
6,159,21,1595.13,1417.63,550.92,9068.3,47.190
6,160,20,1596.33,1418.14,550.84,9071.8,47.238
6,161,19,1596.41,1419.98,550.67,9065.9,47.233
6,162,18,1596.77,1419.47,550.18,9077.0,47.242
6,163,17,1596.51,1418.21,551.34,9070.0,47.161
6,164,16,1596.19,1419.58,550.70,9075.6,47.127
6,165,15,1597.08,1420.66,551.00,9068.1,47.246
6,166,14,1598.62,1421.60,550.61,9065.3,47.178
6,167,13,1599.74,1420.18,550.44,9074.1,47.035
6,168,12,1600.53,1420.54,550.64,9074.9,47.237
6,169,11,1599.82,1421.51,550.15,9078.6,47.074
6,170,10,1600.32,1421.11,550.72,9076.9,47.194
6,171,9,1600.18,1420.90,550.02,9079.2,47.164
6,172,8,1601.37,1423.22,549.91,9074.6,47.155
6,173,7,1598.89,1424.74,550.26,9082.3,47.065
6,174,6,1602.05,1425.63,549.66,9081.2,47.138
6,175,5,1600.14,1424.46,550.23,9077.0,47.190
6,176,4,1600.36,1423.06,549.95,9079.8,47.090
6,177,3,1602.66,1425.28,550.09,9079.8,47.149
6,178,2,1601.99,1427.04,549.51,9088.2,47.115
6,179,1,1601.57,1426.83,549.71,9084.4,47.168
6,180,0,1603.27,1425.47,549.89,9082.0,47.134
7,1,145,1585.23,1402.92,553.94,9050.8,47.501
7,2,144,1585.97,1404.08,553.49,9047.1,47.538
7,3,143,1585.13,1405.57,553.95,9052.6,47.497
7,4,142,1584.02,1404.28,553.43,9049.0,47.482
7,5,141,1584.18,1404.50,553.35,9054.0,47.417
7,6,140,1584.18,1402.71,553.63,9043.3,47.423
7,7,139,1585.88,1403.83,553.45,9050.8,47.457
7,8,138,1586.57,1404.71,553.89,9053.2,47.443
7,9,137,1584.94,1405.49,553.31,9053.4,47.444
7,10,136,1584.77,1403.50,553.85,9049.8,47.429
7,11,135,1584.44,1402.29,553.58,9048.2,47.458
7,12,134,1586.57,1403.45,553.49,9047.5,47.458
7,13,133,1585.47,1404.66,554.05,9053.4,47.436
7,14,132,1586.64,1403.68,553.83,9054.5,47.478
7,15,131,1583.21,1404.01,554.06,9045.3,47.488
7,16,130,1585.31,1405.07,553.59,9053.5,47.458
7,17,129,1586.41,1406.51,554.26,9051.7,47.566
7,18,128,1585.48,1403.18,553.79,9052.7,47.491
7,19,127,1584.10,1403.02,553.70,9051.9,47.483
7,20,126,1585.11,1403.25,554.32,9046.2,47.515
7,21,125,1585.59,1405.15,553.67,9049.5,47.453
7,22,124,1584.62,1404.20,554.27,9045.5,47.417
7,23,123,1584.39,1403.92,553.76,9052.7,47.452
7,24,122,1585.24,1404.36,553.87,9052.5,47.444
7,25,121,1586.32,1406.29,554.01,9050.8,47.481
7,26,120,1584.12,1404.16,553.58,9051.8,47.414
7,27,119,1584.72,1402.32,553.45,9051.2,47.407
7,28,118,1585.85,1403.14,553.94,9047.3,47.469
7,29,117,1583.77,1403.59,553.55,9053.1,47.473
7,30,116,1584.01,1403.82,553.57,9053.3,47.514
7,31,115,1583.85,1404.74,553.55,9049.1,47.452
7,32,114,1586.45,1403.10,554.05,9045.9,47.388
7,33,113,1585.02,1404.02,552.95,9054.1,47.343
7,34,112,1584.88,1405.19,554.46,9048.7,47.378
7,35,111,1586.03,1404.78,553.65,9047.8,47.414
7,36,110,1584.72,1404.28,553.63,9048.5,47.482
7,37,109,1583.81,1403.66,553.30,9050.4,47.353
7,38,108,1585.71,1402.82,553.27,9048.7,47.536
7,39,107,1585.57,1402.27,553.40,9048.6,47.562
7,40,106,1584.25,1403.16,554.26,9050.7,47.503
7,41,105,1584.42,1403.91,554.19,9049.5,47.506
7,42,104,1585.31,1403.06,553.80,9053.4,47.483
7,43,103,1584.97,1402.30,553.26,9044.5,47.424
7,44,102,1584.70,1402.67,554.11,9045.6,47.381
7,45,101,1585.07,1404.88,554.42,9052.0,47.529
7,46,100,1584.03,1405.94,553.24,9048.2,47.478
7,47,99,1583.72,1403.17,553.47,9048.9,47.521
7,48,98,1585.01,1403.58,552.93,9051.6,47.490
7,49,97,1583.64,1403.94,553.86,9053.4,47.414
7,50,96,1584.30,1403.59,554.19,9053.7,47.449
7,51,95,1585.82,1401.87,554.04,9046.1,47.538
7,52,94,1584.15,1403.23,553.97,9052.3,47.428
7,53,93,1585.30,1404.45,553.92,9048.6,47.475
7,54,92,1586.13,1402.90,553.55,9050.1,47.397
7,55,91,1583.56,1404.98,553.13,9048.6,47.488
7,56,90,1585.21,1403.65,553.47,9051.2,47.401
7,57,89,1585.21,1404.13,553.85,9047.8,47.552
7,58,88,1585.29,1403.75,553.88,9047.3,47.431
7,59,87,1586.91,1403.31,553.78,9048.4,47.398
7,60,86,1585.34,1404.03,554.07,9052.8,47.495
7,61,85,1584.27,1404.58,554.00,9046.4,47.434
7,62,84,1583.84,1404.60,554.00,9055.0,47.439
7,63,83,1585.38,1404.91,553.57,9046.9,47.414
7,64,82,1584.77,1403.27,553.59,9053.2,47.444
7,65,81,1585.33,1403.61,553.59,9051.2,47.455
7,66,80,1585.76,1405.34,553.56,9053.3,47.393
7,67,79,1586.86,1403.53,553.96,9046.5,47.439
7,68,78,1586.50,1403.59,554.40,9050.5,47.494
7,69,77,1585.66,1404.82,553.29,9048.9,47.503
7,70,76,1585.14,1404.64,553.24,9048.9,47.498
7,71,75,1584.48,1405.26,553.74,9050.1,47.426
7,72,74,1585.20,1404.37,553.94,9049.6,47.529
7,73,73,1585.94,1404.33,553.93,9053.4,47.354
7,74,72,1584.97,1404.87,553.14,9058.7,47.476
7,75,71,1585.90,1404.80,553.41,9044.7,47.346
7,76,70,1587.54,1406.67,553.39,9055.0,47.455
7,77,69,1586.64,1404.11,552.99,9056.2,47.329
7,78,68,1586.15,1405.22,553.37,9053.4,47.391
7,79,67,1586.71,1405.83,554.10,9047.6,47.424
7,80,66,1586.88,1405.64,553.04,9057.1,47.437
7,81,65,1585.66,1406.43,553.92,9052.8,47.417
7,82,64,1588.07,1405.34,553.90,9056.6,47.369
7,83,63,1586.42,1405.92,552.79,9054.4,47.368
7,84,62,1587.35,1405.42,553.58,9056.3,47.374
7,85,61,1587.55,1406.84,553.72,9050.4,47.398
7,86,60,1586.91,1407.00,553.39,9052.0,47.385
7,87,59,1588.36,1408.39,553.34,9054.1,47.388
7,88,58,1588.20,1407.57,552.66,9056.9,47.353
7,89,57,1586.79,1406.08,553.05,9051.6,47.277
7,90,56,1587.82,1407.35,553.03,9053.3,47.481
7,91,55,1588.70,1407.56,553.01,9060.8,47.434
7,92,54,1587.35,1407.36,552.76,9054.6,47.353
7,93,53,1588.68,1409.13,553.22,9055.3,47.297
7,94,52,1588.01,1408.23,552.53,9060.8,47.316
7,95,51,1589.53,1407.42,553.06,9056.7,47.447
7,96,50,1588.33,1408.67,552.70,9057.0,47.350
7,97,49,1589.17,1409.11,552.14,9061.4,47.507
7,98,48,1589.88,1408.65,552.41,9060.4,47.379
7,99,47,1589.62,1410.60,552.05,9061.3,47.368
7,100,46,1589.26,1408.89,552.66,9063.9,47.340
7,101,45,1589.59,1410.62,553.12,9060.9,47.374
7,102,44,1591.47,1411.14,552.28,9053.7,47.297
7,103,43,1589.83,1411.58,552.71,9060.8,47.275
7,104,42,1592.37,1410.88,552.60,9060.7,47.345
7,105,41,1591.62,1410.91,552.75,9055.4,47.278
7,106,40,1592.43,1412.35,553.07,9061.6,47.411
7,107,39,1590.14,1410.83,552.52,9055.7,47.311
7,108,38,1592.80,1412.85,552.20,9060.6,47.327
7,109,37,1592.57,1412.09,552.25,9066.4,47.301
7,110,36,1592.41,1413.42,552.25,9066.1,47.256
7,111,35,1592.18,1412.84,551.76,9057.2,47.140
7,112,34,1593.80,1412.19,552.44,9066.5,47.277
7,113,33,1593.59,1414.28,551.58,9064.3,47.243
7,114,32,1593.88,1413.57,551.82,9064.4,47.294
7,115,31,1594.95,1414.31,552.16,9067.0,47.353
7,116,30,1593.61,1415.48,551.71,9055.3,47.223
7,117,29,1594.61,1415.64,551.28,9067.0,47.297
7,118,28,1594.38,1416.16,551.78,9066.6,47.242
7,119,27,1595.51,1416.25,551.13,9068.0,47.204
7,120,26,1594.18,1415.58,551.49,9069.0,47.236
7,121,25,1594.94,1416.05,551.73,9058.2,47.236
7,122,24,1596.74,1417.31,551.73,9061.6,47.184
7,123,23,1596.20,1418.58,550.94,9067.8,47.260
7,124,22,1594.91,1418.00,550.41,9071.4,47.185
7,125,21,1596.00,1418.47,551.28,9070.2,47.278
7,126,20,1595.29,1418.42,550.84,9073.9,47.258
7,127,19,1597.52,1420.08,551.35,9070.7,47.218
7,128,18,1597.72,1419.08,551.16,9063.9,47.306
7,129,17,1597.58,1417.86,550.60,9064.8,47.152
7,130,16,1597.72,1421.05,550.93,9073.6,47.144
7,131,15,1597.48,1419.39,550.52,9072.1,47.181
7,132,14,1598.17,1419.83,550.70,9072.8,47.109
7,133,13,1598.78,1420.71,550.12,9072.4,47.212
7,134,12,1598.16,1420.07,550.42,9077.2,47.267
7,135,11,1599.91,1422.55,550.55,9073.2,47.203
7,136,10,1599.63,1422.30,550.09,9077.8,47.158
7,137,9,1600.20,1422.28,550.21,9078.4,47.138
7,138,8,1599.07,1421.06,550.28,9075.7,47.065
7,139,7,1600.75,1423.06,550.00,9078.7,47.211
7,140,6,1602.02,1423.67,550.04,9079.0,47.155
7,141,5,1601.10,1424.10,549.52,9079.3,47.157
7,142,4,1601.26,1424.26,549.58,9075.2,47.137
7,143,3,1601.40,1423.16,549.50,9076.8,47.159
7,144,2,1602.46,1424.38,549.58,9085.4,47.160
7,145,1,1601.76,1426.63,549.66,9084.2,47.098
7,146,0,1603.95,1424.96,549.52,9086.3,46.980
8,1,197,1584.69,1404.97,554.23,9055.0,47.464
8,2,196,1583.43,1404.41,554.11,9049.7,47.537
8,3,195,1585.69,1404.51,554.13,9051.2,47.325
8,4,194,1584.60,1405.08,553.56,9049.2,47.398
8,5,193,1586.43,1405.51,553.53,9050.5,47.416
8,6,192,1585.49,1404.46,554.04,9051.2,47.597
8,7,191,1584.18,1402.46,553.68,9044.5,47.375
8,8,190,1584.20,1403.17,553.51,9051.8,47.425
8,9,189,1584.86,1404.80,553.57,9049.1,47.468
8,10,188,1583.45,1401.85,553.90,9051.7,47.553
8,11,187,1585.13,1404.74,553.74,9051.0,47.533
8,12,186,1583.30,1404.37,554.44,9051.0,47.533
8,13,185,1584.50,1403.97,553.81,9042.2,47.392
8,14,184,1584.12,1404.74,554.06,9051.1,47.491
8,15,183,1584.87,1405.08,553.80,9050.2,47.437
8,16,182,1585.55,1403.62,554.09,9046.0,47.395
8,17,181,1585.55,1403.92,553.66,9053.1,47.420
8,18,180,1584.84,1405.26,554.26,9055.5,47.436
8,19,179,1585.98,1403.15,553.53,9041.8,47.534
8,20,178,1584.31,1403.89,553.53,9052.4,47.431
8,21,177,1583.96,1404.40,553.37,9047.1,47.345
8,22,176,1583.86,1404.16,553.21,9044.8,47.450
8,23,175,1584.57,1405.79,554.35,9047.0,47.478
8,24,174,1585.60,1403.46,553.35,9050.0,47.441
8,25,173,1584.65,1404.40,553.57,9046.0,47.455
8,26,172,1585.31,1402.94,554.08,9043.8,47.421
8,27,171,1584.79,1403.43,553.63,9056.5,47.407
8,28,170,1586.95,1404.39,553.83,9051.7,47.576
8,29,169,1584.21,1402.99,553.57,9050.1,47.364
8,30,168,1585.02,1405.52,553.85,9049.0,47.419
8,31,167,1585.72,1403.26,554.35,9056.8,47.463
8,32,166,1584.99,1404.93,554.13,9047.2,47.424
8,33,165,1583.94,1404.37,554.00,9045.3,47.427
8,34,164,1583.92,1403.19,553.97,9047.4,47.435
8,35,163,1583.70,1404.17,553.79,9047.4,47.441
8,36,162,1585.14,1403.27,553.36,9056.3,47.418
8,37,161,1584.92,1404.91,554.86,9045.6,47.472
8,38,160,1584.43,1403.52,553.58,9046.1,47.448
8,39,159,1583.82,1404.85,553.82,9051.5,47.427
8,40,158,1584.71,1404.26,553.45,9048.7,47.407
8,41,157,1584.29,1402.10,554.20,9047.6,47.508
8,42,156,1585.86,1402.84,553.47,9059.0,47.538
8,43,155,1584.97,1404.23,553.61,9051.5,47.414
8,44,154,1583.37,1402.81,553.81,9046.0,47.447
8,45,153,1584.14,1403.30,554.06,9050.9,47.450
8,46,152,1585.70,1404.43,554.23,9048.4,47.429
8,47,151,1583.96,1403.61,554.09,9054.5,47.498
8,48,150,1583.56,1404.97,553.25,9053.1,47.432
8,49,149,1585.56,1402.80,554.15,9044.9,47.417
8,50,148,1584.20,1402.42,553.83,9056.3,47.583
8,51,147,1585.08,1405.01,553.87,9051.7,47.433
8,52,146,1585.16,1404.48,553.63,9049.7,47.447
8,53,145,1585.66,1403.04,553.78,9056.7,47.508
8,54,144,1586.08,1404.02,553.90,9053.5,47.528
8,55,143,1583.44,1402.82,554.19,9049.0,47.416
8,56,142,1584.00,1403.50,553.38,9057.3,47.449
8,57,141,1584.95,1404.53,554.09,9053.3,47.504
8,58,140,1584.50,1403.73,554.03,9048.2,47.450
8,59,139,1585.32,1404.71,553.27,9052.5,47.438
8,60,138,1585.57,1404.70,554.28,9054.7,47.517
8,61,137,1586.15,1404.26,553.81,9053.1,47.487
8,62,136,1584.75,1404.36,553.79,9047.0,47.515
8,63,135,1585.04,1405.84,553.31,9048.1,47.452
8,64,134,1585.91,1404.36,553.89,9046.1,47.392
8,65,133,1585.26,1402.77,553.64,9051.8,47.401
8,66,132,1586.28,1405.10,553.33,9046.7,47.336
8,67,131,1584.37,1404.69,553.68,9051.6,47.374
8,68,130,1585.64,1403.50,553.80,9049.7,47.386
8,69,129,1584.08,1404.87,553.92,9053.7,47.466
8,70,128,1585.11,1402.45,553.72,9049.9,47.548
8,71,127,1585.55,1405.38,553.98,9047.5,47.456
8,72,126,1585.19,1403.15,553.68,9049.3,47.530
8,73,125,1583.34,1405.09,553.52,9045.2,47.509
8,74,124,1585.59,1405.13,554.04,9057.2,47.478
8,75,123,1584.87,1404.31,554.17,9047.3,47.417
8,76,122,1584.75,1402.11,553.84,9043.4,47.453
8,77,121,1585.69,1403.57,554.30,9044.9,47.510
8,78,120,1585.54,1402.46,554.61,9049.8,47.406
8,79,119,1583.87,1403.80,553.76,9050.4,47.435
8,80,118,1585.51,1403.65,553.22,9049.5,47.332
8,81,117,1585.28,1403.12,553.85,9054.6,47.403
8,82,116,1585.85,1403.61,554.33,9048.7,47.408
8,83,115,1585.55,1403.61,553.55,9048.3,47.448
8,84,114,1586.07,1402.26,553.81,9052.2,47.460
8,85,113,1586.05,1403.93,553.74,9052.1,47.455
8,86,112,1584.69,1404.46,553.60,9047.9,47.424
8,87,111,1586.08,1401.10,553.92,9050.1,47.366
8,88,110,1585.25,1404.43,553.98,9040.7,47.518
8,89,109,1584.41,1404.62,554.02,9046.9,47.483
8,90,108,1584.69,1402.14,554.15,9047.3,47.407
8,91,107,1584.68,1404.25,553.78,9051.9,47.383
8,92,106,1584.41,1403.90,554.37,9049.6,47.504
8,93,105,1585.03,1403.56,553.73,9049.4,47.480
8,94,104,1586.10,1404.32,554.16,9046.6,47.429
8,95,103,1584.42,1404.28,553.69,9052.6,47.403
8,96,102,1585.03,1404.62,553.18,9057.4,47.436
8,97,101,1583.38,1404.14,553.81,9049.7,47.500
8,98,100,1585.60,1404.27,553.94,9049.6,47.539
8,99,99,1583.82,1404.13,553.82,9052.8,47.408
8,100,98,1583.61,1404.14,553.88,9055.2,47.386
8,101,97,1585.92,1406.13,553.69,9045.5,47.430
8,102,96,1585.01,1404.51,553.62,9055.4,47.394
8,103,95,1583.61,1405.00,553.12,9049.3,47.606
8,104,94,1584.99,1402.99,553.78,9049.8,47.458
8,105,93,1585.53,1403.06,554.31,9050.9,47.486
8,106,92,1584.50,1405.16,553.72,9051.0,47.403
8,107,91,1584.20,1404.62,553.67,9047.0,47.418
8,108,90,1585.56,1403.43,553.76,9050.1,47.354
8,109,89,1583.82,1404.30,553.58,9053.7,47.498
8,110,88,1585.58,1405.64,553.78,9052.3,47.421
8,111,87,1586.98,1405.80,553.80,9051.4,47.518
8,112,86,1584.92,1403.46,554.05,9050.3,47.458
8,113,85,1584.41,1402.55,553.85,9053.3,47.437
8,114,84,1586.28,1403.52,553.45,9050.0,47.443
8,115,83,1585.80,1403.53,554.17,9057.2,47.444
8,116,82,1586.24,1403.35,554.07,9054.1,47.488
8,117,81,1585.30,1401.72,553.53,9048.4,47.395
8,118,80,1585.49,1404.10,553.46,9047.0,47.407
8,119,79,1586.37,1403.98,553.54,9049.2,47.458
8,120,78,1585.92,1401.94,553.98,9056.0,47.387
8,121,77,1584.87,1404.38,553.42,9051.9,47.340
8,122,76,1584.85,1406.29,553.35,9055.7,47.453
8,123,75,1584.40,1405.60,553.57,9049.9,47.446
8,124,74,1586.33,1405.80,553.93,9053.1,47.363
8,125,73,1585.68,1407.95,553.77,9060.2,47.499
8,126,72,1586.37,1405.71,553.51,9046.0,47.428
8,127,71,1587.27,1405.05,553.62,9055.3,47.379
8,128,70,1586.06,1404.82,553.22,9048.0,47.377
8,129,69,1587.68,1405.07,553.48,9051.0,47.479
8,130,68,1587.73,1406.83,553.50,9052.2,47.358
8,131,67,1588.37,1405.54,553.57,9056.9,47.387
8,132,66,1587.79,1407.08,553.86,9051.8,47.348
8,133,65,1586.70,1406.76,553.33,9052.4,47.314
8,134,64,1587.63,1408.53,553.41,9056.1,47.435
8,135,63,1587.72,1407.78,553.36,9053.2,47.363
8,136,62,1587.36,1407.41,553.11,9055.6,47.422
8,137,61,1588.38,1408.48,553.19,9050.3,47.380
8,138,60,1587.92,1405.87,553.54,9055.6,47.413
8,139,59,1589.14,1407.16,553.26,9055.0,47.382
8,140,58,1587.60,1409.43,552.94,9058.2,47.294
8,141,57,1589.33,1409.09,553.04,9055.2,47.404
8,142,56,1590.40,1406.77,553.20,9053.2,47.380
8,143,55,1588.55,1408.19,552.92,9052.7,47.429
8,144,54,1587.50,1409.29,552.78,9052.9,47.384
8,145,53,1587.87,1409.07,552.41,9058.9,47.324
8,146,52,1588.95,1409.53,552.56,9057.5,47.291
8,147,51,1590.00,1411.09,553.59,9058.3,47.402
8,148,50,1588.27,1411.09,552.94,9056.7,47.421
8,149,49,1589.69,1409.57,552.80,9055.0,47.406
8,150,48,1589.25,1409.29,552.34,9061.7,47.320
8,151,47,1589.23,1409.94,552.55,9055.3,47.289
8,152,46,1592.20,1409.96,552.42,9058.5,47.322
8,153,45,1591.22,1411.85,552.37,9055.8,47.402
8,154,44,1590.86,1412.81,551.74,9061.2,47.430
8,155,43,1590.87,1411.32,552.45,9059.0,47.315
8,156,42,1591.11,1411.23,552.68,9062.9,47.339
8,157,41,1592.25,1411.83,552.03,9059.6,47.322
8,158,40,1590.98,1411.89,552.05,9069.6,47.179
8,159,39,1591.91,1414.17,552.19,9065.2,47.318
8,160,38,1591.75,1410.89,552.16,9060.2,47.268
8,161,37,1592.12,1414.76,552.77,9064.1,47.281
8,162,36,1591.82,1413.90,552.52,9062.9,47.180
8,163,35,1593.53,1414.66,551.46,9064.8,47.317
8,164,34,1593.18,1413.36,552.18,9063.2,47.216
8,165,33,1591.85,1415.51,552.01,9065.4,47.263
8,166,32,1593.31,1413.71,551.63,9058.1,47.243
8,167,31,1593.74,1415.53,551.69,9068.8,47.343
8,168,30,1595.08,1415.71,551.65,9063.0,47.307
8,169,29,1595.84,1415.91,552.16,9061.5,47.208
8,170,28,1595.44,1416.16,551.92,9067.3,47.217
8,171,27,1594.84,1414.86,551.12,9071.2,47.299
8,172,26,1595.57,1415.01,551.29,9064.0,47.309
8,173,25,1595.08,1415.91,551.35,9066.5,47.319
8,174,24,1595.23,1415.96,550.63,9069.1,47.212
8,175,23,1594.94,1418.62,551.41,9069.6,47.303
8,176,22,1596.89,1417.14,550.84,9073.1,47.249
8,177,21,1596.77,1417.46,551.27,9068.0,47.219
8,178,20,1598.07,1417.97,550.55,9067.5,47.268
8,179,19,1597.40,1418.79,550.80,9073.4,47.170
8,180,18,1597.73,1418.60,550.62,9070.0,47.189
8,181,17,1597.73,1419.82,549.71,9069.9,47.182
8,182,16,1599.26,1418.99,550.80,9078.4,47.130
8,183,15,1598.66,1419.59,550.53,9070.9,47.154
8,184,14,1600.82,1421.43,550.95,9076.0,47.104
8,185,13,1599.25,1422.00,550.29,9078.2,47.214
8,186,12,1600.72,1421.02,550.15,9074.0,47.245
8,187,11,1598.07,1419.91,550.43,9074.3,47.168
8,188,10,1600.60,1421.64,549.78,9083.5,47.112
8,189,9,1599.30,1423.51,550.15,9076.7,47.180
8,190,8,1601.32,1422.59,550.65,9070.0,47.187
8,191,7,1600.09,1424.50,550.16,9075.7,47.177
8,192,6,1601.79,1424.23,549.74,9076.9,47.137
8,193,5,1601.36,1424.71,549.37,9080.3,47.117
8,194,4,1601.04,1423.75,549.84,9067.1,47.090
8,195,3,1601.33,1425.29,549.59,9079.5,47.196
8,196,2,1603.15,1426.02,549.60,9082.7,47.101
8,197,1,1602.52,1425.97,549.50,9086.6,47.098
8,198,0,1603.49,1427.31,549.91,9077.1,47.122
9,1,220,1585.81,1404.59,553.74,9051.9,47.449
9,2,219,1584.22,1403.34,554.01,9046.8,47.409
9,3,218,1585.60,1404.12,553.97,9045.7,47.477
9,4,217,1584.47,1403.08,553.65,9054.8,47.432
9,5,216,1586.76,1402.14,553.34,9054.6,47.529
9,6,215,1584.31,1404.06,554.01,9049.2,47.457
9,7,214,1585.01,1402.67,553.70,9050.0,47.455
9,8,213,1583.62,1404.68,553.84,9046.3,47.540
9,9,212,1584.72,1403.75,553.99,9056.6,47.484
9,10,211,1585.66,1403.10,553.83,9048.1,47.485
9,11,210,1585.64,1405.47,553.15,9047.8,47.515
9,12,209,1583.88,1404.73,554.14,9049.9,47.379
9,13,208,1584.90,1405.31,554.26,9050.7,47.401
9,14,207,1586.39,1404.74,553.53,9051.2,47.465
9,15,206,1584.49,1404.31,554.13,9049.0,47.510
9,16,205,1583.60,1406.00,553.82,9053.8,47.461
9,17,204,1584.34,1403.97,553.23,9052.4,47.460
9,18,203,1584.85,1404.68,553.81,9052.1,47.498
9,19,202,1584.56,1403.25,553.28,9050.4,47.473
9,20,201,1583.94,1405.28,553.55,9042.6,47.525
9,21,200,1583.42,1404.87,554.02,9051.1,47.424
9,22,199,1585.40,1404.94,553.50,9053.4,47.497
9,23,198,1585.23,1403.52,554.08,9051.8,47.399
9,24,197,1584.71,1404.74,553.83,9053.8,47.433
9,25,196,1584.20,1405.97,553.30,9048.3,47.464
9,26,195,1585.79,1404.58,554.49,9049.6,47.406
9,27,194,1584.82,1403.71,553.78,9046.6,47.489
9,28,193,1585.30,1402.86,554.09,9047.2,47.391
9,29,192,1585.07,1402.42,553.98,9040.1,47.399
9,30,191,1586.26,1403.38,553.65,9054.5,47.410
9,31,190,1585.61,1405.06,553.94,9044.9,47.420
9,32,189,1587.17,1403.56,554.70,9056.0,47.476
9,33,188,1585.24,1403.58,553.77,9047.6,47.447
9,34,187,1583.91,1402.73,554.19,9044.4,47.494
9,35,186,1583.48,1404.57,553.74,9054.6,47.433
9,36,185,1583.39,1403.83,553.85,9049.5,47.479
9,37,184,1584.55,1402.86,553.50,9048.2,47.424
9,38,183,1586.92,1405.13,554.01,9051.6,47.465
9,39,182,1585.24,1404.15,553.81,9042.7,47.432
9,40,181,1584.81,1403.33,553.63,9051.1,47.488
9,41,180,1585.24,1404.67,554.03,9049.0,47.476
9,42,179,1583.60,1403.65,553.65,9055.4,47.467
9,43,178,1583.93,1404.54,554.07,9049.7,47.485
9,44,177,1583.00,1401.57,553.45,9050.5,47.527
9,45,176,1584.10,1403.23,553.83,9048.3,47.423
9,46,175,1584.66,1405.18,554.13,9050.1,47.533
9,47,174,1585.41,1405.04,553.54,9047.7,47.417
9,48,173,1584.93,1404.05,553.90,9056.9,47.486
9,49,172,1584.59,1404.00,554.25,9052.7,47.525
9,50,171,1584.61,1403.36,553.59,9048.6,47.397
9,51,170,1585.24,1404.28,554.20,9043.8,47.403
9,52,169,1585.64,1404.17,553.81,9054.4,47.400
9,53,168,1584.42,1403.24,553.20,9050.5,47.424
9,54,167,1584.41,1403.18,553.79,9047.2,47.461
9,55,166,1585.37,1403.73,553.69,9050.6,47.449
9,56,165,1586.06,1404.29,554.13,9052.1,47.384
9,57,164,1584.55,1403.96,554.06,9056.7,47.426
9,58,163,1585.04,1404.72,553.78,9055.8,47.383
9,59,162,1585.54,1404.60,554.15,9050.2,47.495
9,60,161,1584.80,1403.28,553.52,9045.0,47.428
9,61,160,1585.25,1403.81,553.86,9054.3,47.424
9,62,159,1586.87,1404.68,553.74,9049.2,47.400
9,63,158,1584.98,1402.05,554.18,9040.1,47.452
9,64,157,1584.08,1403.37,553.63,9056.7,47.395
9,65,156,1585.73,1405.04,553.10,9047.8,47.524
9,66,155,1583.95,1405.08,553.79,9049.8,47.453
9,67,154,1585.27,1403.14,553.72,9051.3,47.459
9,68,153,1585.28,1403.35,553.99,9050.4,47.371
9,69,152,1584.57,1403.19,553.53,9048.3,47.481
9,70,151,1584.50,1404.20,553.82,9047.3,47.433
9,71,150,1585.69,1404.13,553.96,9054.5,47.472
9,72,149,1583.46,1404.24,553.61,9056.3,47.470
9,73,148,1584.52,1404.51,553.83,9044.0,47.493
9,74,147,1584.68,1405.28,553.76,9055.0,47.471
9,75,146,1585.78,1403.56,553.91,9044.0,47.444
9,76,145,1583.81,1402.97,553.53,9052.3,47.443
9,77,144,1585.03,1403.84,554.12,9050.0,47.462
9,78,143,1584.54,1405.03,554.17,9049.9,47.421
9,79,142,1583.71,1403.22,553.15,9046.8,47.468
9,80,141,1584.96,1406.09,553.69,9048.4,47.503
9,81,140,1583.46,1402.67,554.00,9049.3,47.441
9,82,139,1584.25,1404.22,553.56,9050.3,47.392
9,83,138,1584.85,1405.82,553.67,9049.5,47.440
9,84,137,1585.14,1404.42,553.88,9051.0,47.441
9,85,136,1585.08,1403.81,553.26,9059.2,47.486
9,86,135,1584.22,1404.21,553.40,9048.3,47.376
9,87,134,1584.96,1402.58,553.92,9052.4,47.409
9,88,133,1585.13,1403.21,553.95,9047.6,47.489
9,89,132,1583.55,1403.10,553.47,9050.7,47.478
9,90,131,1585.22,1403.54,552.96,9050.1,47.489
9,91,130,1587.14,1403.62,553.60,9051.1,47.437
9,92,129,1586.02,1403.27,553.73,9053.1,47.465
9,93,128,1585.93,1403.61,554.18,9044.2,47.369
9,94,127,1586.02,1404.01,554.08,9050.3,47.450
9,95,126,1583.94,1403.98,554.21,9050.2,47.484
9,96,125,1585.52,1403.09,554.06,9048.9,47.437
9,97,124,1586.68,1404.54,553.61,9050.2,47.452
9,98,123,1586.35,1404.04,554.46,9045.5,47.448
9,99,122,1584.39,1403.55,553.66,9047.5,47.537
9,100,121,1586.14,1404.36,553.66,9047.6,47.487
9,101,120,1585.25,1403.88,553.96,9053.1,47.442
9,102,119,1584.40,1402.84,553.87,9057.6,47.394
9,103,118,1585.93,1403.45,553.65,9053.3,47.436
9,104,117,1585.28,1404.30,553.58,9053.3,47.445
9,105,116,1584.00,1403.33,552.84,9050.4,47.513
9,106,115,1584.31,1404.71,553.89,9047.6,47.524
9,107,114,1584.97,1406.04,553.27,9049.4,47.439
9,108,113,1585.20,1404.93,554.77,9052.0,47.447
9,109,112,1584.40,1402.64,554.09,9048.6,47.575
9,110,111,1586.03,1404.71,553.84,9052.0,47.409
9,111,110,1583.99,1403.98,553.70,9048.4,47.378
9,112,109,1584.85,1405.48,553.92,9051.4,47.471
9,113,108,1584.60,1403.90,553.77,9047.4,47.446
9,114,107,1584.56,1403.21,553.89,9054.6,47.407
9,115,106,1584.42,1402.79,554.20,9051.5,47.407
9,116,105,1585.42,1403.14,553.82,9058.3,47.397
9,117,104,1587.69,1404.85,554.12,9052.5,47.450
9,118,103,1587.33,1405.75,553.71,9044.7,47.358
9,119,102,1586.30,1406.46,553.62,9049.6,47.340
9,120,101,1585.38,1405.35,553.31,9048.4,47.428
9,121,100,1587.25,1405.95,553.63,9052.6,47.456
9,122,99,1586.09,1405.07,553.75,9051.3,47.368
9,123,98,1587.42,1403.86,553.96,9054.0,47.377
9,124,97,1586.37,1405.27,553.73,9055.2,47.447
9,125,96,1587.04,1405.66,553.99,9056.8,47.398
9,126,95,1587.19,1406.53,553.36,9051.5,47.481
9,127,94,1586.62,1406.23,553.84,9061.8,47.392
9,128,93,1586.55,1406.18,553.43,9054.4,47.392
9,129,92,1585.82,1407.82,553.56,9051.8,47.436
9,130,91,1588.40,1405.65,553.41,9048.6,47.406
9,131,90,1587.53,1405.49,553.27,9056.4,47.440
9,132,89,1586.22,1406.96,553.47,9054.2,47.463
9,133,88,1586.78,1407.12,552.93,9048.4,47.445
9,134,87,1587.38,1406.47,552.93,9057.1,47.329
9,135,86,1588.27,1407.43,552.79,9054.8,47.535
9,136,85,1588.54,1406.42,553.41,9049.6,47.331
9,137,84,1587.65,1407.80,553.41,9057.7,47.422
9,138,83,1586.53,1407.39,553.43,9056.6,47.404
9,139,82,1588.20,1407.88,552.52,9059.3,47.387
9,140,81,1588.63,1405.67,553.58,9051.4,47.518
9,141,80,1589.88,1406.70,553.30,9052.1,47.356
9,142,79,1587.82,1408.45,553.12,9051.7,47.408
9,143,78,1588.28,1406.56,552.87,9061.9,47.363
9,144,77,1587.10,1409.09,552.69,9057.1,47.372
9,145,76,1590.11,1408.37,552.59,9054.9,47.317
9,146,75,1588.66,1410.27,553.28,9064.0,47.399
9,147,74,1589.08,1407.95,552.96,9056.6,47.412
9,148,73,1588.20,1409.06,552.37,9058.5,47.404
9,149,72,1587.94,1407.97,552.42,9056.9,47.298
9,150,71,1590.48,1409.74,552.96,9052.2,47.430
9,151,70,1590.04,1408.91,552.28,9057.8,47.339
9,152,69,1589.32,1409.06,552.93,9049.2,47.431
9,153,68,1590.60,1410.06,552.64,9062.3,47.354
9,154,67,1589.73,1411.08,553.27,9055.4,47.375
9,155,66,1589.23,1410.68,552.38,9063.3,47.346
9,156,65,1590.28,1411.88,552.36,9061.7,47.316
9,157,64,1591.35,1412.21,552.46,9051.9,47.311
9,158,63,1592.50,1410.25,553.04,9057.7,47.311
9,159,62,1591.33,1411.56,552.72,9060.2,47.391
9,160,61,1591.63,1412.20,552.25,9064.0,47.310
9,161,60,1590.89,1411.19,552.10,9054.6,47.394
9,162,59,1590.61,1411.30,552.14,9060.1,47.305
9,163,58,1592.36,1411.21,552.84,9065.3,47.303
9,164,57,1591.75,1412.41,552.54,9064.8,47.333
9,165,56,1590.90,1412.72,552.18,9052.1,47.340
9,166,55,1591.24,1411.93,552.21,9056.7,47.324
9,167,54,1591.74,1411.75,552.18,9056.5,47.318
9,168,53,1592.54,1413.02,552.37,9066.8,47.307
9,169,52,1593.20,1412.88,551.88,9061.7,47.321
9,170,51,1593.37,1413.17,551.85,9068.4,47.232
9,171,50,1592.14,1414.18,552.54,9065.3,47.313
9,172,49,1592.61,1414.08,552.01,9061.3,47.282
9,173,48,1592.33,1413.81,551.98,9070.0,47.264
9,174,47,1593.05,1415.15,552.43,9066.2,47.278
9,175,46,1593.00,1412.58,551.57,9065.2,47.278
9,176,45,1594.05,1414.28,551.59,9066.4,47.409
9,177,44,1593.48,1414.80,552.02,9063.5,47.344
9,178,43,1592.65,1414.53,551.63,9066.4,47.178
9,179,42,1595.18,1415.49,552.01,9071.8,47.236
9,180,41,1592.29,1416.38,551.55,9062.5,47.298
9,181,40,1596.44,1415.48,551.88,9063.4,47.182
9,182,39,1595.39,1416.30,551.41,9073.1,47.174
9,183,38,1593.86,1415.55,551.40,9072.6,47.261
9,184,37,1594.88,1415.13,551.78,9063.9,47.191
9,185,36,1594.91,1416.65,551.20,9070.7,47.237
9,186,35,1596.27,1417.19,551.91,9067.0,47.290
9,187,34,1594.19,1419.58,551.56,9067.8,47.231
9,188,33,1595.62,1418.87,551.55,9067.7,47.178
9,189,32,1596.97,1418.21,551.44,9069.3,47.221
9,190,31,1597.56,1419.30,551.38,9073.3,47.244
9,191,30,1595.31,1417.06,551.48,9074.7,47.281
9,192,29,1596.89,1419.17,551.07,9072.8,47.214
9,193,28,1595.97,1419.22,551.43,9079.7,47.233
9,194,27,1596.18,1418.39,550.96,9071.9,47.240
9,195,26,1597.51,1419.64,551.01,9063.9,47.224
9,196,25,1597.50,1419.69,550.79,9072.9,47.236
9,197,24,1597.51,1420.05,550.87,9073.0,47.058
9,198,23,1596.93,1418.67,550.87,9077.3,47.194
9,199,22,1598.74,1420.54,550.80,9075.2,47.208
9,200,21,1598.15,1420.57,551.14,9075.2,47.203
9,201,20,1597.78,1421.75,550.23,9068.0,47.206
9,202,19,1597.99,1421.72,550.10,9077.7,47.225
9,203,18,1599.01,1419.11,550.04,9075.6,47.168
9,204,17,1599.71,1421.21,550.46,9066.6,47.216
9,205,16,1598.83,1421.18,550.13,9070.1,47.245
9,206,15,1600.20,1422.53,550.34,9069.8,47.272
9,207,14,1600.12,1422.19,550.24,9069.1,47.220
9,208,13,1599.16,1422.83,550.53,9077.8,47.182
9,209,12,1601.31,1421.90,550.30,9076.3,47.062
9,210,11,1600.68,1424.01,550.61,9084.0,47.061
9,211,10,1601.98,1423.33,550.62,9076.5,47.119
9,212,9,1599.93,1424.14,550.24,9074.4,47.033
9,213,8,1601.47,1424.20,549.74,9074.5,47.169
9,214,7,1602.85,1423.55,549.72,9080.1,47.164
9,215,6,1601.30,1426.10,550.20,9078.2,47.048
9,216,5,1602.88,1425.64,549.78,9081.1,47.115
9,217,4,1602.47,1423.93,549.47,9083.2,47.165
9,218,3,1601.90,1424.46,550.11,9078.2,47.117
9,219,2,1602.47,1424.10,549.77,9081.5,47.127
9,220,1,1602.89,1427.63,550.00,9081.7,47.111
9,221,0,1604.41,1426.78,549.23,9085.3,47.162
10,1,239,1585.41,1402.88,553.69,9047.9,47.426
10,2,238,1585.75,1404.64,553.79,9048.1,47.383
10,3,237,1586.14,1404.53,553.59,9052.5,47.446
10,4,236,1584.77,1404.39,553.58,9048.8,47.456
10,5,235,1584.60,1404.60,554.36,9047.4,47.367
10,6,234,1583.40,1403.86,553.60,9050.7,47.457
10,7,233,1583.72,1402.37,553.89,9050.5,47.429
10,8,232,1583.67,1404.42,554.18,9051.0,47.408
10,9,231,1585.04,1402.77,554.12,9050.3,47.362
10,10,230,1584.76,1404.42,553.70,9049.0,47.389
10,11,229,1585.45,1403.42,553.15,9048.7,47.499
10,12,228,1584.69,1405.56,553.93,9051.2,47.444
10,13,227,1584.95,1403.76,553.71,9051.9,47.403
10,14,226,1584.14,1402.99,554.41,9051.9,47.465
10,15,225,1584.15,1404.56,553.77,9050.7,47.401
10,16,224,1585.13,1403.62,553.57,9052.6,47.373
10,17,223,1585.45,1404.62,553.54,9047.1,47.439
10,18,222,1585.23,1403.86,553.93,9056.2,47.425
10,19,221,1583.63,1404.74,554.30,9051.4,47.396
10,20,220,1584.90,1402.99,553.99,9045.3,47.435
10,21,219,1584.20,1404.11,553.69,9050.6,47.451
10,22,218,1584.21,1404.56,553.79,9046.5,47.562
10,23,217,1585.38,1403.86,554.22,9056.4,47.443
10,24,216,1585.28,1403.11,553.76,9049.3,47.459
10,25,215,1585.27,1404.50,553.87,9045.8,47.403
10,26,214,1584.56,1403.75,554.12,9045.9,47.432
10,27,213,1585.76,1403.73,553.94,9049.5,47.463
10,28,212,1584.82,1404.60,553.34,9048.7,47.465
10,29,211,1585.43,1405.34,553.68,9055.2,47.417
10,30,210,1586.06,1404.74,553.53,9051.1,47.447
10,31,209,1585.50,1403.80,553.71,9054.8,47.445
10,32,208,1585.66,1403.80,554.30,9047.6,47.419
10,33,207,1586.22,1403.60,554.28,9053.1,47.442
10,34,206,1583.55,1403.98,553.83,9054.1,47.529
10,35,205,1584.45,1404.72,554.03,9053.8,47.475
10,36,204,1583.45,1403.86,553.45,9049.3,47.499
10,37,203,1585.24,1405.03,553.90,9045.5,47.324
10,38,202,1585.12,1403.81,553.51,9044.0,47.413
10,39,201,1584.84,1404.60,553.86,9055.6,47.398
10,40,200,1585.70,1404.04,554.01,9048.5,47.504
10,41,199,1585.24,1403.39,553.80,9049.2,47.474
10,42,198,1584.06,1403.97,553.92,9050.1,47.517
10,43,197,1585.62,1403.99,553.87,9051.0,47.470
10,44,196,1583.54,1403.73,553.35,9054.5,47.447
10,45,195,1584.85,1404.81,553.93,9046.0,47.446
10,46,194,1584.73,1402.43,553.59,9049.4,47.444
10,47,193,1583.81,1405.04,553.77,9050.1,47.470
10,48,192,1584.37,1404.41,553.69,9046.9,47.479
10,49,191,1586.19,1404.65,554.08,9048.2,47.370
10,50,190,1586.19,1405.85,554.26,9048.8,47.392
10,51,189,1584.15,1402.48,553.77,9055.6,47.443
10,52,188,1585.24,1405.24,553.68,9057.1,47.550
10,53,187,1584.90,1403.48,554.01,9048.8,47.392
10,54,186,1586.02,1405.09,553.85,9045.6,47.389
10,55,185,1585.09,1403.55,553.70,9053.6,47.487
10,56,184,1586.10,1403.11,553.70,9052.7,47.472
10,57,183,1586.23,1404.38,554.35,9051.9,47.503
10,58,182,1584.74,1404.01,554.07,9055.6,47.486
10,59,181,1584.93,1405.24,553.14,9045.0,47.484
10,60,180,1585.01,1404.54,553.82,9052.0,47.409
10,61,179,1585.46,1404.89,554.17,9057.0,47.462
10,62,178,1585.22,1402.63,553.64,9049.3,47.503
10,63,177,1584.51,1404.72,553.80,9049.4,47.462
10,64,176,1584.69,1403.61,553.29,9049.1,47.426
10,65,175,1584.59,1404.38,554.00,9050.8,47.500
10,66,174,1585.46,1403.73,553.66,9051.1,47.479
10,67,173,1586.12,1405.07,553.64,9049.6,47.484
10,68,172,1585.85,1404.85,553.78,9045.6,47.400
10,69,171,1585.22,1404.31,553.47,9050.2,47.482
10,70,170,1584.08,1404.99,553.69,9054.4,47.423
10,71,169,1584.18,1403.59,553.77,9048.6,47.439
10,72,168,1585.27,1403.85,553.78,9044.0,47.470
10,73,167,1584.93,1405.45,553.52,9043.7,47.481
10,74,166,1585.28,1403.09,553.34,9055.4,47.521
10,75,165,1583.01,1403.59,554.30,9048.3,47.425
10,76,164,1584.77,1402.99,553.29,9053.7,47.358
10,77,163,1585.20,1404.80,553.36,9046.8,47.511
10,78,162,1585.43,1403.44,554.16,9054.2,47.463
10,79,161,1584.28,1403.63,553.89,9049.3,47.497
10,80,160,1583.78,1402.66,553.85,9048.3,47.419
10,81,159,1583.59,1404.02,553.78,9052.3,47.453
10,82,158,1584.89,1405.06,553.41,9051.9,47.366
10,83,157,1584.33,1402.91,554.03,9049.8,47.449
10,84,156,1584.11,1403.73,553.57,9051.3,47.400
10,85,155,1586.06,1402.49,553.56,9055.9,47.428
10,86,154,1583.95,1404.20,553.66,9047.1,47.395
10,87,153,1587.21,1403.77,553.22,9055.2,47.481
10,88,152,1584.39,1403.16,554.00,9049.1,47.354
10,89,151,1586.43,1403.61,554.25,9054.5,47.400
10,90,150,1585.83,1403.41,553.24,9048.5,47.470
10,91,149,1584.63,1403.72,554.14,9050.4,47.408
10,92,148,1585.56,1404.18,553.04,9051.5,47.470
10,93,147,1585.02,1404.80,553.60,9051.2,47.372
10,94,146,1585.33,1405.76,553.50,9047.3,47.414
10,95,145,1585.10,1403.04,553.93,9053.0,47.477
10,96,144,1583.59,1404.90,554.08,9052.9,47.469
10,97,143,1585.18,1404.93,554.38,9046.7,47.504
10,98,142,1584.93,1403.88,553.34,9049.0,47.400
10,99,141,1584.63,1403.01,553.67,9048.6,47.455
10,100,140,1583.71,1402.70,553.91,9047.2,47.504
10,101,139,1585.18,1404.55,554.22,9048.9,47.421
10,102,138,1585.70,1404.46,553.74,9054.9,47.439
10,103,137,1585.03,1404.02,553.52,9050.3,47.520
10,104,136,1585.36,1404.04,553.75,9051.2,47.487
10,105,135,1585.51,1403.73,553.89,9051.7,47.399
10,106,134,1585.17,1402.10,553.94,9052.4,47.487
10,107,133,1584.75,1404.36,554.21,9055.1,47.447
10,108,132,1585.20,1405.11,553.33,9049.0,47.515
10,109,131,1585.90,1404.48,553.32,9050.0,47.418
10,110,130,1585.42,1403.46,553.46,9043.0,47.508
10,111,129,1584.87,1404.38,553.75,9046.6,47.383
10,112,128,1584.43,1403.63,553.86,9047.6,47.533
10,113,127,1586.09,1405.06,553.70,9055.8,47.434
10,114,126,1585.29,1404.54,553.94,9052.8,47.420
10,115,125,1584.94,1405.02,553.93,9049.3,47.364
10,116,124,1585.25,1405.07,554.24,9046.5,47.421
10,117,123,1585.16,1405.79,553.68,9047.7,47.469
10,118,122,1585.20,1403.54,553.41,9057.0,47.459
10,119,121,1585.67,1404.48,553.75,9052.0,47.453
10,120,120,1585.73,1405.56,553.66,9047.7,47.407
10,121,119,1584.12,1406.68,553.90,9048.3,47.422
10,122,118,1585.25,1406.32,553.20,9051.8,47.430
10,123,117,1586.49,1404.92,553.08,9050.6,47.385
10,124,116,1585.96,1406.39,553.07,9048.8,47.405
10,125,115,1585.66,1405.85,553.52,9053.2,47.400
10,126,114,1586.22,1405.97,553.34,9054.6,47.432
10,127,113,1586.95,1405.17,553.66,9051.8,47.424
10,128,112,1586.39,1405.93,553.15,9057.1,47.334
10,129,111,1585.71,1405.46,553.63,9057.8,47.333
10,130,110,1585.93,1403.72,553.50,9053.3,47.504
10,131,109,1586.52,1406.67,553.64,9051.0,47.352
10,132,108,1586.72,1404.49,553.84,9052.1,47.481
10,133,107,1586.20,1406.18,553.49,9052.7,47.398
10,134,106,1586.98,1405.21,553.05,9057.3,47.454
10,135,105,1586.81,1407.65,553.31,9057.8,47.425
10,136,104,1586.03,1407.92,553.67,9052.9,47.450
10,137,103,1586.61,1407.11,552.63,9049.9,47.461
10,138,102,1586.83,1406.67,552.92,9060.1,47.470
10,139,101,1586.96,1406.23,553.61,9060.7,47.456
10,140,100,1588.95,1405.88,553.04,9049.8,47.429
10,141,99,1587.45,1406.69,553.50,9058.4,47.329
10,142,98,1586.93,1407.69,553.10,9051.5,47.454
10,143,97,1586.48,1406.80,553.31,9052.5,47.440
10,144,96,1587.16,1408.46,553.15,9057.0,47.437
10,145,95,1587.21,1405.47,553.27,9055.1,47.425
10,146,94,1587.64,1407.06,553.74,9049.9,47.432
10,147,93,1587.46,1407.27,553.02,9052.4,47.422
10,148,92,1589.14,1408.13,553.12,9051.9,47.417
10,149,91,1589.87,1407.50,552.95,9053.6,47.364
10,150,90,1586.05,1408.34,552.79,9050.1,47.424
10,151,89,1587.50,1407.80,553.46,9051.0,47.308
10,152,88,1588.69,1409.28,552.52,9057.6,47.411
10,153,87,1586.94,1409.10,553.23,9055.3,47.443
10,154,86,1589.61,1408.62,552.80,9053.2,47.376
10,155,85,1589.28,1408.38,552.25,9061.2,47.385
10,156,84,1588.64,1409.59,553.34,9047.2,47.395
10,157,83,1587.92,1409.41,552.89,9059.4,47.346
10,158,82,1587.68,1408.70,552.95,9061.0,47.310
10,159,81,1590.12,1408.67,552.91,9055.9,47.375
10,160,80,1590.14,1408.30,552.56,9058.5,47.484
10,161,79,1588.86,1411.40,553.34,9057.7,47.347
10,162,78,1589.12,1409.65,552.29,9058.0,47.434
10,163,77,1589.31,1409.65,552.17,9059.8,47.370
10,164,76,1589.98,1409.83,552.56,9060.5,47.353
10,165,75,1590.31,1410.38,552.96,9061.4,47.361
10,166,74,1591.41,1410.73,552.98,9061.4,47.257
10,167,73,1591.37,1410.63,552.54,9060.5,47.329
10,168,72,1590.64,1410.14,552.91,9059.3,47.325
10,169,71,1589.85,1411.08,552.55,9061.3,47.290
10,170,70,1589.45,1411.57,552.91,9056.6,47.418
10,171,69,1591.10,1411.17,552.31,9055.6,47.385
10,172,68,1590.39,1410.64,552.70,9054.1,47.257
10,173,67,1591.13,1411.78,552.51,9059.9,47.457
10,174,66,1591.11,1411.48,552.09,9061.6,47.358
10,175,65,1592.39,1410.52,552.23,9063.0,47.354
10,176,64,1591.58,1412.52,552.02,9067.1,47.372
10,177,63,1590.64,1411.24,551.92,9064.3,47.255
10,178,62,1591.60,1412.80,552.18,9063.1,47.263
10,179,61,1592.49,1412.02,552.07,9063.3,47.319
10,180,60,1592.18,1412.08,552.04,9062.7,47.242
10,181,59,1591.94,1413.28,551.71,9067.0,47.371
10,182,58,1591.46,1414.34,552.02,9064.7,47.280
10,183,57,1593.35,1413.67,551.78,9059.5,47.229
10,184,56,1592.91,1414.00,552.18,9063.4,47.241
10,185,55,1592.37,1414.71,551.81,9064.6,47.242
10,186,54,1593.34,1413.46,552.23,9067.1,47.268
10,187,53,1593.13,1413.56,551.45,9061.6,47.300
10,188,52,1593.65,1414.38,551.75,9068.2,47.290
10,189,51,1594.11,1412.85,550.63,9066.2,47.213
10,190,50,1593.53,1414.37,552.25,9066.9,47.289
10,191,49,1594.53,1415.17,551.59,9069.5,47.222
10,192,48,1594.29,1413.64,551.75,9066.7,47.358
10,193,47,1592.94,1414.69,551.90,9067.5,47.280
10,194,46,1593.59,1414.90,551.99,9066.4,47.287
10,195,45,1594.43,1414.57,551.86,9068.7,47.380
10,196,44,1593.87,1416.58,551.15,9067.8,47.311
10,197,43,1593.19,1415.86,551.33,9065.1,47.278
10,198,42,1595.92,1416.13,551.52,9068.2,47.255
10,199,41,1594.32,1417.45,551.51,9069.5,47.212
10,200,40,1594.99,1416.50,550.92,9062.5,47.219
10,201,39,1595.95,1416.28,551.04,9065.9,47.222
10,202,38,1595.42,1419.03,551.62,9072.6,47.300
10,203,37,1595.08,1416.19,550.93,9074.0,47.211
10,204,36,1595.05,1417.12,551.15,9070.6,47.248
10,205,35,1595.56,1418.34,550.99,9069.4,47.266
10,206,34,1595.89,1417.43,551.32,9067.3,47.209
10,207,33,1597.03,1420.00,551.28,9072.2,47.251
10,208,32,1595.90,1418.48,551.05,9072.0,47.227
10,209,31,1597.24,1418.31,551.03,9066.9,47.202
10,210,30,1598.23,1419.10,550.97,9078.2,47.146
10,211,29,1596.42,1420.58,550.94,9071.0,47.151
10,212,28,1597.84,1419.75,550.56,9071.7,47.190
10,213,27,1597.87,1418.48,551.22,9075.7,47.185
10,214,26,1597.68,1419.59,550.57,9071.3,47.187
10,215,25,1599.33,1420.79,551.04,9074.5,47.141
10,216,24,1598.19,1421.04,550.34,9075.7,47.309
10,217,23,1599.26,1421.67,550.74,9077.2,47.153
10,218,22,1599.24,1421.21,550.71,9078.8,47.159
10,219,21,1598.64,1420.94,550.27,9075.3,47.096
10,220,20,1599.82,1421.13,550.38,9071.9,47.166
10,221,19,1599.73,1421.82,550.28,9072.2,47.207
10,222,18,1598.79,1421.61,550.48,9076.6,47.214
10,223,17,1598.55,1420.08,550.23,9082.2,47.268
10,224,16,1601.22,1421.86,549.82,9068.0,47.132
10,225,15,1599.79,1423.45,550.57,9077.4,47.115
10,226,14,1599.38,1422.74,550.47,9078.3,47.104
10,227,13,1600.87,1423.14,549.90,9074.5,47.186
10,228,12,1600.36,1424.43,550.32,9075.9,47.147
10,229,11,1600.79,1422.59,549.85,9080.4,47.186
10,230,10,1601.43,1424.85,549.92,9084.2,47.095
10,231,9,1600.34,1422.15,549.90,9076.9,47.162
10,232,8,1601.54,1422.91,549.87,9077.8,47.043
10,233,7,1600.77,1423.54,550.37,9080.1,47.161
10,234,6,1600.56,1425.55,550.28,9072.8,47.089
10,235,5,1602.36,1425.31,549.64,9079.1,47.090
10,236,4,1602.25,1426.06,549.56,9084.0,47.077
10,237,3,1601.70,1425.97,550.02,9083.9,47.046
10,238,2,1602.21,1426.23,549.71,9077.5,47.131
10,239,1,1602.22,1427.36,550.11,9083.7,47.172
10,240,0,1603.05,1426.69,550.04,9082.9,47.087
11,1,156,1584.93,1403.37,553.93,9049.5,47.458
11,2,155,1584.84,1405.27,553.52,9048.4,47.474
11,3,154,1584.21,1403.07,553.84,9053.0,47.500
11,4,153,1585.07,1403.40,553.88,9052.0,47.463
11,5,152,1585.99,1403.09,553.59,9053.8,47.376
11,6,151,1584.57,1403.34,553.33,9049.3,47.487
11,7,150,1585.13,1404.72,554.16,9048.7,47.582
11,8,149,1584.72,1403.81,553.59,9051.9,47.435
11,9,148,1584.94,1403.82,553.73,9050.6,47.427
11,10,147,1584.68,1404.97,553.71,9051.3,47.406
11,11,146,1584.64,1402.89,554.36,9054.8,47.480
11,12,145,1586.72,1404.69,553.75,9051.3,47.518
11,13,144,1584.30,1402.94,553.92,9047.9,47.337
11,14,143,1584.01,1403.72,553.81,9050.3,47.550
11,15,142,1584.83,1404.25,553.31,9049.9,47.467
11,16,141,1583.90,1403.16,553.95,9048.1,47.445
11,17,140,1585.43,1405.83,553.73,9056.2,47.352
11,18,139,1585.12,1403.70,553.64,9052.3,47.439
11,19,138,1583.38,1402.57,554.02,9044.3,47.487
11,20,137,1585.10,1403.85,553.78,9051.8,47.391
11,21,136,1585.03,1402.97,553.85,9052.3,47.458
11,22,135,1585.49,1403.37,553.78,9049.2,47.435
11,23,134,1584.36,1403.61,553.47,9044.1,47.415
11,24,133,1585.50,1404.21,553.42,9048.6,47.485
11,25,132,1584.64,1402.72,554.48,9049.4,47.392
11,26,131,1585.14,1403.92,553.34,9050.3,47.499
11,27,130,1584.81,1402.15,553.90,9052.1,47.421
11,28,129,1584.54,1406.03,553.60,9046.1,47.451
11,29,128,1585.46,1404.48,553.06,9047.7,47.508
11,30,127,1585.26,1402.89,554.17,9053.4,47.435
11,31,126,1585.70,1405.80,553.48,9051.9,47.549
11,32,125,1585.52,1403.32,553.87,9054.8,47.399
11,33,124,1584.98,1403.78,553.61,9050.8,47.445
11,34,123,1585.51,1405.03,553.42,9050.2,47.447
11,35,122,1585.16,1403.99,553.51,9055.1,47.544
11,36,121,1585.44,1404.54,553.84,9053.4,47.328
11,37,120,1585.00,1403.48,553.84,9053.8,47.451
11,38,119,1584.71,1402.74,553.77,9052.4,47.408
11,39,118,1583.40,1406.05,553.90,9049.2,47.520
11,40,117,1585.11,1405.20,554.17,9045.5,47.473
11,41,116,1586.38,1403.10,553.50,9047.1,47.495
11,42,115,1585.23,1402.26,553.90,9049.1,47.444
11,43,114,1584.33,1404.31,554.12,9047.8,47.366
11,44,113,1584.76,1404.68,553.67,9044.8,47.488
11,45,112,1586.13,1404.02,553.32,9048.9,47.458
11,46,111,1584.35,1404.53,553.53,9050.1,47.439
11,47,110,1585.49,1403.99,553.74,9047.2,47.452
11,48,109,1584.79,1403.22,553.85,9051.3,47.433
11,49,108,1585.75,1404.24,553.41,9054.7,47.488
11,50,107,1585.80,1404.36,553.10,9053.8,47.453
11,51,106,1585.28,1404.49,554.38,9048.1,47.424
11,52,105,1584.32,1403.04,553.48,9043.5,47.471
11,53,104,1586.59,1405.85,553.54,9049.0,47.512
11,54,103,1585.35,1404.12,553.72,9054.1,47.396
11,55,102,1585.38,1404.31,553.81,9052.8,47.452
11,56,101,1584.57,1404.08,553.32,9052.1,47.493
11,57,100,1584.47,1403.19,553.61,9049.8,47.461
11,58,99,1586.29,1405.34,554.05,9050.4,47.404
11,59,98,1586.34,1403.78,553.88,9052.2,47.453
11,60,97,1585.92,1404.41,554.10,9051.6,47.448
11,61,96,1585.06,1403.94,553.41,9046.5,47.487
11,62,95,1583.99,1403.64,553.48,9048.4,47.442
11,63,94,1584.68,1402.71,553.74,9046.6,47.418
11,64,93,1585.59,1404.86,553.41,9055.5,47.424
11,65,92,1584.52,1403.20,553.82,9056.9,47.373
11,66,91,1583.35,1404.24,553.97,9050.2,47.480
11,67,90,1584.09,1403.15,553.84,9056.2,47.478
11,68,89,1585.49,1403.03,553.93,9045.9,47.538
11,69,88,1584.19,1403.28,553.36,9050.3,47.452
11,70,87,1586.21,1404.70,553.56,9053.1,47.388
11,71,86,1584.43,1404.11,553.46,9053.7,47.564
11,72,85,1584.76,1403.41,553.76,9048.0,47.463
11,73,84,1583.94,1404.29,554.37,9043.0,47.392
11,74,83,1584.64,1404.49,554.07,9052.8,47.365
11,75,82,1584.46,1403.19,553.78,9050.1,47.382
11,76,81,1584.65,1404.52,553.61,9049.3,47.535
11,77,80,1586.59,1402.05,553.83,9060.2,47.474
11,78,79,1585.01,1405.18,553.87,9052.5,47.439
11,79,78,1585.16,1404.38,554.06,9048.5,47.427
11,80,77,1583.46,1403.65,554.09,9051.6,47.400
11,81,76,1583.48,1403.87,554.08,9048.3,47.378
11,82,75,1584.53,1404.29,554.17,9049.1,47.503
11,83,74,1585.76,1402.94,554.18,9051.0,47.390
11,84,73,1586.41,1403.89,553.22,9047.5,47.402
11,85,72,1584.45,1403.60,553.72,9049.0,47.445
11,86,71,1585.47,1403.33,554.15,9045.7,47.481
11,87,70,1586.33,1403.86,553.85,9046.6,47.424
11,88,69,1586.31,1404.75,553.91,9043.3,47.413
11,89,68,1586.51,1404.51,553.93,9050.8,47.417
11,90,67,1585.45,1402.84,553.28,9047.7,47.456
11,91,66,1584.00,1404.43,553.44,9047.4,47.510
11,92,65,1585.38,1403.61,553.78,9045.5,47.462
11,93,64,1586.33,1405.14,554.34,9044.0,47.448
11,94,63,1584.47,1404.51,553.67,9059.0,47.436
11,95,62,1585.60,1405.71,553.63,9057.6,47.471
11,96,61,1586.44,1403.28,554.21,9049.1,47.434
11,97,60,1585.39,1404.19,553.23,9052.0,47.334
11,98,59,1585.85,1406.23,553.75,9053.4,47.385
11,99,58,1584.92,1406.39,553.39,9051.8,47.417
11,100,57,1586.88,1407.30,553.93,9044.2,47.409
11,101,56,1585.42,1406.67,553.45,9054.8,47.401
11,102,55,1585.83,1405.25,552.95,9048.5,47.344
11,103,54,1586.00,1405.25,553.49,9054.5,47.434
11,104,53,1587.94,1406.38,553.10,9061.3,47.456
11,105,52,1587.31,1406.74,553.38,9053.2,47.414
11,106,51,1587.77,1406.24,552.76,9047.0,47.448
11,107,50,1586.30,1407.55,552.86,9050.6,47.364
11,108,49,1587.92,1406.22,552.97,9054.8,47.336
11,109,48,1589.11,1406.07,553.04,9059.7,47.326
11,110,47,1588.09,1408.00,552.82,9055.4,47.416
11,111,46,1588.01,1408.83,553.13,9054.0,47.440
11,112,45,1588.01,1409.18,552.74,9055.3,47.372
11,113,44,1589.10,1406.51,553.04,9056.5,47.390
11,114,43,1589.46,1409.32,552.25,9053.5,47.388
11,115,42,1589.46,1408.54,553.02,9056.7,47.411
11,116,41,1590.50,1409.79,552.91,9055.9,47.406
11,117,40,1589.95,1409.58,552.32,9056.8,47.302
11,118,39,1590.64,1411.25,552.90,9067.6,47.329
11,119,38,1590.76,1409.39,552.51,9054.2,47.376
11,120,37,1590.26,1408.92,552.30,9066.1,47.363
11,121,36,1591.42,1411.21,552.39,9060.4,47.349
11,122,35,1590.19,1412.11,552.72,9060.1,47.306
11,123,34,1590.75,1413.34,552.18,9063.6,47.317
11,124,33,1591.43,1411.40,551.96,9064.4,47.272
11,125,32,1592.27,1412.52,552.42,9060.1,47.370
11,126,31,1592.07,1415.12,551.64,9071.3,47.304
11,127,30,1592.65,1412.59,551.58,9061.4,47.286
11,128,29,1592.92,1414.51,552.04,9064.5,47.318
11,129,28,1591.66,1412.37,551.47,9063.0,47.200
11,130,27,1592.82,1413.00,551.99,9066.4,47.272
11,131,26,1592.16,1414.39,551.87,9068.3,47.369
11,132,25,1594.88,1415.13,551.62,9063.4,47.343
11,133,24,1594.44,1415.94,551.45,9062.2,47.249
11,134,23,1594.38,1415.93,551.33,9067.2,47.322
11,135,22,1593.61,1414.25,551.85,9062.6,47.238
11,136,21,1595.76,1416.50,551.38,9068.5,47.376
11,137,20,1597.03,1416.33,551.64,9070.6,47.243
11,138,19,1595.21,1417.77,551.16,9068.1,47.199
11,139,18,1597.07,1417.09,550.94,9072.8,47.224
11,140,17,1596.52,1419.13,551.48,9063.2,47.218
11,141,16,1595.83,1418.27,551.01,9070.0,47.166
11,142,15,1596.45,1419.70,551.39,9064.7,47.194
11,143,14,1598.25,1419.45,550.51,9070.8,47.219
11,144,13,1597.78,1419.88,550.76,9071.3,47.238
11,145,12,1598.00,1419.45,551.35,9073.5,47.060
11,146,11,1599.75,1421.93,550.73,9076.7,47.291
11,147,10,1598.35,1421.38,551.10,9082.7,47.157
11,148,9,1601.10,1422.43,550.87,9078.5,47.184
11,149,8,1601.63,1421.69,550.90,9083.6,47.229
11,150,7,1600.19,1422.85,549.86,9075.5,47.185
11,151,6,1599.49,1422.83,550.74,9077.2,47.198
11,152,5,1601.47,1423.30,550.02,9079.1,47.036
11,153,4,1602.16,1423.94,550.27,9080.5,47.123
11,154,3,1601.96,1424.71,550.32,9080.1,47.138
11,155,2,1601.19,1424.97,550.22,9082.1,47.062
11,156,1,1601.82,1424.84,549.99,9084.3,46.935
11,157,0,1602.93,1426.13,549.31,9080.6,47.167
12,1,209,1584.60,1403.50,553.62,9055.0,47.464
12,2,208,1584.55,1403.77,554.29,9049.2,47.416
12,3,207,1584.45,1403.51,553.62,9045.5,47.394
12,4,206,1584.34,1404.53,553.69,9049.3,47.514
12,5,205,1586.04,1403.75,553.61,9047.0,47.485
12,6,204,1584.84,1403.65,553.56,9047.3,47.466
12,7,203,1583.95,1404.90,553.64,9049.5,47.383
12,8,202,1584.99,1403.70,553.78,9055.2,47.459
12,9,201,1584.36,1403.36,553.98,9054.5,47.464
12,10,200,1585.55,1404.55,554.23,9043.2,47.483
12,11,199,1585.79,1402.80,553.53,9047.0,47.414
12,12,198,1584.61,1404.22,554.06,9053.8,47.408
12,13,197,1584.32,1405.18,553.99,9050.3,47.474
12,14,196,1584.98,1404.47,553.70,9050.9,47.374
12,15,195,1584.45,1403.39,553.69,9046.8,47.423
12,16,194,1583.79,1404.49,553.78,9044.0,47.408
12,17,193,1585.27,1403.51,553.59,9049.7,47.467
12,18,192,1583.85,1404.50,553.56,9049.9,47.448
12,19,191,1584.58,1403.08,553.71,9055.7,47.382
12,20,190,1586.35,1403.77,553.81,9046.2,47.411
12,21,189,1584.60,1403.06,553.74,9048.6,47.543
12,22,188,1584.07,1404.09,553.87,9046.3,47.484
12,23,187,1584.68,1401.76,554.00,9046.1,47.398
12,24,186,1585.55,1403.69,554.08,9054.2,47.418
12,25,185,1585.63,1403.32,554.47,9047.6,47.501
12,26,184,1585.68,1404.28,553.60,9049.5,47.342
12,27,183,1585.18,1404.31,553.84,9039.6,47.387
12,28,182,1584.40,1404.26,553.89,9049.4,47.482
12,29,181,1584.18,1404.55,553.94,9051.3,47.441
12,30,180,1586.46,1404.44,553.51,9050.9,47.488
12,31,179,1584.53,1404.98,553.91,9041.8,47.465
12,32,178,1584.68,1404.48,554.08,9050.7,47.533
12,33,177,1584.86,1404.56,554.04,9049.7,47.489
12,34,176,1584.52,1403.62,553.41,9050.8,47.466
12,35,175,1585.94,1404.71,553.71,9045.9,47.472
12,36,174,1585.89,1404.68,554.13,9049.3,47.427
12,37,173,1584.41,1403.95,553.78,9050.7,47.444
12,38,172,1584.89,1403.30,554.08,9050.3,47.441
12,39,171,1584.40,1402.80,554.19,9051.9,47.369
12,40,170,1585.61,1404.83,553.84,9055.6,47.461
12,41,169,1583.87,1404.33,553.87,9047.9,47.479
12,42,168,1583.67,1404.89,553.54,9046.6,47.444
12,43,167,1585.35,1404.15,553.58,9048.2,47.393
12,44,166,1584.82,1404.97,553.80,9053.0,47.523
12,45,165,1584.53,1403.83,554.45,9055.1,47.366
12,46,164,1585.31,1404.00,554.05,9047.4,47.408
12,47,163,1584.46,1403.49,554.04,9045.9,47.419
12,48,162,1583.57,1404.91,554.18,9048.9,47.435
12,49,161,1585.36,1405.33,553.92,9047.6,47.369
12,50,160,1584.11,1404.07,553.60,9050.7,47.422
12,51,159,1584.15,1402.94,554.27,9053.1,47.537
12,52,158,1585.43,1403.61,554.20,9049.9,47.461
12,53,157,1584.97,1401.35,554.28,9051.7,47.466
12,54,156,1584.95,1404.15,553.62,9052.2,47.385
12,55,155,1585.15,1404.51,553.74,9051.3,47.400
12,56,154,1584.23,1404.21,554.00,9043.4,47.476
12,57,153,1584.57,1403.83,553.40,9047.0,47.498
12,58,152,1585.03,1403.66,553.77,9051.7,47.472
12,59,151,1584.94,1404.98,554.09,9051.4,47.453
12,60,150,1585.53,1404.28,554.12,9053.1,47.399
12,61,149,1584.13,1403.37,554.09,9044.5,47.470
12,62,148,1585.29,1405.05,553.85,9045.3,47.402
12,63,147,1584.05,1403.52,553.75,9045.9,47.524
12,64,146,1583.94,1405.21,554.16,9053.1,47.415
12,65,145,1585.27,1402.85,554.07,9049.7,47.430
12,66,144,1584.02,1401.77,553.49,9053.9,47.430
12,67,143,1584.86,1404.59,554.34,9054.6,47.401
12,68,142,1583.45,1406.12,554.48,9050.7,47.386
12,69,141,1585.77,1403.90,553.77,9053.1,47.467
12,70,140,1584.05,1403.71,554.00,9051.8,47.463
12,71,139,1585.75,1403.67,553.85,9038.2,47.428
12,72,138,1585.61,1403.65,553.66,9046.4,47.500
12,73,137,1585.44,1404.74,553.28,9049.4,47.436
12,74,136,1584.78,1403.45,553.70,9053.0,47.354
12,75,135,1586.42,1404.44,553.79,9053.2,47.377
12,76,134,1584.47,1403.89,554.21,9049.8,47.473
12,77,133,1584.53,1404.44,554.30,9053.5,47.446
12,78,132,1585.54,1404.52,553.95,9053.9,47.505
12,79,131,1584.90,1404.58,553.69,9046.8,47.437
12,80,130,1584.94,1402.50,554.06,9040.3,47.586
12,81,129,1586.20,1403.77,553.80,9051.1,47.421
12,82,128,1585.15,1403.87,553.77,9050.6,47.384
12,83,127,1585.03,1404.15,553.84,9049.2,47.507
12,84,126,1584.72,1404.20,554.19,9049.7,47.461
12,85,125,1584.92,1405.11,553.72,9054.5,47.445
12,86,124,1584.31,1404.61,553.71,9052.2,47.314
12,87,123,1585.00,1403.59,553.48,9048.1,47.421
12,88,122,1584.96,1402.77,553.89,9054.8,47.464
12,89,121,1585.65,1404.99,554.17,9056.5,47.425
12,90,120,1584.43,1404.72,554.01,9052.7,47.544
12,91,119,1585.03,1404.41,553.50,9057.5,47.433
12,92,118,1584.80,1403.75,553.60,9047.5,47.423
12,93,117,1583.98,1403.39,554.37,9052.7,47.495
12,94,116,1586.05,1405.79,553.24,9045.9,47.408
12,95,115,1584.77,1403.91,553.63,9051.0,47.449
12,96,114,1584.61,1402.27,553.46,9048.4,47.434
12,97,113,1584.33,1403.84,553.41,9050.0,47.392
12,98,112,1584.60,1403.17,553.69,9047.5,47.490
12,99,111,1585.66,1404.34,553.48,9051.9,47.478
12,100,110,1585.50,1405.92,553.85,9053.9,47.449
12,101,109,1585.99,1403.83,553.56,9052.0,47.458
12,102,108,1585.91,1405.61,553.25,9047.5,47.452
12,103,107,1584.99,1407.74,553.82,9050.7,47.413
12,104,106,1585.25,1404.81,553.68,9049.5,47.424
12,105,105,1586.78,1406.11,553.71,9046.6,47.463
12,106,104,1587.02,1406.18,553.84,9056.4,47.438
12,107,103,1586.36,1404.43,553.69,9056.2,47.404
12,108,102,1585.24,1405.23,553.51,9053.9,47.409
12,109,101,1587.39,1404.07,553.94,9049.1,47.341
12,110,100,1586.28,1405.11,553.21,9046.1,47.428
12,111,99,1586.96,1405.96,553.54,9053.8,47.426
12,112,98,1585.12,1404.27,553.44,9051.7,47.468
12,113,97,1586.96,1406.20,553.40,9047.6,47.444
12,114,96,1586.86,1403.62,553.21,9050.1,47.428
12,115,95,1585.89,1405.84,553.38,9052.2,47.384
12,116,94,1586.12,1405.02,553.53,9054.9,47.380
12,117,93,1587.95,1405.83,553.86,9050.8,47.315
12,118,92,1587.15,1406.46,553.38,9051.0,47.413
12,119,91,1586.52,1406.09,553.60,9054.1,47.443
12,120,90,1586.85,1406.18,552.98,9052.3,47.244
12,121,89,1586.67,1406.55,553.47,9052.9,47.426
12,122,88,1585.51,1406.70,552.77,9049.8,47.397
12,123,87,1588.38,1407.22,553.25,9054.1,47.368
12,124,86,1587.04,1407.41,552.81,9056.5,47.382
12,125,85,1588.25,1408.03,552.69,9052.6,47.357
12,126,84,1586.25,1406.38,553.90,9056.9,47.493
12,127,83,1588.48,1406.78,553.03,9057.1,47.417
12,128,82,1587.48,1406.24,554.10,9054.7,47.377
12,129,81,1588.15,1407.52,553.12,9059.9,47.384
12,130,80,1587.26,1407.75,552.92,9060.6,47.447
12,131,79,1588.40,1406.90,552.66,9055.9,47.402
12,132,78,1588.14,1407.77,552.82,9056.0,47.264
12,133,77,1587.69,1407.80,553.33,9053.5,47.390
12,134,76,1588.88,1409.69,553.32,9056.4,47.354
12,135,75,1588.30,1408.46,552.78,9058.7,47.397
12,136,74,1589.44,1409.98,553.43,9057.5,47.428
12,137,73,1588.82,1410.08,553.16,9060.8,47.375
12,138,72,1588.70,1407.92,552.80,9062.9,47.352
12,139,71,1590.01,1410.11,552.69,9062.4,47.219
12,140,70,1588.54,1408.70,552.50,9059.2,47.377
12,141,69,1589.98,1410.23,552.43,9054.0,47.379
12,142,68,1589.30,1408.46,552.97,9063.4,47.434
12,143,67,1590.10,1410.61,553.06,9056.6,47.409
12,144,66,1590.32,1411.05,552.67,9063.6,47.362
12,145,65,1589.06,1411.72,552.29,9063.7,47.343
12,146,64,1591.34,1411.62,552.67,9061.4,47.366
12,147,63,1588.94,1410.89,552.17,9060.5,47.285
12,148,62,1589.76,1412.42,552.79,9060.1,47.348
12,149,61,1590.66,1411.67,552.23,9063.9,47.323
12,150,60,1590.68,1411.37,552.22,9061.8,47.306
12,151,59,1591.55,1412.64,552.14,9060.5,47.353
12,152,58,1590.99,1412.16,552.49,9065.1,47.297
12,153,57,1590.74,1411.66,551.99,9063.5,47.266
12,154,56,1593.53,1413.31,552.25,9064.9,47.239
12,155,55,1593.84,1411.81,552.17,9055.6,47.342
12,156,54,1591.11,1412.64,552.01,9058.7,47.274
12,157,53,1592.34,1411.60,551.91,9065.0,47.441
12,158,52,1592.71,1412.13,551.98,9063.1,47.290
12,159,51,1593.22,1413.36,552.32,9062.2,47.370
12,160,50,1592.54,1412.50,552.66,9057.2,47.264
12,161,49,1592.34,1415.84,552.51,9069.2,47.281
12,162,48,1594.96,1414.13,552.22,9064.9,47.292
12,163,47,1592.99,1413.83,552.07,9065.9,47.289
12,164,46,1594.58,1411.56,552.00,9067.4,47.345
12,165,45,1593.50,1414.64,552.10,9070.4,47.269
12,166,44,1593.95,1416.19,551.12,9063.1,47.353
12,167,43,1594.79,1415.37,551.59,9062.8,47.247
12,168,42,1595.34,1414.56,551.71,9063.5,47.315
12,169,41,1593.85,1415.26,551.13,9060.9,47.270
12,170,40,1593.41,1417.47,550.97,9064.0,47.267
12,171,39,1594.37,1414.81,551.26,9063.7,47.248
12,172,38,1596.41,1416.11,551.86,9069.3,47.314
12,173,37,1592.80,1416.00,551.85,9065.8,47.343
12,174,36,1596.42,1416.08,551.26,9064.6,47.220
12,175,35,1594.44,1417.13,550.93,9070.6,47.279
12,176,34,1594.29,1418.37,551.48,9071.5,47.206
12,177,33,1596.31,1418.23,551.25,9076.2,47.242
12,178,32,1596.92,1417.72,551.41,9063.7,47.254
12,179,31,1595.62,1416.94,551.71,9069.2,47.182
12,180,30,1596.12,1416.78,551.57,9067.8,47.255
12,181,29,1597.70,1417.74,551.25,9067.0,47.347
12,182,28,1597.56,1418.27,550.81,9070.6,47.203
12,183,27,1598.58,1417.59,551.04,9071.3,47.210
12,184,26,1597.14,1418.83,551.21,9073.9,47.233
12,185,25,1595.00,1419.46,550.40,9074.4,47.282
12,186,24,1596.90,1419.21,550.67,9076.8,47.209
12,187,23,1599.23,1420.07,550.88,9073.1,47.241
12,188,22,1596.67,1420.03,550.73,9075.8,47.187
12,189,21,1597.44,1420.22,550.38,9066.8,47.228
12,190,20,1598.94,1420.90,551.05,9071.6,47.116
12,191,19,1598.64,1420.43,550.35,9074.1,47.153
12,192,18,1597.44,1420.61,550.21,9075.5,47.147
12,193,17,1600.02,1422.71,550.71,9069.7,47.251
12,194,16,1600.61,1421.55,550.85,9073.6,47.078
12,195,15,1598.96,1423.36,549.95,9075.9,47.169
12,196,14,1599.37,1421.67,550.37,9074.3,47.091
12,197,13,1600.18,1423.31,550.56,9073.8,47.096
12,198,12,1600.00,1424.03,550.44,9079.5,47.198
12,199,11,1600.79,1423.00,550.39,9075.6,47.079
12,200,10,1601.26,1424.28,549.81,9080.8,47.229
12,201,9,1600.90,1422.70,550.13,9076.4,47.110
12,202,8,1601.48,1422.28,549.60,9078.8,47.135
12,203,7,1601.64,1425.69,550.01,9081.2,47.083
12,204,6,1602.21,1423.81,549.95,9079.1,47.179
12,205,5,1600.78,1422.51,549.81,9081.6,47.130
12,206,4,1603.04,1425.24,549.65,9072.2,47.106
12,207,3,1603.11,1424.78,549.77,9082.2,47.063
12,208,2,1603.02,1426.89,549.66,9077.2,47.106
12,209,1,1600.98,1426.01,549.79,9087.4,47.095
12,210,0,1603.33,1425.22,549.49,9076.7,47.090
13,1,191,1584.20,1404.30,553.97,9045.3,47.420
13,2,190,1585.02,1403.46,553.73,9055.7,47.399
13,3,189,1583.15,1403.46,553.70,9048.3,47.463
13,4,188,1584.18,1402.94,553.60,9047.7,47.556
13,5,187,1586.24,1402.50,553.22,9049.7,47.546
13,6,186,1585.53,1403.97,553.66,9053.8,47.459
13,7,185,1586.39,1402.48,553.93,9048.0,47.471
13,8,184,1585.20,1404.46,554.09,9054.9,47.548
13,9,183,1585.01,1403.51,553.43,9051.5,47.492
13,10,182,1583.92,1405.03,553.77,9045.6,47.408
13,11,181,1584.25,1403.17,553.97,9053.0,47.535
13,12,180,1584.44,1404.31,553.61,9050.1,47.376
13,13,179,1584.10,1404.72,553.35,9052.2,47.416
13,14,178,1583.46,1401.72,554.24,9043.3,47.447
13,15,177,1585.28,1402.82,553.63,9051.7,47.465
13,16,176,1584.63,1404.21,553.77,9046.6,47.510
13,17,175,1585.17,1402.34,553.96,9047.8,47.436
13,18,174,1585.01,1403.29,554.34,9044.8,47.453
13,19,173,1585.31,1404.04,553.74,9048.7,47.410
13,20,172,1584.34,1405.04,553.67,9057.5,47.483
13,21,171,1582.87,1404.79,553.78,9045.1,47.515
13,22,170,1584.65,1403.53,553.91,9054.0,47.456
13,23,169,1585.03,1403.37,554.14,9050.4,47.439
13,24,168,1584.72,1404.92,553.72,9053.6,47.426
13,25,167,1585.58,1404.19,553.51,9049.7,47.340
13,26,166,1584.40,1402.58,554.40,9044.5,47.579
13,27,165,1585.41,1403.53,554.04,9047.7,47.380
13,28,164,1585.06,1404.63,554.18,9051.7,47.424
13,29,163,1586.11,1405.05,553.88,9054.2,47.559
13,30,162,1584.57,1403.19,553.63,9045.3,47.480
13,31,161,1583.71,1405.14,553.60,9054.8,47.322
13,32,160,1584.69,1402.84,554.21,9055.9,47.333
13,33,159,1585.69,1404.96,553.90,9052.1,47.476
13,34,158,1585.70,1403.02,554.16,9050.7,47.457
13,35,157,1585.45,1402.86,553.33,9049.6,47.527
13,36,156,1584.05,1404.16,553.58,9047.0,47.475
13,37,155,1585.61,1403.29,554.22,9051.5,47.438
13,38,154,1585.28,1405.83,554.03,9047.6,47.449
13,39,153,1585.11,1404.60,553.87,9056.6,47.439
13,40,152,1583.62,1404.19,553.67,9044.7,47.415
13,41,151,1584.71,1405.03,553.36,9051.2,47.561
13,42,150,1584.86,1403.82,554.02,9051.8,47.521
13,43,149,1584.87,1404.63,554.02,9048.8,47.444
13,44,148,1584.99,1402.89,553.68,9055.2,47.502
13,45,147,1584.54,1403.99,554.09,9051.6,47.490
13,46,146,1585.43,1404.19,553.75,9045.8,47.485
13,47,145,1584.82,1402.52,553.64,9053.0,47.354
13,48,144,1584.18,1404.12,554.22,9053.5,47.525
13,49,143,1585.17,1403.81,554.05,9046.9,47.401
13,50,142,1584.08,1404.98,553.55,9053.5,47.457
13,51,141,1585.88,1403.01,553.61,9051.6,47.428
13,52,140,1583.01,1402.76,553.47,9046.4,47.484
13,53,139,1585.27,1404.15,554.40,9054.1,47.490
13,54,138,1583.80,1404.05,553.89,9048.5,47.535
13,55,137,1585.04,1402.89,553.50,9058.0,47.429
13,56,136,1583.34,1403.46,553.25,9053.2,47.352
13,57,135,1583.88,1404.00,554.13,9049.8,47.387
13,58,134,1585.15,1403.58,554.14,9053.0,47.423
13,59,133,1585.62,1404.24,554.21,9052.6,47.477
13,60,132,1586.06,1404.01,553.57,9050.7,47.432
13,61,131,1585.48,1404.06,553.92,9045.8,47.475
13,62,130,1583.97,1404.87,554.09,9051.2,47.466
13,63,129,1584.82,1403.46,553.80,9056.9,47.461
13,64,128,1583.92,1402.46,553.37,9048.7,47.513
13,65,127,1584.18,1405.28,553.85,9051.7,47.473
13,66,126,1585.47,1403.63,553.10,9047.9,47.406
13,67,125,1585.25,1404.20,553.72,9056.1,47.418
13,68,124,1583.22,1404.11,554.16,9051.0,47.432
13,69,123,1585.19,1405.66,553.54,9050.1,47.483
13,70,122,1585.20,1403.78,553.67,9049.0,47.477
13,71,121,1585.38,1405.89,553.34,9056.2,47.440
13,72,120,1584.93,1404.77,554.06,9054.0,47.519
13,73,119,1584.97,1405.25,553.61,9048.9,47.441
13,74,118,1584.58,1404.05,554.07,9052.3,47.419
13,75,117,1584.44,1403.23,553.83,9044.5,47.405
13,76,116,1584.63,1404.95,553.76,9053.5,47.459
13,77,115,1584.62,1403.61,553.45,9058.4,47.506
13,78,114,1585.48,1402.83,553.66,9046.6,47.456
13,79,113,1584.26,1403.40,553.53,9049.2,47.454
13,80,112,1584.83,1405.38,554.04,9047.3,47.466
13,81,111,1584.45,1403.66,553.94,9052.3,47.420
13,82,110,1584.14,1404.11,553.92,9047.8,47.490
13,83,109,1585.57,1403.48,554.13,9054.2,47.552
13,84,108,1586.46,1403.29,554.06,9053.2,47.431
13,85,107,1585.49,1402.46,553.20,9044.2,47.467
13,86,106,1585.52,1403.96,554.28,9053.8,47.367
13,87,105,1585.08,1403.41,553.87,9050.3,47.402
13,88,104,1586.62,1404.37,553.61,9049.6,47.526
13,89,103,1586.05,1404.24,553.43,9047.6,47.420
13,90,102,1585.78,1405.14,553.49,9053.5,47.397
13,91,101,1584.95,1403.23,553.25,9047.6,47.440
13,92,100,1584.71,1405.97,553.40,9051.5,47.506
13,93,99,1585.65,1404.37,553.71,9049.1,47.389
13,94,98,1586.14,1404.26,553.93,9053.9,47.446
13,95,97,1586.50,1404.39,553.87,9054.0,47.421
13,96,96,1585.46,1405.27,554.20,9050.6,47.412
13,97,95,1586.82,1405.14,553.85,9056.7,47.338
13,98,94,1585.94,1404.97,553.29,9045.0,47.352
13,99,93,1586.14,1404.81,553.31,9052.2,47.395
13,100,92,1587.18,1404.84,553.98,9051.9,47.395
13,101,91,1585.66,1406.87,553.72,9049.5,47.432
13,102,90,1584.44,1404.43,553.26,9049.7,47.485
13,103,89,1584.90,1404.46,553.60,9053.3,47.405
13,104,88,1588.17,1406.43,553.81,9052.5,47.393
13,105,87,1586.21,1406.83,553.65,9052.1,47.442
13,106,86,1587.51,1405.62,553.29,9054.7,47.327
13,107,85,1587.22,1405.25,553.65,9060.8,47.379
13,108,84,1585.88,1406.23,553.26,9055.8,47.424
13,109,83,1586.83,1406.61,552.98,9056.6,47.491
13,110,82,1586.23,1405.25,553.17,9049.6,47.344
13,111,81,1586.18,1406.64,553.14,9055.4,47.377
13,112,80,1586.45,1406.95,552.92,9056.1,47.320
13,113,79,1585.82,1405.67,553.08,9053.5,47.407
13,114,78,1587.22,1406.50,553.61,9058.8,47.447
13,115,77,1588.05,1407.77,552.91,9055.5,47.349
13,116,76,1587.09,1406.12,553.24,9055.8,47.378
13,117,75,1587.71,1406.09,553.16,9054.3,47.435
13,118,74,1588.31,1408.54,553.05,9056.3,47.434
13,119,73,1588.17,1408.49,552.89,9055.5,47.465
13,120,72,1588.98,1407.75,553.12,9051.7,47.372
13,121,71,1587.84,1408.81,552.90,9057.4,47.419
13,122,70,1588.38,1408.20,552.91,9053.7,47.377
13,123,69,1588.92,1408.96,553.02,9051.3,47.310
13,124,68,1588.10,1409.02,552.77,9049.2,47.469
13,125,67,1587.59,1409.14,552.99,9054.9,47.401
13,126,66,1588.53,1409.45,552.13,9061.8,47.366
13,127,65,1588.21,1410.05,553.24,9054.7,47.352
13,128,64,1589.23,1408.98,552.45,9056.0,47.330
13,129,63,1589.51,1409.48,552.91,9060.9,47.280
13,130,62,1589.48,1411.18,552.73,9060.0,47.366
13,131,61,1589.90,1410.21,552.49,9062.1,47.331
13,132,60,1590.18,1411.11,552.47,9059.1,47.330
13,133,59,1590.37,1410.35,552.37,9057.2,47.336
13,134,58,1591.42,1411.41,552.02,9058.5,47.309
13,135,57,1589.52,1411.30,552.43,9067.3,47.321
13,136,56,1590.32,1410.47,552.28,9062.6,47.370
13,137,55,1593.45,1410.38,552.40,9058.5,47.349
13,138,54,1592.39,1412.45,551.97,9063.6,47.222
13,139,53,1589.55,1411.67,552.48,9062.7,47.420
13,140,52,1591.72,1412.01,552.60,9060.5,47.341
13,141,51,1592.17,1411.45,552.33,9069.8,47.374
13,142,50,1591.32,1414.65,552.38,9063.9,47.309
13,143,49,1592.72,1412.86,552.13,9062.3,47.359
13,144,48,1593.04,1412.85,551.63,9063.2,47.271
13,145,47,1592.16,1413.10,551.72,9057.8,47.318
13,146,46,1592.74,1413.43,552.15,9061.4,47.316
13,147,45,1593.98,1413.44,552.52,9064.2,47.254
13,148,44,1593.78,1413.80,552.23,9065.8,47.276
13,149,43,1594.51,1413.69,551.22,9067.8,47.306
13,150,42,1594.51,1413.58,551.75,9063.8,47.332
13,151,41,1594.20,1414.80,551.84,9061.4,47.320
13,152,40,1594.51,1416.91,551.87,9068.0,47.301
13,153,39,1593.52,1416.22,551.67,9065.5,47.267
13,154,38,1594.22,1414.90,551.70,9066.2,47.261
13,155,37,1594.87,1415.65,551.42,9064.2,47.271
13,156,36,1594.08,1415.09,551.30,9068.1,47.321
13,157,35,1595.16,1416.88,551.47,9068.1,47.340
13,158,34,1595.75,1417.18,551.37,9067.9,47.274
13,159,33,1594.81,1414.46,551.52,9071.7,47.253
13,160,32,1595.03,1416.54,550.74,9067.5,47.190
13,161,31,1595.16,1416.05,550.91,9065.5,47.273
13,162,30,1595.52,1416.36,551.48,9069.9,47.119
13,163,29,1596.94,1417.69,551.43,9069.0,47.314
13,164,28,1596.05,1415.51,550.88,9072.0,47.237
13,165,27,1596.48,1417.26,551.10,9070.5,47.224
13,166,26,1597.23,1418.58,550.97,9067.5,47.289
13,167,25,1598.60,1420.26,551.21,9065.5,47.126
13,168,24,1596.80,1418.91,550.92,9072.4,47.142
13,169,23,1598.75,1420.58,550.50,9065.6,47.203
13,170,22,1598.70,1419.48,550.92,9071.0,47.211
13,171,21,1598.67,1420.15,550.96,9067.1,47.306
13,172,20,1596.82,1420.20,550.69,9073.0,47.238
13,173,19,1597.80,1419.95,550.34,9077.7,47.203
13,174,18,1599.11,1421.35,551.22,9080.5,47.202
13,175,17,1598.96,1420.43,550.80,9077.1,47.145
13,176,16,1599.64,1422.10,550.18,9075.7,47.173
13,177,15,1599.30,1420.62,549.92,9072.8,47.127
13,178,14,1599.82,1422.10,550.50,9071.0,47.111
13,179,13,1599.28,1422.08,550.25,9077.4,47.211
13,180,12,1599.22,1421.49,550.34,9076.4,47.195
13,181,11,1600.26,1424.21,549.76,9080.1,47.163
13,182,10,1599.38,1421.08,549.85,9081.8,47.203
13,183,9,1600.64,1422.91,549.87,9077.3,47.120
13,184,8,1602.36,1422.43,550.19,9084.6,47.178
13,185,7,1600.33,1422.45,550.09,9079.4,47.196
13,186,6,1601.92,1423.71,549.79,9074.7,47.136
13,187,5,1600.61,1425.27,550.07,9081.7,47.059
13,188,4,1601.86,1424.41,549.87,9082.0,47.094
13,189,3,1601.85,1425.68,549.44,9078.0,47.115
13,190,2,1603.21,1424.50,550.26,9076.4,47.187
13,191,1,1603.70,1424.40,549.17,9084.1,47.086
13,192,0,1602.19,1427.63,549.24,9079.5,47.070
14,1,129,1585.07,1404.48,553.36,9049.3,47.465
14,2,128,1585.26,1404.14,553.95,9046.0,47.460
14,3,127,1585.09,1404.21,553.82,9045.5,47.384
14,4,126,1583.23,1404.74,554.05,9053.0,47.465
14,5,125,1583.29,1403.08,553.85,9050.5,47.439
14,6,124,1585.30,1404.01,553.84,9047.8,47.499
14,7,123,1584.66,1402.80,553.57,9048.8,47.500
14,8,122,1584.97,1403.83,553.43,9052.7,47.417
14,9,121,1584.92,1405.33,553.95,9044.3,47.362
14,10,120,1584.95,1402.91,553.99,9050.1,47.458
14,11,119,1584.43,1405.57,554.65,9049.0,47.468
14,12,118,1585.08,1403.77,553.55,9046.2,47.393
14,13,117,1585.32,1403.53,553.03,9051.6,47.448
14,14,116,1586.08,1404.34,553.36,9042.2,47.414
14,15,115,1584.50,1404.85,553.80,9054.0,47.384
14,16,114,1585.77,1404.65,553.19,9054.6,47.455
14,17,113,1585.31,1403.22,554.18,9045.8,47.492
14,18,112,1585.66,1403.12,554.40,9050.8,47.483
14,19,111,1583.78,1405.91,553.43,9053.6,47.400
14,20,110,1584.50,1404.71,554.11,9045.6,47.505
14,21,109,1585.84,1403.16,554.28,9044.9,47.419
14,22,108,1585.38,1403.23,553.88,9050.8,47.441
14,23,107,1585.67,1403.79,553.87,9054.0,47.490
14,24,106,1585.63,1402.97,553.96,9046.9,47.386
14,25,105,1584.94,1403.19,554.04,9052.9,47.355
14,26,104,1584.34,1402.69,553.66,9051.6,47.438
14,27,103,1584.53,1405.17,553.11,9054.3,47.423
14,28,102,1584.94,1403.53,554.26,9045.7,47.451
14,29,101,1585.42,1402.55,553.52,9049.5,47.406
14,30,100,1584.35,1403.69,553.99,9048.8,47.504
14,31,99,1584.20,1402.87,554.38,9047.7,47.384
14,32,98,1583.61,1404.97,553.70,9049.1,47.442
14,33,97,1585.81,1403.84,554.50,9050.5,47.503
14,34,96,1585.64,1403.97,553.62,9051.2,47.476
14,35,95,1584.54,1404.15,554.17,9057.2,47.493
14,36,94,1586.49,1403.43,554.01,9054.7,47.405
14,37,93,1584.61,1405.56,553.51,9045.3,47.526
14,38,92,1585.96,1404.39,553.79,9048.5,47.464
14,39,91,1586.26,1404.21,554.45,9046.9,47.449
14,40,90,1584.70,1403.02,553.75,9051.5,47.476
14,41,89,1586.74,1404.42,554.15,9050.2,47.534
14,42,88,1586.92,1404.48,553.50,9048.1,47.464
14,43,87,1585.37,1404.63,553.94,9050.0,47.418
14,44,86,1585.32,1405.67,554.11,9051.9,47.501
14,45,85,1584.70,1403.54,553.58,9049.6,47.429
14,46,84,1585.97,1403.57,553.56,9056.8,47.427
14,47,83,1585.12,1404.41,553.46,9054.3,47.482
14,48,82,1586.25,1403.39,553.83,9050.1,47.463
14,49,81,1583.84,1404.10,553.37,9051.3,47.344
14,50,80,1583.52,1404.74,553.64,9046.5,47.514
14,51,79,1585.26,1404.78,553.75,9059.4,47.420
14,52,78,1586.40,1403.94,553.30,9051.7,47.466
14,53,77,1584.16,1403.17,553.79,9051.2,47.326
14,54,76,1585.84,1403.55,553.40,9053.3,47.449
14,55,75,1585.97,1404.39,553.80,9049.5,47.474
14,56,74,1584.67,1403.23,553.98,9049.5,47.452
14,57,73,1585.87,1403.90,553.80,9047.9,47.472
14,58,72,1585.28,1404.81,553.63,9048.4,47.490
14,59,71,1585.20,1403.18,554.19,9044.1,47.489
14,60,70,1583.99,1405.70,553.34,9054.0,47.446
14,61,69,1584.71,1404.17,553.99,9046.8,47.409
14,62,68,1585.52,1402.46,553.62,9060.6,47.402
14,63,67,1585.92,1403.47,553.95,9052.3,47.506
14,64,66,1584.84,1405.79,553.62,9050.8,47.462
14,65,65,1584.10,1403.74,553.85,9048.5,47.572
14,66,64,1584.33,1405.06,554.06,9050.0,47.407
14,67,63,1584.39,1403.53,553.26,9046.5,47.376
14,68,62,1586.08,1404.56,554.04,9052.1,47.458
14,69,61,1586.17,1403.45,553.83,9052.6,47.384
14,70,60,1587.48,1404.03,553.84,9054.4,47.496
14,71,59,1585.06,1404.15,553.34,9048.1,47.475
14,72,58,1585.43,1405.19,553.75,9045.3,47.501
14,73,57,1586.30,1404.99,553.72,9053.9,47.619
14,74,56,1585.33,1403.11,553.57,9052.6,47.365
14,75,55,1585.47,1404.76,554.18,9055.2,47.487
14,76,54,1583.72,1405.38,553.91,9051.7,47.355
14,77,53,1584.96,1403.66,553.06,9051.0,47.399
14,78,52,1587.82,1404.72,554.02,9045.8,47.410
14,79,51,1585.94,1404.24,553.47,9050.8,47.421
14,80,50,1587.51,1405.59,553.70,9053.7,47.461
14,81,49,1586.13,1405.17,553.57,9056.2,47.483
14,82,48,1586.18,1406.37,553.42,9052.6,47.400
14,83,47,1586.41,1407.11,553.46,9053.2,47.347
14,84,46,1586.51,1405.93,553.14,9053.2,47.394
14,85,45,1587.02,1406.50,553.06,9052.1,47.416
14,86,44,1588.12,1406.89,553.09,9055.3,47.493
14,87,43,1588.13,1407.42,553.46,9059.3,47.457
14,88,42,1588.08,1408.17,552.86,9049.4,47.407
14,89,41,1587.91,1407.00,553.38,9048.6,47.368
14,90,40,1587.72,1406.32,553.52,9050.8,47.360
14,91,39,1589.08,1408.68,552.68,9058.4,47.399
14,92,38,1590.48,1408.78,552.91,9053.4,47.342
14,93,37,1588.22,1409.98,552.90,9058.9,47.450
14,94,36,1587.27,1410.23,552.85,9058.9,47.328
14,95,35,1588.83,1409.86,553.48,9061.4,47.427
14,96,34,1589.57,1409.23,552.46,9056.7,47.256
14,97,33,1589.44,1409.63,552.58,9059.4,47.371
14,98,32,1590.31,1409.98,551.97,9057.4,47.298
14,99,31,1591.00,1411.69,552.77,9062.6,47.334
14,100,30,1590.52,1410.58,551.96,9064.0,47.326
14,101,29,1590.26,1410.90,552.08,9061.3,47.382
14,102,28,1591.31,1410.02,552.21,9061.2,47.311
14,103,27,1591.41,1412.65,552.21,9062.2,47.336
14,104,26,1591.91,1412.43,552.52,9064.9,47.350
14,105,25,1593.58,1413.76,552.31,9058.0,47.312
14,106,24,1592.80,1415.23,552.22,9061.9,47.314
14,107,23,1593.44,1414.56,551.56,9066.0,47.277
14,108,22,1593.89,1413.94,551.60,9069.5,47.229
14,109,21,1593.25,1415.00,551.46,9063.0,47.280
14,110,20,1593.20,1414.59,552.22,9068.3,47.230
14,111,19,1595.12,1416.47,551.81,9067.0,47.309
14,112,18,1593.54,1415.48,551.48,9069.2,47.207
14,113,17,1595.77,1416.35,551.25,9072.4,47.290
14,114,16,1595.16,1416.44,551.12,9069.4,47.204
14,115,15,1597.19,1418.20,551.27,9065.8,47.287
14,116,14,1594.51,1419.13,551.33,9069.4,47.285
14,117,13,1597.13,1418.94,551.06,9082.8,47.280
14,118,12,1598.16,1418.57,550.90,9069.5,47.246
14,119,11,1598.13,1418.90,550.79,9070.2,47.204
14,120,10,1597.76,1420.46,550.89,9073.7,47.169
14,121,9,1599.04,1421.59,550.23,9075.6,47.246
14,122,8,1599.78,1421.55,550.65,9077.0,47.209
14,123,7,1598.14,1420.64,550.66,9071.0,47.183
14,124,6,1599.93,1421.69,550.36,9077.7,47.260
14,125,5,1600.16,1424.44,550.25,9075.5,47.185
14,126,4,1601.57,1423.73,550.12,9076.6,47.095
14,127,3,1602.19,1424.07,549.91,9080.5,47.141
14,128,2,1600.91,1426.00,549.86,9079.6,47.140
14,129,1,1602.71,1426.11,549.87,9083.7,47.177
14,130,0,1603.71,1425.86,549.26,9087.8,47.088
15,1,187,1584.28,1403.35,553.42,9050.4,47.446
15,2,186,1586.14,1402.99,553.87,9046.9,47.364
15,3,185,1585.47,1404.60,553.97,9045.4,47.454
15,4,184,1585.48,1404.86,553.99,9053.4,47.503
15,5,183,1585.08,1404.45,554.10,9051.4,47.510
15,6,182,1585.70,1403.43,553.41,9050.1,47.391
15,7,181,1585.07,1403.99,554.19,9051.8,47.499
15,8,180,1584.61,1405.38,554.07,9051.5,47.360
15,9,179,1585.94,1405.60,553.80,9050.1,47.424
15,10,178,1583.69,1403.49,554.30,9053.8,47.411
15,11,177,1584.54,1405.92,553.49,9047.5,47.429
15,12,176,1583.91,1403.52,553.64,9046.8,47.516
15,13,175,1584.07,1403.87,553.54,9049.3,47.404
15,14,174,1585.06,1404.29,554.22,9047.9,47.531
15,15,173,1584.35,1403.79,554.33,9060.2,47.534
15,16,172,1584.82,1404.46,554.00,9051.2,47.400
15,17,171,1585.19,1403.54,553.51,9048.9,47.466
15,18,170,1585.80,1403.77,553.78,9052.8,47.454
15,19,169,1585.31,1404.07,553.86,9046.2,47.456
15,20,168,1586.14,1404.15,553.55,9055.2,47.486
15,21,167,1585.61,1404.67,553.46,9052.3,47.519
15,22,166,1584.62,1402.26,553.91,9050.1,47.373
15,23,165,1585.48,1404.48,553.36,9056.6,47.488
15,24,164,1583.49,1404.74,554.04,9055.0,47.419
15,25,163,1585.67,1403.79,553.63,9047.0,47.355
15,26,162,1585.43,1403.75,552.98,9050.3,47.508
15,27,161,1583.95,1403.36,553.93,9041.0,47.423
15,28,160,1585.28,1403.49,553.41,9045.6,47.369
15,29,159,1584.49,1404.95,554.51,9050.1,47.488
15,30,158,1584.25,1402.12,554.36,9047.9,47.486
15,31,157,1585.13,1404.90,554.09,9051.0,47.469
15,32,156,1585.97,1403.63,554.27,9047.5,47.454
15,33,155,1585.50,1402.53,554.21,9051.7,47.615
15,34,154,1586.66,1403.99,554.34,9053.0,47.462
15,35,153,1583.67,1402.72,553.80,9048.3,47.461
15,36,152,1586.10,1404.78,553.59,9053.2,47.404
15,37,151,1584.09,1404.34,553.56,9047.8,47.500
15,38,150,1585.53,1403.67,553.31,9047.4,47.547
15,39,149,1585.77,1405.28,553.88,9048.8,47.495
15,40,148,1586.03,1403.57,553.59,9044.7,47.413
15,41,147,1585.54,1403.46,554.08,9056.9,47.451
15,42,146,1584.99,1404.49,553.63,9047.7,47.419
15,43,145,1584.08,1404.81,553.65,9053.9,47.476
15,44,144,1584.98,1404.73,553.52,9047.3,47.486
15,45,143,1583.24,1404.01,553.98,9054.6,47.526
15,46,142,1584.90,1404.69,553.56,9048.4,47.518
15,47,141,1584.97,1404.14,553.49,9051.5,47.488
15,48,140,1585.58,1402.91,554.10,9046.5,47.449
15,49,139,1583.71,1403.84,553.50,9048.4,47.453
15,50,138,1585.66,1404.71,553.10,9052.4,47.460
15,51,137,1584.55,1403.21,553.78,9050.8,47.469
15,52,136,1584.84,1401.73,553.65,9045.9,47.553
15,53,135,1585.05,1404.67,553.99,9051.1,47.429
15,54,134,1584.56,1402.18,553.84,9051.1,47.448
15,55,133,1585.11,1402.91,553.71,9047.7,47.483
15,56,132,1585.03,1403.42,553.75,9046.4,47.434
15,57,131,1585.47,1402.80,553.78,9047.4,47.383
15,58,130,1586.49,1405.13,553.62,9049.0,47.349
15,59,129,1583.73,1402.98,553.79,9049.6,47.467
15,60,128,1585.54,1404.25,553.48,9051.1,47.482
15,61,127,1584.66,1402.34,554.16,9050.3,47.311
15,62,126,1586.66,1403.57,554.53,9051.3,47.440
15,63,125,1585.15,1403.36,553.82,9057.0,47.405
15,64,124,1585.43,1403.35,553.75,9056.9,47.476
15,65,123,1585.60,1404.06,554.61,9046.7,47.371
15,66,122,1586.35,1403.66,553.92,9056.0,47.471
15,67,121,1586.78,1404.12,553.59,9041.8,47.465
15,68,120,1583.21,1404.29,554.24,9049.9,47.460
15,69,119,1585.73,1404.60,554.15,9049.9,47.337
15,70,118,1585.94,1403.79,553.54,9051.2,47.459
15,71,117,1584.40,1402.84,553.94,9047.0,47.456
15,72,116,1585.30,1404.87,554.44,9050.8,47.429
15,73,115,1586.33,1404.94,553.85,9050.8,47.451
15,74,114,1585.13,1403.91,553.51,9050.0,47.538
15,75,113,1584.35,1403.76,553.53,9054.1,47.491
15,76,112,1583.98,1402.18,554.06,9045.3,47.491
15,77,111,1584.49,1404.63,553.93,9048.1,47.406
15,78,110,1585.46,1403.38,554.13,9047.1,47.468
15,79,109,1584.69,1404.01,553.59,9049.4,47.322
15,80,108,1584.35,1403.47,553.78,9054.5,47.415
15,81,107,1586.13,1403.22,553.47,9043.4,47.480
15,82,106,1585.07,1404.49,553.84,9050.0,47.464
15,83,105,1586.72,1403.57,554.42,9053.0,47.468
15,84,104,1585.44,1401.12,553.72,9047.7,47.556
15,85,103,1584.73,1403.97,553.79,9045.4,47.422
15,86,102,1585.65,1402.08,553.89,9046.8,47.515
15,87,101,1585.32,1402.63,553.68,9051.6,47.435
15,88,100,1585.12,1403.98,554.06,9051.5,47.448
15,89,99,1585.01,1403.03,554.24,9060.4,47.433
15,90,98,1585.04,1404.91,554.10,9050.6,47.401
15,91,97,1586.45,1404.61,553.87,9047.5,47.453
15,92,96,1583.55,1404.67,554.10,9050.8,47.402
15,93,95,1585.36,1404.71,553.58,9053.3,47.476
15,94,94,1584.78,1403.50,553.75,9046.6,47.463
15,95,93,1585.45,1405.05,553.89,9051.4,47.437
15,96,92,1584.31,1403.63,554.23,9052.2,47.470
15,97,91,1583.59,1404.33,553.39,9045.7,47.392
15,98,90,1584.46,1404.84,553.85,9046.8,47.420
15,99,89,1585.52,1404.77,553.81,9046.2,47.427
15,100,88,1587.07,1403.11,553.87,9057.7,47.433
15,101,87,1586.69,1403.66,553.16,9048.4,47.408
15,102,86,1583.95,1403.98,554.03,9048.4,47.426
15,103,85,1586.45,1403.76,553.90,9044.7,47.395
15,104,84,1585.26,1405.61,553.43,9047.5,47.455
15,105,83,1585.85,1403.69,553.52,9054.7,47.381
15,106,82,1585.86,1404.26,554.08,9053.1,47.483
15,107,81,1585.25,1405.57,553.88,9053.0,47.423
15,108,80,1585.90,1403.28,554.15,9049.3,47.418
15,109,79,1584.82,1405.67,553.76,9050.5,47.316
15,110,78,1585.40,1405.60,553.65,9051.6,47.410
15,111,77,1584.81,1406.18,553.12,9051.2,47.377
15,112,76,1586.98,1405.97,553.42,9054.5,47.352
15,113,75,1586.24,1404.64,553.80,9053.6,47.457
15,114,74,1585.98,1406.40,553.13,9049.1,47.414
15,115,73,1585.79,1406.52,553.30,9049.0,47.360
15,116,72,1587.22,1403.74,553.11,9057.9,47.400
15,117,71,1587.37,1406.58,553.32,9047.4,47.349
15,118,70,1585.85,1406.79,553.55,9050.3,47.409
15,119,69,1587.07,1406.59,553.09,9059.4,47.444
15,120,68,1587.26,1406.22,553.04,9055.3,47.384
15,121,67,1587.45,1405.15,553.09,9053.8,47.453
15,122,66,1586.75,1405.70,553.35,9054.2,47.316
15,123,65,1586.30,1406.64,553.16,9059.6,47.345
15,124,64,1588.22,1405.64,553.26,9060.2,47.403
15,125,63,1587.41,1408.71,553.22,9055.8,47.342
15,126,62,1588.39,1407.18,553.17,9055.7,47.444
15,127,61,1587.80,1407.86,553.28,9055.0,47.385
15,128,60,1588.10,1408.05,553.20,9062.5,47.299
15,129,59,1587.59,1408.27,552.98,9055.6,47.352
15,130,58,1587.78,1408.06,553.17,9057.0,47.410
15,131,57,1587.98,1410.12,552.71,9058.7,47.367
15,132,56,1588.69,1409.42,553.02,9066.7,47.402
15,133,55,1589.80,1410.28,552.96,9057.5,47.383
15,134,54,1590.17,1410.73,552.30,9051.4,47.430
15,135,53,1589.03,1408.21,552.19,9064.6,47.403
15,136,52,1589.22,1409.26,552.68,9061.6,47.341
15,137,51,1589.42,1411.19,552.61,9058.3,47.382
15,138,50,1588.53,1410.83,552.70,9054.5,47.251
15,139,49,1589.98,1410.81,552.62,9065.6,47.353
15,140,48,1589.52,1410.66,552.10,9059.4,47.411
15,141,47,1591.20,1410.48,552.62,9057.7,47.198
15,142,46,1590.05,1411.80,552.62,9066.8,47.350
15,143,45,1592.32,1412.20,552.62,9065.0,47.353
15,144,44,1592.32,1411.26,551.57,9063.8,47.343
15,145,43,1590.97,1411.01,552.28,9064.4,47.346
15,146,42,1591.07,1411.70,552.39,9062.5,47.369
15,147,41,1591.84,1413.34,552.13,9060.1,47.358
15,148,40,1591.53,1413.01,552.15,9062.6,47.357
15,149,39,1593.00,1413.63,552.06,9069.9,47.377
15,150,38,1593.50,1414.17,551.81,9063.6,47.331
15,151,37,1593.84,1414.57,552.11,9071.2,47.288
15,152,36,1594.03,1414.85,552.01,9066.3,47.313
15,153,35,1592.89,1414.70,552.05,9066.2,47.193
15,154,34,1592.42,1413.89,551.74,9062.8,47.313
15,155,33,1594.88,1416.11,551.82,9069.7,47.248
15,156,32,1594.05,1414.15,552.02,9073.2,47.254
15,157,31,1592.67,1414.64,551.41,9062.1,47.216
15,158,30,1594.82,1416.39,550.93,9065.3,47.264
15,159,29,1594.05,1416.31,551.45,9066.0,47.214
15,160,28,1595.37,1415.72,550.91,9068.1,47.191
15,161,27,1594.08,1416.83,551.32,9065.5,47.259
15,162,26,1595.99,1417.23,551.38,9063.3,47.308
15,163,25,1596.35,1416.48,551.25,9070.0,47.236
15,164,24,1597.60,1415.90,550.75,9061.8,47.237
15,165,23,1596.86,1418.29,551.05,9071.7,47.213
15,166,22,1597.28,1419.28,550.79,9069.8,47.216
15,167,21,1598.09,1417.88,551.34,9066.1,47.280
15,168,20,1597.90,1418.79,551.22,9070.0,47.166
15,169,19,1598.85,1418.78,551.09,9076.1,47.248
15,170,18,1598.24,1420.21,551.14,9073.8,47.200
15,171,17,1596.94,1420.21,551.07,9069.3,47.185
15,172,16,1598.65,1421.63,550.35,9076.4,47.173
15,173,15,1598.05,1419.78,550.43,9075.9,47.174
15,174,14,1599.44,1419.94,550.77,9076.2,47.105
15,175,13,1600.35,1421.60,550.73,9079.2,47.223
15,176,12,1599.33,1422.29,549.89,9077.0,47.256
15,177,11,1599.16,1422.81,550.90,9078.6,47.215
15,178,10,1598.75,1421.50,550.73,9080.0,47.183
15,179,9,1600.08,1422.95,550.75,9076.8,47.188
15,180,8,1601.13,1422.45,549.99,9083.1,47.175
15,181,7,1600.34,1423.13,549.80,9082.0,47.129
15,182,6,1600.99,1424.53,549.52,9078.6,47.135
15,183,5,1601.25,1423.64,549.74,9080.3,47.079
15,184,4,1601.91,1424.01,549.74,9080.5,47.099
15,185,3,1603.09,1424.75,550.13,9077.7,47.079
15,186,2,1601.05,1424.80,549.67,9081.2,47.147
15,187,1,1603.19,1426.64,549.41,9081.6,47.056
15,188,0,1603.33,1427.62,549.24,9084.4,47.152
16,1,176,1585.35,1403.95,553.54,9050.6,47.507
16,2,175,1584.87,1404.13,553.77,9052.8,47.417
16,3,174,1583.24,1404.42,554.10,9051.6,47.418
16,4,173,1584.09,1404.45,553.84,9049.6,47.541
16,5,172,1584.24,1405.60,553.81,9043.6,47.441
16,6,171,1585.77,1403.67,553.36,9049.4,47.407
16,7,170,1585.39,1404.70,553.48,9047.5,47.488
16,8,169,1584.31,1403.03,553.45,9051.2,47.465
16,9,168,1584.45,1404.00,554.26,9046.6,47.352
16,10,167,1585.36,1403.90,553.59,9052.3,47.492
16,11,166,1583.23,1403.41,554.50,9052.0,47.484
16,12,165,1585.94,1404.02,554.04,9052.5,47.477
16,13,164,1584.74,1404.15,553.62,9050.0,47.392
16,14,163,1584.37,1403.75,553.52,9048.2,47.442
16,15,162,1585.32,1404.85,553.66,9054.7,47.497
16,16,161,1585.40,1404.14,553.90,9054.2,47.511
16,17,160,1586.07,1404.04,553.97,9054.7,47.419
16,18,159,1584.75,1404.01,554.07,9053.2,47.438
16,19,158,1583.79,1404.22,553.52,9044.8,47.387
16,20,157,1585.26,1405.22,553.81,9050.7,47.509
16,21,156,1583.76,1404.47,553.80,9052.0,47.426
16,22,155,1584.35,1404.13,554.29,9053.0,47.425
16,23,154,1583.93,1402.49,554.19,9046.7,47.434
16,24,153,1586.06,1402.55,554.25,9049.1,47.393
16,25,152,1584.80,1403.35,553.93,9047.7,47.354
16,26,151,1584.82,1402.78,553.86,9045.8,47.426
16,27,150,1585.15,1403.81,553.88,9052.4,47.392
16,28,149,1584.95,1401.00,553.87,9048.9,47.401
16,29,148,1585.25,1405.06,553.66,9046.7,47.458
16,30,147,1583.93,1403.41,554.17,9050.2,47.356
16,31,146,1583.56,1404.15,554.06,9044.3,47.472
16,32,145,1586.06,1405.70,553.90,9051.8,47.343
16,33,144,1586.68,1403.48,553.52,9049.1,47.526
16,34,143,1586.77,1404.11,554.10,9050.2,47.398
16,35,142,1586.18,1403.44,554.26,9054.5,47.481
16,36,141,1586.46,1406.01,553.75,9047.2,47.357
16,37,140,1586.80,1403.60,554.14,9047.4,47.527
16,38,139,1584.44,1402.93,553.74,9048.1,47.480
16,39,138,1584.96,1404.56,553.71,9047.7,47.421
16,40,137,1586.64,1404.20,553.20,9048.2,47.455
16,41,136,1586.48,1404.93,553.52,9058.5,47.448
16,42,135,1586.00,1402.96,553.08,9045.1,47.287
16,43,134,1586.69,1404.19,553.52,9051.6,47.459
16,44,133,1585.50,1405.09,553.71,9046.9,47.491
16,45,132,1585.64,1404.09,554.45,9048.5,47.405
16,46,131,1585.33,1403.39,553.95,9047.1,47.430
16,47,130,1586.51,1403.63,553.56,9054.1,47.397
16,48,129,1584.45,1404.52,554.08,9054.3,47.413
16,49,128,1585.48,1403.58,553.62,9054.2,47.423
16,50,127,1585.22,1404.14,553.48,9053.4,47.478
16,51,126,1583.41,1404.25,553.57,9053.8,47.378
16,52,125,1584.71,1404.33,553.82,9052.7,47.374
16,53,124,1586.32,1404.47,554.21,9053.1,47.449
16,54,123,1583.97,1403.49,554.28,9054.8,47.419
16,55,122,1582.75,1403.81,553.71,9049.1,47.476
16,56,121,1585.70,1404.89,553.93,9043.7,47.433
16,57,120,1586.84,1404.34,553.91,9051.3,47.471
16,58,119,1583.09,1403.78,553.79,9054.5,47.452
16,59,118,1583.68,1404.39,553.56,9045.7,47.408
16,60,117,1585.43,1405.13,553.94,9052.2,47.474
16,61,116,1585.08,1404.63,553.07,9050.4,47.398
16,62,115,1585.93,1403.87,553.81,9044.7,47.501
16,63,114,1585.50,1404.50,553.56,9047.3,47.461
16,64,113,1584.44,1404.39,553.15,9048.3,47.540
16,65,112,1585.35,1404.15,554.40,9041.8,47.409
16,66,111,1584.68,1404.77,554.06,9047.0,47.500
16,67,110,1584.68,1405.09,553.49,9049.6,47.425
16,68,109,1585.84,1403.53,553.79,9051.8,47.477
16,69,108,1585.71,1404.19,553.67,9048.8,47.451
16,70,107,1585.20,1403.87,553.81,9044.7,47.483
16,71,106,1585.14,1404.90,553.80,9043.9,47.432
16,72,105,1584.84,1404.67,553.18,9050.1,47.476
16,73,104,1584.47,1404.07,553.61,9047.4,47.430
16,74,103,1584.43,1404.62,553.58,9046.8,47.538
16,75,102,1585.77,1402.32,553.57,9050.8,47.466
16,76,101,1583.81,1405.04,554.05,9051.7,47.518
16,77,100,1585.36,1404.40,554.27,9053.9,47.408
16,78,99,1585.51,1403.40,553.95,9051.7,47.381
16,79,98,1584.90,1404.24,553.67,9051.1,47.490
16,80,97,1584.98,1404.20,554.22,9051.7,47.460
16,81,96,1584.23,1404.60,553.90,9054.5,47.452
16,82,95,1583.55,1402.47,554.02,9048.0,47.472
16,83,94,1585.09,1403.85,553.77,9047.0,47.449
16,84,93,1584.54,1403.68,553.70,9049.2,47.496
16,85,92,1584.93,1404.97,554.25,9053.1,47.476
16,86,91,1585.33,1404.87,553.81,9053.6,47.479
16,87,90,1584.83,1404.95,553.80,9049.8,47.424
16,88,89,1585.30,1405.10,554.03,9051.5,47.477
16,89,88,1586.24,1404.13,553.41,9054.9,47.419
16,90,87,1584.73,1402.73,553.91,9044.8,47.407
16,91,86,1585.82,1405.08,553.52,9050.2,47.400
16,92,85,1584.98,1404.76,553.55,9049.9,47.369
16,93,84,1586.41,1405.07,553.92,9055.4,47.399
16,94,83,1585.29,1403.01,554.61,9050.5,47.491
16,95,82,1584.68,1405.71,554.20,9051.0,47.386
16,96,81,1585.65,1402.92,553.61,9054.2,47.433
16,97,80,1585.63,1405.52,553.78,9045.7,47.438
16,98,79,1587.90,1403.97,553.55,9058.5,47.487
16,99,78,1585.65,1405.48,553.55,9049.3,47.426
16,100,77,1585.94,1405.53,553.30,9047.6,47.425
16,101,76,1587.65,1405.64,553.40,9054.9,47.417
16,102,75,1587.89,1405.70,553.68,9049.8,47.448
16,103,74,1586.73,1405.80,553.30,9050.5,47.435
16,104,73,1587.14,1405.89,553.50,9052.8,47.423
16,105,72,1586.60,1406.17,554.20,9054.2,47.448
16,106,71,1587.24,1406.08,553.75,9052.3,47.466
16,107,70,1586.76,1405.61,553.44,9049.7,47.437
16,108,69,1586.21,1406.36,552.87,9063.7,47.325
16,109,68,1587.31,1407.84,553.57,9057.1,47.389
16,110,67,1588.53,1407.81,553.29,9055.2,47.387
16,111,66,1586.86,1408.28,553.59,9051.5,47.392
16,112,65,1587.63,1407.32,553.18,9058.2,47.359
16,113,64,1587.22,1408.65,552.99,9050.7,47.369
16,114,63,1587.79,1409.13,553.37,9059.4,47.432
16,115,62,1588.97,1407.30,552.99,9052.2,47.377
16,116,61,1588.92,1408.24,553.41,9052.0,47.409
16,117,60,1587.54,1408.41,553.20,9055.5,47.409
16,118,59,1587.94,1407.03,553.10,9062.7,47.328
16,119,58,1589.85,1408.78,552.49,9052.9,47.375
16,120,57,1588.73,1407.77,552.35,9054.2,47.381
16,121,56,1589.22,1408.71,552.87,9061.2,47.388
16,122,55,1589.31,1410.22,552.48,9057.0,47.354
16,123,54,1588.60,1409.23,552.11,9064.8,47.314
16,124,53,1591.04,1409.87,552.86,9056.8,47.368
16,125,52,1590.48,1410.66,552.88,9057.5,47.330
16,126,51,1588.87,1410.77,552.92,9064.8,47.365
16,127,50,1589.73,1409.00,552.87,9053.2,47.329
16,128,49,1590.36,1410.71,552.52,9060.3,47.222
16,129,48,1590.75,1409.01,552.68,9058.3,47.231
16,130,47,1590.29,1410.74,552.77,9061.2,47.352
16,131,46,1592.09,1411.42,552.59,9063.3,47.266
16,132,45,1592.53,1410.48,552.59,9056.0,47.357
16,133,44,1593.05,1411.82,552.19,9063.8,47.306
16,134,43,1593.22,1412.44,552.13,9060.1,47.272
16,135,42,1591.48,1412.22,552.02,9060.1,47.419
16,136,41,1591.37,1412.93,552.30,9065.0,47.307
16,137,40,1592.22,1413.47,552.15,9062.3,47.228
16,138,39,1592.26,1412.30,551.82,9063.7,47.319
16,139,38,1594.28,1413.12,552.20,9065.0,47.362
16,140,37,1593.55,1412.97,551.40,9065.5,47.266
16,141,36,1592.53,1413.02,551.91,9070.1,47.268
16,142,35,1594.02,1414.35,551.42,9067.8,47.229
16,143,34,1593.79,1414.42,552.02,9061.9,47.299
16,144,33,1593.34,1414.55,550.61,9073.3,47.302
16,145,32,1593.64,1414.29,551.49,9069.0,47.176
16,146,31,1594.38,1417.19,551.25,9067.2,47.376
16,147,30,1595.24,1416.01,551.68,9065.9,47.326
16,148,29,1594.66,1414.43,551.36,9064.4,47.242
16,149,28,1595.01,1417.57,551.62,9069.1,47.251
16,150,27,1594.62,1414.83,551.39,9071.4,47.241
16,151,26,1595.29,1417.52,551.27,9075.0,47.303
16,152,25,1596.74,1418.10,550.85,9071.8,47.255
16,153,24,1596.72,1418.17,551.32,9079.4,47.228
16,154,23,1597.24,1417.62,551.36,9073.7,47.245
16,155,22,1598.08,1417.56,550.91,9071.6,47.266
16,156,21,1597.15,1419.84,550.80,9067.4,47.232
16,157,20,1597.21,1419.49,550.93,9070.6,47.208
16,158,19,1597.57,1419.05,550.81,9070.9,47.249
16,159,18,1597.97,1421.69,550.86,9070.8,47.334
16,160,17,1598.41,1420.88,550.93,9075.4,47.222
16,161,16,1597.47,1420.65,550.29,9073.1,47.154
16,162,15,1598.92,1420.96,550.76,9075.2,47.155
16,163,14,1598.70,1421.82,550.88,9070.7,47.103
16,164,13,1598.60,1422.28,550.85,9072.0,47.190
16,165,12,1600.93,1422.06,550.85,9079.2,47.123
16,166,11,1599.60,1422.06,550.39,9079.4,47.184
16,167,10,1597.69,1421.20,549.64,9077.3,47.170
16,168,9,1600.55,1421.86,550.43,9079.7,47.089
16,169,8,1599.44,1423.08,550.69,9083.7,47.175
16,170,7,1600.32,1424.24,549.95,9075.6,47.034
16,171,6,1601.28,1423.23,550.05,9070.7,47.144
16,172,5,1599.55,1425.14,550.11,9078.3,47.157
16,173,4,1601.01,1424.59,550.12,9069.0,47.101
16,174,3,1602.07,1424.71,550.25,9076.4,47.087
16,175,2,1600.86,1426.62,549.67,9079.4,47.109
16,176,1,1603.20,1425.94,550.47,9083.0,47.083
16,177,0,1602.55,1425.65,549.15,9082.1,47.139
17,1,183,1584.35,1403.10,554.41,9054.2,47.349
17,2,182,1584.85,1403.90,553.72,9047.7,47.487
17,3,181,1585.75,1404.94,553.90,9052.1,47.433
17,4,180,1583.74,1402.56,553.54,9049.3,47.386
17,5,179,1584.10,1403.66,554.06,9051.2,47.407
17,6,178,1585.04,1402.80,553.54,9044.2,47.471
17,7,177,1584.77,1403.86,554.04,9046.5,47.473
17,8,176,1586.59,1403.12,553.33,9045.6,47.469
17,9,175,1586.40,1405.53,554.05,9053.1,47.473
17,10,174,1585.58,1404.27,553.56,9056.0,47.517
17,11,173,1584.38,1404.58,554.24,9051.5,47.440
17,12,172,1586.14,1404.23,553.61,9046.0,47.303
17,13,171,1586.58,1403.25,554.09,9046.8,47.458
17,14,170,1585.36,1402.88,554.09,9049.3,47.478
17,15,169,1586.16,1404.67,553.77,9056.8,47.448
17,16,168,1585.07,1403.85,553.43,9045.3,47.422
17,17,167,1584.19,1403.75,554.05,9048.6,47.461
17,18,166,1584.60,1406.29,554.25,9049.1,47.464
17,19,165,1583.93,1403.81,553.62,9052.6,47.403
17,20,164,1586.33,1403.94,553.54,9050.1,47.487
17,21,163,1585.42,1404.14,554.06,9052.9,47.491
17,22,162,1584.78,1403.75,553.74,9048.3,47.455
17,23,161,1585.00,1405.49,553.65,9046.5,47.482
17,24,160,1585.06,1403.38,554.03,9049.0,47.526
17,25,159,1584.24,1403.48,553.84,9054.8,47.414
17,26,158,1585.30,1402.95,554.08,9047.7,47.481
17,27,157,1585.54,1402.37,553.86,9048.2,47.475
17,28,156,1584.30,1403.48,554.16,9053.9,47.400
17,29,155,1586.44,1401.68,553.86,9045.5,47.469
17,30,154,1584.79,1403.08,553.58,9047.2,47.454
17,31,153,1585.78,1405.76,553.75,9051.0,47.509
17,32,152,1584.64,1403.30,554.38,9049.4,47.461
17,33,151,1583.72,1403.53,554.37,9051.6,47.449
17,34,150,1586.11,1402.52,553.68,9058.0,47.448
17,35,149,1584.95,1405.06,554.17,9045.4,47.471
17,36,148,1586.40,1403.42,553.69,9050.1,47.485
17,37,147,1583.86,1401.20,553.86,9054.1,47.434
17,38,146,1584.51,1403.85,554.28,9047.7,47.479
17,39,145,1584.08,1403.00,554.05,9055.7,47.494
17,40,144,1583.36,1403.62,553.87,9050.2,47.354
17,41,143,1583.96,1403.28,553.78,9043.2,47.480
17,42,142,1584.93,1403.06,553.86,9045.0,47.447
17,43,141,1583.56,1402.51,553.66,9047.5,47.469
17,44,140,1584.99,1405.89,553.72,9038.5,47.348
17,45,139,1584.04,1407.05,553.79,9053.9,47.500
17,46,138,1583.99,1402.39,553.99,9042.2,47.499
17,47,137,1584.91,1404.55,553.89,9051.2,47.455
17,48,136,1585.23,1404.04,553.39,9048.6,47.558
17,49,135,1585.25,1405.03,553.51,9046.5,47.390
17,50,134,1583.93,1402.54,553.87,9048.8,47.494
17,51,133,1584.75,1401.84,553.93,9042.9,47.461
17,52,132,1584.38,1404.21,553.37,9052.7,47.452
17,53,131,1584.72,1402.47,554.34,9046.8,47.463
17,54,130,1584.24,1407.40,553.84,9047.8,47.480
17,55,129,1585.60,1404.36,553.70,9051.5,47.442
17,56,128,1584.98,1403.29,553.36,9052.0,47.480
17,57,127,1586.04,1404.04,553.74,9045.1,47.448
17,58,126,1585.29,1402.36,554.12,9047.5,47.440
17,59,125,1585.48,1403.99,554.22,9052.2,47.443
17,60,124,1582.50,1404.90,553.45,9053.0,47.475
17,61,123,1584.84,1404.86,553.96,9051.1,47.364
17,62,122,1585.03,1402.88,553.47,9048.7,47.523
17,63,121,1585.29,1404.39,554.03,9046.9,47.371
17,64,120,1583.60,1404.21,554.10,9053.2,47.408
17,65,119,1586.08,1405.84,553.98,9055.2,47.494
17,66,118,1584.82,1403.40,553.32,9048.4,47.438
17,67,117,1584.83,1403.90,553.11,9052.7,47.495
17,68,116,1585.30,1402.95,553.91,9050.1,47.474
17,69,115,1586.24,1403.84,553.85,9047.0,47.496
17,70,114,1585.56,1404.19,553.48,9047.6,47.358
17,71,113,1584.44,1404.64,553.92,9050.6,47.524
17,72,112,1585.24,1403.48,553.59,9049.2,47.427
17,73,111,1585.76,1404.38,553.70,9049.0,47.485
17,74,110,1585.81,1402.34,553.75,9050.3,47.477
17,75,109,1585.09,1404.37,553.73,9047.2,47.489
17,76,108,1585.65,1404.59,554.05,9046.6,47.425
17,77,107,1585.90,1404.32,553.82,9049.1,47.513
17,78,106,1583.58,1404.26,553.78,9045.6,47.531
17,79,105,1582.85,1404.11,553.96,9046.6,47.464
17,80,104,1584.82,1404.89,554.85,9051.2,47.480
17,81,103,1584.22,1404.19,553.69,9052.7,47.379
17,82,102,1584.14,1405.06,553.86,9054.6,47.468
17,83,101,1585.41,1403.72,553.74,9053.4,47.443
17,84,100,1585.95,1403.90,553.45,9045.6,47.441
17,85,99,1585.73,1403.40,554.02,9050.4,47.480
17,86,98,1584.77,1404.16,554.08,9049.9,47.424
17,87,97,1583.55,1404.49,553.57,9048.2,47.396
17,88,96,1584.83,1405.90,553.90,9047.8,47.427
17,89,95,1583.89,1403.03,553.40,9051.0,47.472
17,90,94,1585.13,1404.42,553.55,9046.1,47.391
17,91,93,1584.15,1404.46,554.38,9046.5,47.431
17,92,92,1585.32,1403.94,553.86,9048.3,47.413
17,93,91,1585.06,1404.55,554.14,9051.7,47.433
17,94,90,1585.93,1405.23,553.65,9050.0,47.423
17,95,89,1585.99,1404.47,553.30,9052.0,47.518
17,96,88,1586.66,1404.06,553.50,9057.4,47.521
17,97,87,1585.85,1403.04,553.51,9047.0,47.531
17,98,86,1584.33,1406.30,553.64,9046.8,47.489
17,99,85,1586.14,1403.64,553.64,9055.9,47.417
17,100,84,1587.07,1404.21,553.14,9051.4,47.363
17,101,83,1585.91,1405.00,553.38,9058.0,47.434
17,102,82,1586.60,1405.95,554.12,9047.4,47.344
17,103,81,1587.39,1405.75,553.60,9051.3,47.415
17,104,80,1586.80,1404.06,553.68,9055.6,47.466
17,105,79,1586.16,1405.48,553.90,9054.2,47.514
17,106,78,1584.93,1406.44,553.25,9052.1,47.493
17,107,77,1585.64,1407.66,553.80,9054.6,47.375
17,108,76,1586.41,1405.58,553.07,9056.6,47.400
17,109,75,1586.54,1405.94,553.34,9054.8,47.386
17,110,74,1587.61,1405.66,553.37,9048.6,47.469
17,111,73,1587.99,1407.00,553.40,9053.3,47.334
17,112,72,1585.97,1407.19,553.27,9048.9,47.340
17,113,71,1587.70,1407.46,552.83,9054.4,47.427
17,114,70,1586.86,1407.96,553.15,9048.1,47.395
17,115,69,1588.56,1406.70,552.91,9056.6,47.415
17,116,68,1587.61,1407.62,552.98,9052.5,47.436
17,117,67,1586.98,1408.82,553.53,9050.9,47.470
17,118,66,1588.02,1408.79,553.16,9054.5,47.380
17,119,65,1586.09,1408.57,552.88,9058.8,47.474
17,120,64,1587.74,1407.35,553.35,9054.1,47.454
17,121,63,1587.81,1409.41,552.92,9057.1,47.434
17,122,62,1588.93,1409.27,552.54,9054.8,47.385
17,123,61,1588.07,1409.38,552.79,9053.9,47.425
17,124,60,1588.01,1407.81,553.05,9061.5,47.383
17,125,59,1587.73,1409.53,552.68,9061.1,47.353
17,126,58,1590.10,1408.74,552.62,9050.7,47.336
17,127,57,1589.50,1409.42,552.97,9062.1,47.367
17,128,56,1589.59,1410.55,552.81,9054.8,47.336
17,129,55,1588.01,1408.92,552.19,9059.6,47.419
17,130,54,1589.14,1409.17,552.94,9057.1,47.368
17,131,53,1590.68,1409.57,552.41,9057.3,47.274
17,132,52,1590.66,1410.98,552.59,9064.1,47.335
17,133,51,1590.95,1411.11,552.29,9063.7,47.350
17,134,50,1591.43,1409.73,552.52,9058.4,47.298
17,135,49,1591.97,1411.31,551.99,9058.6,47.383
17,136,48,1590.35,1410.52,552.35,9062.4,47.296
17,137,47,1591.55,1411.65,552.39,9052.7,47.330
17,138,46,1591.23,1412.22,552.10,9060.1,47.352
17,139,45,1592.79,1410.92,552.41,9066.1,47.356
17,140,44,1592.77,1411.88,552.57,9059.6,47.320
17,141,43,1591.65,1412.20,551.64,9055.6,47.372
17,142,42,1590.82,1413.10,551.72,9059.9,47.343
17,143,41,1592.60,1413.02,552.40,9062.3,47.366
17,144,40,1591.83,1412.33,551.96,9063.7,47.258
17,145,39,1592.68,1414.89,551.84,9057.3,47.209
17,146,38,1594.79,1415.24,551.77,9067.3,47.305
17,147,37,1594.36,1413.24,551.54,9069.5,47.213
17,148,36,1593.63,1414.43,552.04,9065.7,47.277
17,149,35,1593.49,1413.85,551.70,9069.7,47.265
17,150,34,1595.15,1415.69,551.84,9065.5,47.243
17,151,33,1595.60,1416.02,551.60,9072.4,47.302
17,152,32,1593.35,1415.21,551.80,9072.1,47.384
17,153,31,1594.74,1416.44,551.35,9064.2,47.177
17,154,30,1595.27,1417.31,551.71,9068.0,47.318
17,155,29,1597.56,1415.71,550.69,9069.3,47.306
17,156,28,1594.20,1417.51,551.26,9069.7,47.201
17,157,27,1594.90,1416.06,551.51,9066.8,47.256
17,158,26,1595.95,1416.29,551.27,9070.3,47.291
17,159,25,1597.37,1416.74,551.30,9062.1,47.275
17,160,24,1597.30,1415.56,551.03,9067.2,47.211
17,161,23,1596.24,1418.23,551.37,9069.7,47.174
17,162,22,1596.77,1418.35,550.99,9069.0,47.236
17,163,21,1598.22,1417.75,551.09,9075.0,47.191
17,164,20,1598.44,1419.15,550.56,9067.7,47.247
17,165,19,1598.25,1420.93,551.04,9072.2,47.227
17,166,18,1598.02,1419.54,550.61,9067.0,47.161
17,167,17,1598.21,1417.73,550.56,9076.7,47.260
17,168,16,1598.07,1419.98,550.44,9072.0,47.245
17,169,15,1600.06,1419.30,550.35,9067.9,47.181
17,170,14,1598.64,1421.47,550.73,9076.9,47.095
17,171,13,1599.28,1419.95,550.98,9074.2,47.104
17,172,12,1599.14,1422.00,550.62,9080.5,47.170
17,173,11,1599.58,1422.76,550.53,9076.8,47.202
17,174,10,1599.64,1422.46,549.66,9081.8,47.131
17,175,9,1601.52,1422.24,550.30,9077.6,47.120
17,176,8,1601.07,1424.32,550.68,9080.5,47.085
17,177,7,1599.84,1424.54,549.78,9080.5,47.146
17,178,6,1602.31,1424.32,550.00,9086.1,47.175
17,179,5,1601.98,1423.60,549.60,9078.5,47.053
17,180,4,1601.57,1425.29,550.17,9078.7,47.270
17,181,3,1603.14,1424.89,550.15,9078.4,47.130
17,182,2,1602.12,1424.19,549.90,9080.9,47.115
17,183,1,1602.68,1424.83,550.15,9082.3,47.092
17,184,0,1601.95,1427.26,549.88,9082.0,47.036
18,1,240,1584.08,1401.69,554.11,9050.0,47.530
18,2,239,1585.69,1403.68,553.78,9052.0,47.498
18,3,238,1585.26,1405.00,553.71,9046.5,47.447
18,4,237,1585.16,1402.92,553.40,9051.6,47.430
18,5,236,1584.87,1403.68,554.26,9054.4,47.388
18,6,235,1584.57,1404.77,553.98,9049.9,47.393
18,7,234,1584.45,1403.53,553.88,9056.0,47.416
18,8,233,1584.18,1403.90,554.11,9044.9,47.523
18,9,232,1584.86,1403.34,553.32,9052.5,47.441
18,10,231,1585.14,1403.19,553.70,9048.3,47.445
18,11,230,1584.46,1402.62,554.62,9045.2,47.459
18,12,229,1583.58,1402.20,553.83,9050.6,47.513
18,13,228,1585.32,1403.87,553.52,9055.2,47.496
18,14,227,1584.00,1404.03,553.84,9048.8,47.489
18,15,226,1585.67,1403.83,553.72,9055.2,47.497
18,16,225,1585.06,1402.53,553.90,9052.4,47.312
18,17,224,1585.20,1403.62,553.73,9046.8,47.443
18,18,223,1586.11,1403.60,554.09,9047.2,47.488
18,19,222,1585.00,1404.32,553.80,9052.2,47.322
18,20,221,1583.86,1404.38,553.19,9048.1,47.447
18,21,220,1584.34,1403.38,553.88,9053.5,47.402
18,22,219,1584.54,1403.34,553.07,9050.5,47.497
18,23,218,1585.81,1403.22,553.42,9050.1,47.491
18,24,217,1585.12,1404.26,554.14,9047.4,47.439
18,25,216,1586.31,1403.82,553.42,9047.7,47.403
18,26,215,1585.29,1403.19,553.88,9047.4,47.344
18,27,214,1585.25,1404.13,553.96,9047.6,47.411
18,28,213,1585.32,1405.37,553.80,9051.5,47.434
18,29,212,1583.77,1404.87,554.07,9052.5,47.441
18,30,211,1585.48,1404.80,554.29,9053.5,47.453
18,31,210,1583.95,1404.14,553.88,9052.5,47.518
18,32,209,1584.92,1405.89,553.27,9051.5,47.410
18,33,208,1583.47,1403.82,553.36,9049.4,47.452
18,34,207,1585.89,1402.64,554.07,9050.3,47.501
18,35,206,1584.65,1402.80,553.43,9045.5,47.474
18,36,205,1586.18,1403.49,553.99,9044.7,47.459
18,37,204,1585.53,1402.70,553.74,9052.5,47.303
18,38,203,1586.07,1404.32,554.02,9048.6,47.364
18,39,202,1585.43,1403.93,553.81,9053.8,47.488
18,40,201,1586.54,1404.14,553.59,9049.3,47.471
18,41,200,1585.81,1402.68,553.80,9055.6,47.438
18,42,199,1585.74,1404.44,554.09,9047.2,47.410
18,43,198,1585.02,1402.62,553.72,9050.9,47.539
18,44,197,1585.32,1404.56,554.15,9046.6,47.442
18,45,196,1586.94,1403.93,554.13,9053.4,47.376
18,46,195,1585.25,1404.13,553.90,9047.4,47.394
18,47,194,1584.62,1403.91,554.16,9056.4,47.520
18,48,193,1585.69,1403.10,553.68,9050.7,47.418
18,49,192,1585.46,1404.65,553.96,9053.6,47.405
18,50,191,1585.75,1403.37,553.52,9051.9,47.511
18,51,190,1585.39,1404.02,553.89,9050.5,47.394
18,52,189,1584.01,1403.93,553.82,9050.0,47.484
18,53,188,1584.83,1404.51,553.76,9056.4,47.454
18,54,187,1586.87,1404.32,553.74,9046.9,47.378
18,55,186,1584.21,1403.21,553.92,9048.2,47.459
18,56,185,1586.03,1403.92,554.42,9045.9,47.442
18,57,184,1584.57,1404.84,553.13,9044.9,47.445
18,58,183,1586.24,1404.20,553.39,9045.8,47.534
18,59,182,1584.50,1403.15,554.24,9053.5,47.514
18,60,181,1584.24,1402.63,553.84,9051.2,47.468
18,61,180,1586.18,1402.44,554.06,9046.2,47.493
18,62,179,1584.62,1403.27,553.62,9044.9,47.452
18,63,178,1584.38,1404.71,553.99,9055.9,47.468
18,64,177,1585.42,1405.26,553.61,9044.8,47.460
18,65,176,1583.86,1406.21,554.24,9057.6,47.453
18,66,175,1585.44,1403.59,554.06,9045.7,47.323
18,67,174,1584.37,1402.69,554.24,9056.4,47.380
18,68,173,1586.03,1404.86,553.33,9048.6,47.421
18,69,172,1585.60,1402.89,553.77,9047.6,47.474
18,70,171,1584.83,1403.52,553.74,9057.1,47.429
18,71,170,1584.17,1404.53,553.76,9045.0,47.562
18,72,169,1584.72,1403.66,553.85,9056.1,47.366
18,73,168,1585.22,1405.88,553.84,9045.7,47.419
18,74,167,1585.17,1405.20,553.70,9052.9,47.378
18,75,166,1583.85,1403.57,554.23,9050.2,47.464
18,76,165,1585.22,1405.00,553.62,9052.4,47.408
18,77,164,1586.59,1403.28,553.54,9051.9,47.454
18,78,163,1585.26,1404.20,553.47,9055.6,47.495
18,79,162,1586.09,1403.52,553.92,9050.7,47.506
18,80,161,1585.93,1404.17,553.34,9056.2,47.478
18,81,160,1584.51,1404.37,553.35,9053.7,47.376
18,82,159,1584.82,1404.22,554.11,9050.4,47.482
18,83,158,1584.98,1403.97,553.83,9049.3,47.366
18,84,157,1584.39,1404.22,553.73,9049.5,47.434
18,85,156,1584.31,1403.56,553.71,9050.0,47.470
18,86,155,1584.86,1403.07,553.38,9059.1,47.394
18,87,154,1584.59,1404.47,553.91,9051.8,47.428
18,88,153,1585.19,1404.06,553.71,9050.9,47.503
18,89,152,1584.98,1403.99,554.12,9053.4,47.529
18,90,151,1583.60,1404.81,553.98,9046.9,47.463
18,91,150,1585.84,1403.25,553.93,9053.0,47.396
18,92,149,1584.89,1404.27,553.56,9046.9,47.443
18,93,148,1585.64,1404.58,553.54,9052.3,47.408
18,94,147,1583.71,1403.67,554.14,9052.3,47.450
18,95,146,1584.67,1403.65,553.83,9046.3,47.433
18,96,145,1584.83,1402.78,553.55,9051.4,47.450
18,97,144,1584.75,1403.18,554.27,9047.1,47.463
18,98,143,1584.61,1404.03,553.94,9045.2,47.450
18,99,142,1585.95,1405.59,553.76,9050.1,47.561
18,100,141,1585.91,1403.44,553.61,9053.3,47.399
18,101,140,1585.87,1404.30,553.96,9049.1,47.419
18,102,139,1586.17,1403.78,553.68,9049.7,47.460
18,103,138,1584.18,1403.50,553.61,9053.0,47.406
18,104,137,1583.62,1402.25,553.35,9054.8,47.450
18,105,136,1585.44,1404.53,553.81,9049.8,47.501
18,106,135,1585.18,1405.33,553.97,9047.9,47.424
18,107,134,1584.51,1405.20,553.66,9047.4,47.464
18,108,133,1585.04,1404.41,554.34,9053.4,47.449
18,109,132,1584.02,1403.73,553.98,9046.2,47.554
18,110,131,1585.20,1404.27,553.56,9052.1,47.388
18,111,130,1586.96,1405.46,554.04,9045.5,47.456
18,112,129,1586.23,1404.86,553.44,9048.2,47.422
18,113,128,1584.83,1405.76,553.15,9052.8,47.379
18,114,127,1584.59,1402.63,553.55,9055.9,47.456
18,115,126,1584.45,1405.41,554.07,9051.1,47.544
18,116,125,1586.11,1405.17,553.45,9053.0,47.452
18,117,124,1585.93,1404.01,553.72,9048.0,47.333
18,118,123,1586.36,1403.34,553.70,9052.2,47.455
18,119,122,1585.40,1405.01,553.80,9053.7,47.525
18,120,121,1585.87,1404.89,553.37,9052.7,47.470
18,121,120,1585.59,1405.40,553.54,9053.7,47.481
18,122,119,1586.53,1405.10,553.30,9049.3,47.464
18,123,118,1587.83,1404.76,553.73,9049.6,47.384
18,124,117,1585.40,1403.28,553.99,9043.9,47.418
18,125,116,1585.07,1404.44,553.98,9052.5,47.382
18,126,115,1585.61,1404.64,553.53,9052.5,47.524
18,127,114,1584.62,1405.38,553.44,9055.4,47.445
18,128,113,1586.70,1405.82,553.23,9056.4,47.466
18,129,112,1587.04,1406.74,553.62,9057.5,47.443
18,130,111,1586.21,1405.69,553.47,9050.6,47.505
18,131,110,1586.70,1405.88,553.57,9063.0,47.365
18,132,109,1585.87,1404.65,553.37,9053.6,47.397
18,133,108,1586.20,1406.12,553.27,9054.0,47.474
18,134,107,1587.26,1406.89,553.73,9054.0,47.409
18,135,106,1586.19,1405.85,553.22,9055.8,47.432
18,136,105,1587.45,1405.27,553.79,9051.9,47.358
18,137,104,1586.63,1408.66,553.22,9052.4,47.402
18,138,103,1586.95,1405.83,553.36,9057.4,47.425
18,139,102,1586.28,1406.34,553.13,9054.0,47.474
18,140,101,1587.14,1406.68,553.81,9057.1,47.435
18,141,100,1588.92,1407.32,552.65,9057.1,47.325
18,142,99,1587.81,1405.46,553.09,9053.1,47.364
18,143,98,1587.27,1408.05,552.99,9056.4,47.352
18,144,97,1587.50,1407.53,552.88,9050.1,47.423
18,145,96,1588.65,1407.30,553.02,9055.4,47.399
18,146,95,1588.05,1405.22,552.81,9052.1,47.402
18,147,94,1588.11,1408.19,553.19,9050.7,47.465
18,148,93,1589.09,1406.62,553.18,9053.4,47.397
18,149,92,1589.02,1409.80,553.28,9056.7,47.371
18,150,91,1588.43,1409.24,553.02,9052.7,47.305
18,151,90,1588.80,1408.37,552.81,9059.6,47.363
18,152,89,1588.40,1408.27,552.88,9057.1,47.439
18,153,88,1587.70,1408.86,553.01,9057.0,47.423
18,154,87,1588.77,1408.99,553.14,9054.9,47.392
18,155,86,1588.65,1408.58,552.81,9058.5,47.379
18,156,85,1589.28,1408.83,552.39,9057.2,47.376
18,157,84,1589.28,1408.46,552.49,9059.4,47.357
18,158,83,1589.34,1408.88,552.82,9055.9,47.320
18,159,82,1589.70,1408.74,552.84,9059.1,47.337
18,160,81,1588.48,1411.62,552.60,9060.1,47.461
18,161,80,1590.20,1409.31,552.71,9055.2,47.405
18,162,79,1590.15,1409.27,552.39,9053.7,47.408
18,163,78,1589.92,1410.08,552.43,9053.4,47.404
18,164,77,1589.98,1410.86,552.53,9058.0,47.389
18,165,76,1590.66,1410.92,552.53,9061.2,47.407
18,166,75,1590.12,1409.90,552.99,9057.0,47.380
18,167,74,1590.29,1408.86,552.89,9049.8,47.247
18,168,73,1590.89,1411.16,552.33,9060.2,47.217
18,169,72,1591.17,1411.07,552.48,9060.0,47.366
18,170,71,1590.71,1409.32,553.12,9064.4,47.274
18,171,70,1590.59,1410.96,552.75,9052.9,47.311
18,172,69,1589.60,1411.08,552.26,9061.0,47.303
18,173,68,1590.54,1412.07,552.50,9062.9,47.322
18,174,67,1590.83,1411.57,552.48,9053.6,47.348
18,175,66,1591.67,1411.91,552.26,9052.4,47.303
18,176,65,1593.00,1412.04,552.18,9061.7,47.340
18,177,64,1592.23,1411.99,552.36,9067.8,47.370
18,178,63,1593.72,1411.78,552.70,9059.4,47.334
18,179,62,1592.58,1412.09,552.19,9065.6,47.278
18,180,61,1593.48,1411.48,552.72,9066.2,47.307
18,181,60,1591.97,1412.45,552.06,9062.8,47.371
18,182,59,1594.01,1413.27,551.81,9061.3,47.296
18,183,58,1591.76,1412.21,552.66,9064.5,47.261
18,184,57,1593.39,1412.40,551.67,9060.9,47.382
18,185,56,1592.69,1411.44,552.32,9063.0,47.204
18,186,55,1592.79,1414.30,552.05,9070.6,47.251
18,187,54,1593.23,1413.39,551.43,9067.7,47.314
18,188,53,1593.58,1414.59,551.65,9061.3,47.290
18,189,52,1594.43,1415.84,552.05,9065.2,47.298
18,190,51,1593.67,1413.66,551.79,9060.7,47.275
18,191,50,1595.13,1415.52,551.47,9065.4,47.237
18,192,49,1593.93,1415.91,551.90,9074.7,47.335
18,193,48,1594.30,1415.78,551.61,9062.3,47.338
18,194,47,1595.11,1415.15,551.71,9070.9,47.311
18,195,46,1593.29,1415.78,551.54,9070.7,47.318
18,196,45,1595.68,1414.76,551.32,9071.0,47.233
18,197,44,1593.57,1416.45,551.35,9073.7,47.274
18,198,43,1595.08,1415.84,551.95,9069.0,47.236
18,199,42,1594.49,1416.31,551.14,9071.6,47.163
18,200,41,1595.18,1417.13,551.50,9065.8,47.283
18,201,40,1594.75,1416.76,551.56,9070.2,47.213
18,202,39,1596.59,1417.07,551.54,9074.2,47.299
18,203,38,1596.69,1417.37,551.52,9069.9,47.180
18,204,37,1596.21,1417.64,551.42,9069.1,47.199
18,205,36,1596.67,1416.44,551.64,9069.0,47.246
18,206,35,1596.76,1418.36,550.74,9073.0,47.245
18,207,34,1595.98,1417.37,551.02,9065.9,47.313
18,208,33,1597.86,1418.67,551.01,9070.1,47.261
18,209,32,1598.25,1417.96,550.70,9076.5,47.130
18,210,31,1596.21,1418.47,550.53,9075.3,47.259
18,211,30,1596.74,1420.06,551.39,9071.3,47.190
18,212,29,1599.19,1419.78,550.99,9076.8,47.224
18,213,28,1597.15,1419.42,551.18,9065.4,47.191
18,214,27,1598.85,1419.11,551.29,9077.6,47.199
18,215,26,1597.47,1419.54,551.58,9079.5,47.205
18,216,25,1597.62,1420.12,550.81,9068.9,47.199
18,217,24,1599.35,1418.63,550.95,9078.4,47.164
18,218,23,1599.83,1419.85,550.79,9072.9,47.173
18,219,22,1598.17,1421.33,550.87,9074.1,47.116
18,220,21,1599.17,1421.31,550.50,9081.2,47.102
18,221,20,1597.26,1420.50,550.74,9071.3,47.128
18,222,19,1599.99,1421.81,550.59,9078.0,47.152
18,223,18,1599.11,1422.35,550.03,9068.1,47.148
18,224,17,1600.35,1422.09,550.65,9068.9,47.182
18,225,16,1600.32,1420.87,550.61,9075.9,47.316
18,226,15,1598.25,1423.56,550.18,9071.0,47.132
18,227,14,1600.41,1423.50,550.77,9082.0,47.106
18,228,13,1601.29,1423.15,550.01,9076.6,47.115
18,229,12,1600.61,1422.38,549.86,9079.4,47.179
18,230,11,1600.63,1424.51,550.04,9077.0,47.176
18,231,10,1600.87,1423.60,549.32,9078.5,47.048
18,232,9,1600.20,1422.56,549.71,9076.8,47.111
18,233,8,1601.90,1424.21,549.41,9079.4,47.148
18,234,7,1601.31,1424.20,549.99,9082.1,47.049
18,235,6,1601.58,1425.86,550.31,9082.8,47.151
18,236,5,1603.30,1426.47,549.80,9076.8,47.106
18,237,4,1604.66,1423.58,549.65,9075.6,47.122
18,238,3,1601.42,1425.15,549.16,9083.1,47.173
18,239,2,1602.28,1425.37,549.65,9081.9,47.106
18,240,1,1603.41,1426.86,549.40,9080.5,47.149
18,241,0,1601.86,1424.23,549.67,9083.7,47.064
19,1,184,1584.31,1403.32,553.56,9051.1,47.528
19,2,183,1583.88,1403.69,553.75,9051.6,47.499
19,3,182,1584.87,1403.43,553.97,9044.3,47.343
19,4,181,1587.07,1403.27,553.68,9051.9,47.467
19,5,180,1585.71,1404.84,553.37,9054.4,47.476
19,6,179,1585.30,1404.38,553.13,9049.3,47.402
19,7,178,1584.11,1403.56,554.05,9051.0,47.472
19,8,177,1584.64,1404.34,553.74,9053.3,47.485
19,9,176,1585.13,1403.28,553.88,9050.8,47.456
19,10,175,1584.62,1403.41,553.90,9047.0,47.437
19,11,174,1585.47,1404.40,553.45,9051.0,47.552
19,12,173,1585.54,1403.75,554.19,9057.7,47.493
19,13,172,1583.61,1404.56,554.20,9042.8,47.497
19,14,171,1584.84,1405.18,553.78,9051.2,47.468
19,15,170,1585.57,1404.40,553.53,9049.1,47.450
19,16,169,1585.98,1404.44,553.60,9046.8,47.483
19,17,168,1584.62,1404.68,553.78,9055.1,47.413
19,18,167,1586.15,1404.89,553.67,9046.9,47.546
19,19,166,1584.28,1404.28,553.90,9050.0,47.489
19,20,165,1584.26,1405.74,553.55,9049.5,47.378
19,21,164,1585.84,1405.70,554.40,9054.0,47.431
19,22,163,1585.00,1403.71,553.44,9049.0,47.495
19,23,162,1584.31,1401.95,553.42,9052.9,47.364
19,24,161,1584.62,1403.65,553.88,9050.8,47.470
19,25,160,1584.88,1403.15,554.07,9043.8,47.489
19,26,159,1585.92,1406.10,553.57,9048.0,47.453
19,27,158,1584.98,1404.75,553.96,9048.8,47.445
19,28,157,1585.75,1402.86,553.73,9051.9,47.397
19,29,156,1582.17,1405.30,553.79,9045.6,47.496
19,30,155,1584.83,1403.07,553.91,9050.2,47.419
19,31,154,1584.38,1403.08,554.02,9045.6,47.410
19,32,153,1585.08,1405.31,553.84,9052.1,47.455
19,33,152,1585.73,1405.74,553.67,9050.0,47.459
19,34,151,1585.42,1404.12,553.64,9050.0,47.572
19,35,150,1585.25,1402.28,553.68,9050.0,47.443
19,36,149,1584.95,1404.26,553.95,9050.9,47.498
19,37,148,1583.80,1403.77,553.93,9050.9,47.417
19,38,147,1584.57,1403.24,554.09,9043.5,47.386
19,39,146,1585.33,1404.49,553.32,9052.2,47.459
19,40,145,1585.41,1404.07,553.93,9051.6,47.474
19,41,144,1585.20,1403.92,553.78,9050.8,47.491
19,42,143,1586.57,1404.48,553.91,9054.3,47.470
19,43,142,1584.15,1403.34,554.35,9047.5,47.479
19,44,141,1584.21,1405.16,553.66,9050.3,47.439
19,45,140,1585.40,1404.15,554.07,9052.3,47.464
19,46,139,1585.52,1404.63,553.68,9048.3,47.528
19,47,138,1585.57,1404.36,553.56,9043.7,47.435
19,48,137,1584.64,1403.72,554.06,9055.3,47.505
19,49,136,1584.52,1404.48,553.65,9043.6,47.446
19,50,135,1586.01,1403.70,554.05,9047.7,47.484
19,51,134,1584.81,1405.37,553.71,9048.1,47.524
19,52,133,1584.54,1404.19,553.63,9053.2,47.515
19,53,132,1584.46,1404.49,553.99,9050.4,47.526
19,54,131,1586.21,1403.23,554.16,9051.8,47.462
19,55,130,1584.81,1402.67,553.88,9051.1,47.550
19,56,129,1584.46,1402.55,553.45,9055.6,47.428
19,57,128,1586.09,1404.01,553.51,9057.0,47.516
19,58,127,1584.86,1404.90,553.84,9051.5,47.538
19,59,126,1583.78,1403.68,553.81,9051.2,47.388
19,60,125,1585.73,1402.96,553.43,9049.1,47.545
19,61,124,1587.03,1404.44,553.73,9050.5,47.467
19,62,123,1586.17,1402.90,554.16,9045.0,47.426
19,63,122,1585.00,1404.37,553.80,9050.6,47.452
19,64,121,1583.78,1404.52,554.04,9054.7,47.542
19,65,120,1585.33,1405.27,553.81,9044.9,47.498
19,66,119,1585.59,1404.00,553.78,9051.7,47.433
19,67,118,1585.35,1403.17,553.56,9045.4,47.562
19,68,117,1585.06,1405.09,553.47,9049.4,47.478
19,69,116,1586.18,1403.46,553.68,9047.2,47.444
19,70,115,1584.18,1402.71,553.88,9052.3,47.393
19,71,114,1584.46,1403.91,554.31,9040.1,47.472
19,72,113,1585.54,1403.36,553.70,9051.2,47.449
19,73,112,1586.36,1404.09,554.06,9051.6,47.485
19,74,111,1584.38,1404.18,553.78,9047.5,47.496
19,75,110,1583.39,1405.21,553.13,9049.5,47.497
19,76,109,1584.05,1404.38,553.89,9051.1,47.433
19,77,108,1584.63,1402.59,553.77,9053.2,47.427
19,78,107,1584.68,1405.43,553.75,9051.2,47.477
19,79,106,1584.87,1404.61,554.10,9053.2,47.501
19,80,105,1583.33,1402.95,553.65,9047.2,47.414
19,81,104,1585.71,1404.10,553.76,9049.2,47.430
19,82,103,1584.81,1405.25,553.27,9054.5,47.565
19,83,102,1586.02,1403.12,553.65,9053.6,47.437
19,84,101,1584.63,1403.95,553.46,9049.6,47.389
19,85,100,1585.64,1403.32,553.80,9048.6,47.468
19,86,99,1585.76,1404.38,553.57,9048.2,47.566
19,87,98,1585.90,1404.00,553.59,9045.2,47.504
19,88,97,1584.62,1405.18,554.00,9055.1,47.484
19,89,96,1585.08,1404.31,553.75,9049.5,47.364
19,90,95,1583.58,1405.05,553.68,9053.9,47.425
19,91,94,1585.36,1405.28,554.18,9049.5,47.393
19,92,93,1586.40,1404.27,553.55,9049.4,47.406
19,93,92,1586.12,1403.41,553.71,9051.8,47.410
19,94,91,1586.85,1405.51,553.53,9050.7,47.483
19,95,90,1585.72,1406.06,553.82,9052.1,47.449
19,96,89,1588.26,1403.99,553.30,9050.5,47.506
19,97,88,1583.85,1403.29,553.49,9058.9,47.435
19,98,87,1584.98,1405.86,554.09,9049.4,47.455
19,99,86,1586.13,1405.75,553.43,9054.0,47.472
19,100,85,1586.68,1403.89,553.11,9049.6,47.442
19,101,84,1586.65,1404.52,553.62,9055.5,47.460
19,102,83,1585.94,1405.27,553.11,9058.4,47.448
19,103,82,1585.12,1406.83,553.67,9056.7,47.395
19,104,81,1586.19,1405.13,554.08,9051.0,47.373
19,105,80,1586.12,1405.71,553.89,9053.9,47.480
19,106,79,1586.98,1405.98,553.08,9058.7,47.466
19,107,78,1587.73,1407.12,553.15,9054.2,47.468
19,108,77,1587.74,1406.57,553.93,9055.4,47.477
19,109,76,1587.27,1406.25,553.60,9056.3,47.426
19,110,75,1586.56,1407.65,553.04,9056.7,47.352
19,111,74,1586.69,1407.16,553.42,9055.0,47.378
19,112,73,1588.39,1407.18,553.27,9053.9,47.365
19,113,72,1588.54,1406.64,553.69,9051.8,47.415
19,114,71,1587.83,1407.29,553.36,9057.7,47.423
19,115,70,1587.06,1406.51,552.75,9054.3,47.499
19,116,69,1588.02,1409.63,553.08,9056.0,47.420
19,117,68,1587.97,1408.12,552.54,9052.6,47.304
19,118,67,1588.93,1406.87,553.44,9057.2,47.433
19,119,66,1587.98,1407.26,552.88,9059.9,47.488
19,120,65,1589.06,1407.28,552.66,9051.3,47.373
19,121,64,1588.58,1408.53,552.59,9052.7,47.381
19,122,63,1589.35,1407.78,553.02,9060.4,47.256
19,123,62,1590.38,1409.67,553.12,9053.8,47.409
19,124,61,1590.01,1408.65,553.03,9057.1,47.336
19,125,60,1589.29,1409.59,552.67,9055.1,47.383
19,126,59,1590.06,1409.77,552.24,9056.2,47.318
19,127,58,1591.17,1409.95,552.60,9056.6,47.351
19,128,57,1590.56,1408.41,552.71,9057.0,47.375
19,129,56,1590.77,1409.64,552.19,9058.1,47.415
19,130,55,1590.97,1410.14,552.37,9057.5,47.282
19,131,54,1591.11,1411.57,552.40,9058.0,47.308
19,132,53,1590.30,1410.26,552.43,9062.8,47.374
19,133,52,1590.17,1411.28,552.63,9057.1,47.343
19,134,51,1592.00,1411.15,551.79,9051.9,47.348
19,135,50,1591.30,1411.77,552.50,9055.9,47.289
19,136,49,1591.74,1412.49,552.23,9056.4,47.342
19,137,48,1591.64,1411.11,551.67,9063.7,47.291
19,138,47,1591.94,1412.43,551.87,9063.5,47.275
19,139,46,1590.79,1411.08,552.17,9068.0,47.316
19,140,45,1593.61,1414.08,552.28,9068.3,47.383
19,141,44,1593.32,1411.32,552.01,9060.7,47.365
19,142,43,1592.34,1414.84,552.06,9063.4,47.284
19,143,42,1592.64,1413.76,551.96,9062.2,47.278
19,144,41,1594.45,1415.56,551.79,9067.2,47.253
19,145,40,1592.94,1413.04,552.19,9066.3,47.324
19,146,39,1594.12,1413.49,551.74,9066.5,47.269
19,147,38,1593.67,1413.81,552.19,9068.6,47.344
19,148,37,1594.36,1413.81,551.60,9063.2,47.265
19,149,36,1594.89,1413.73,551.51,9064.7,47.208
19,150,35,1594.43,1415.01,551.97,9065.5,47.293
19,151,34,1594.57,1413.36,551.16,9068.2,47.283
19,152,33,1594.65,1417.06,551.69,9072.7,47.138
19,153,32,1596.31,1415.58,551.49,9071.8,47.151
19,154,31,1594.95,1417.31,551.25,9071.2,47.286
19,155,30,1595.51,1417.22,551.77,9070.6,47.295
19,156,29,1594.90,1417.49,551.47,9072.8,47.186
19,157,28,1596.69,1416.45,551.97,9066.2,47.181
19,158,27,1595.83,1418.47,551.32,9075.6,47.220
19,159,26,1595.91,1417.15,551.01,9065.2,47.198
19,160,25,1595.57,1418.75,551.55,9071.3,47.192
19,161,24,1597.37,1418.36,551.36,9067.6,47.177
19,162,23,1597.59,1418.67,551.27,9068.4,47.238
19,163,22,1597.69,1417.59,550.94,9064.7,47.285
19,164,21,1596.44,1419.11,550.88,9068.9,47.299
19,165,20,1597.19,1419.33,550.62,9070.2,47.197
19,166,19,1598.55,1420.02,550.54,9073.1,47.129
19,167,18,1599.18,1419.72,550.58,9066.7,47.167
19,168,17,1599.83,1421.04,550.99,9074.4,47.057
19,169,16,1598.79,1420.97,550.86,9074.3,47.144
19,170,15,1598.91,1420.79,550.69,9074.5,47.128
19,171,14,1599.70,1420.75,550.38,9073.7,47.185
19,172,13,1598.41,1421.76,550.74,9076.1,47.135
19,173,12,1599.47,1422.31,550.52,9081.5,47.082
19,174,11,1600.24,1422.53,550.27,9078.0,47.146
19,175,10,1599.49,1422.88,550.43,9077.0,47.206
19,176,9,1600.36,1423.42,549.70,9085.5,47.136
19,177,8,1600.43,1423.09,549.83,9074.0,47.145
19,178,7,1601.17,1423.86,550.04,9078.3,47.077
19,179,6,1600.96,1424.13,549.82,9080.1,47.125
19,180,5,1601.51,1424.50,550.07,9082.0,47.226
19,181,4,1602.59,1423.32,549.53,9079.1,47.083
19,182,3,1602.48,1425.43,549.65,9084.7,47.189
19,183,2,1600.99,1424.03,550.06,9084.1,47.136
19,184,1,1602.73,1425.57,549.83,9082.1,47.171
19,185,0,1602.46,1426.02,549.87,9082.6,47.134
20,1,215,1584.00,1403.40,554.03,9043.9,47.495
20,2,214,1583.39,1402.44,553.65,9051.0,47.516
20,3,213,1585.05,1403.78,553.97,9047.0,47.457
20,4,212,1584.04,1404.07,553.76,9047.2,47.458
20,5,211,1585.13,1405.06,553.32,9049.7,47.412
20,6,210,1585.70,1404.68,553.95,9047.5,47.494
20,7,209,1583.78,1402.44,553.42,9049.9,47.484
20,8,208,1582.62,1405.19,553.84,9044.5,47.455
20,9,207,1585.87,1404.54,554.13,9045.2,47.429
20,10,206,1584.26,1405.55,553.99,9060.0,47.427
20,11,205,1584.42,1403.87,554.21,9048.7,47.456
20,12,204,1585.08,1404.04,553.60,9049.5,47.441
20,13,203,1584.99,1404.85,554.33,9047.1,47.430
20,14,202,1584.34,1404.17,553.64,9050.8,47.505
20,15,201,1582.98,1404.44,553.66,9051.6,47.405
20,16,200,1585.96,1404.82,553.97,9052.8,47.413
20,17,199,1584.50,1404.68,553.57,9055.1,47.434
20,18,198,1585.40,1405.89,553.59,9050.2,47.503
20,19,197,1585.76,1403.70,553.64,9049.2,47.522
20,20,196,1584.78,1404.07,553.67,9052.5,47.458
20,21,195,1584.20,1403.13,553.20,9047.1,47.490
20,22,194,1586.06,1404.62,553.97,9049.6,47.489
20,23,193,1585.23,1405.62,553.77,9054.7,47.494
20,24,192,1585.59,1402.19,554.08,9049.6,47.428
20,25,191,1583.81,1403.99,553.81,9045.4,47.376
20,26,190,1585.39,1404.78,553.86,9054.0,47.446
20,27,189,1584.96,1403.17,553.33,9056.5,47.507
20,28,188,1583.89,1404.14,553.77,9049.0,47.430
20,29,187,1585.31,1404.74,553.92,9049.6,47.442
20,30,186,1585.75,1404.42,553.82,9049.9,47.467
20,31,185,1584.63,1404.74,553.48,9048.6,47.481
20,32,184,1584.09,1402.58,553.82,9044.1,47.385
20,33,183,1585.61,1403.82,554.19,9045.8,47.445
20,34,182,1585.32,1402.95,554.11,9051.8,47.370
20,35,181,1584.97,1404.35,553.62,9044.8,47.464
20,36,180,1586.77,1403.65,554.27,9047.4,47.461
20,37,179,1585.62,1403.99,553.71,9052.5,47.545
20,38,178,1585.24,1403.54,553.74,9058.8,47.457
20,39,177,1584.52,1402.97,553.25,9051.3,47.483
20,40,176,1584.68,1403.99,553.45,9050.5,47.474
20,41,175,1584.57,1405.52,553.55,9051.0,47.492
20,42,174,1584.94,1403.83,553.37,9054.8,47.442
20,43,173,1585.43,1404.61,553.61,9049.3,47.517
20,44,172,1584.11,1405.92,553.58,9045.9,47.457
20,45,171,1586.77,1402.28,553.76,9051.7,47.452
20,46,170,1585.31,1403.35,553.62,9049.5,47.394
20,47,169,1584.96,1403.65,553.66,9051.1,47.359
20,48,168,1584.82,1406.09,553.47,9054.5,47.453
20,49,167,1584.52,1402.81,553.84,9055.1,47.431
20,50,166,1584.94,1404.91,553.90,9044.5,47.455
20,51,165,1586.21,1403.97,552.98,9051.4,47.440
20,52,164,1583.54,1402.49,554.09,9047.4,47.405
20,53,163,1584.97,1403.42,553.83,9049.3,47.390
20,54,162,1584.59,1404.40,553.81,9049.7,47.547
20,55,161,1585.58,1404.77,553.75,9050.8,47.428
20,56,160,1585.62,1403.90,553.87,9050.6,47.449
20,57,159,1587.35,1403.40,553.60,9052.4,47.420
20,58,158,1584.77,1403.02,553.95,9051.8,47.434
20,59,157,1585.57,1402.33,553.59,9049.4,47.391
20,60,156,1583.60,1403.72,554.01,9054.5,47.423
20,61,155,1585.59,1404.57,554.17,9048.8,47.360
20,62,154,1585.06,1403.09,553.58,9048.9,47.433
20,63,153,1585.11,1404.63,553.69,9051.4,47.451
20,64,152,1585.75,1403.83,553.78,9048.7,47.442
20,65,151,1584.37,1403.21,554.03,9046.2,47.434
20,66,150,1585.81,1403.68,554.05,9047.9,47.397
20,67,149,1583.72,1405.18,553.46,9052.6,47.400
20,68,148,1586.05,1405.99,553.29,9046.2,47.489
20,69,147,1585.41,1404.70,553.63,9057.0,47.456
20,70,146,1584.03,1403.77,553.44,9055.6,47.417
20,71,145,1585.39,1403.58,553.62,9043.3,47.480
20,72,144,1586.04,1403.18,553.34,9052.8,47.368
20,73,143,1585.98,1403.19,553.47,9050.9,47.398
20,74,142,1584.43,1404.32,553.07,9055.7,47.452
20,75,141,1583.97,1403.08,554.10,9052.1,47.519
20,76,140,1584.45,1404.27,553.93,9052.4,47.506
20,77,139,1584.43,1403.90,553.62,9049.8,47.485
20,78,138,1583.68,1405.00,553.46,9048.9,47.512
20,79,137,1585.26,1404.31,553.45,9046.3,47.497
20,80,136,1584.53,1403.55,554.09,9046.3,47.463
20,81,135,1585.03,1404.00,553.64,9048.0,47.396
20,82,134,1585.39,1403.40,554.09,9049.2,47.397
20,83,133,1584.81,1403.63,554.10,9048.7,47.436
20,84,132,1586.13,1404.46,554.30,9054.4,47.406
20,85,131,1585.79,1405.37,554.26,9053.5,47.498
20,86,130,1584.76,1403.25,553.69,9044.2,47.517
20,87,129,1584.77,1405.16,553.43,9053.8,47.425
20,88,128,1583.97,1405.46,554.13,9050.7,47.452
20,89,127,1585.35,1404.18,553.56,9048.6,47.548
20,90,126,1587.14,1405.41,553.94,9048.8,47.410
20,91,125,1584.41,1403.50,554.45,9056.3,47.487
20,92,124,1584.23,1404.80,553.73,9042.5,47.464
20,93,123,1584.33,1403.27,553.72,9048.3,47.448
20,94,122,1584.94,1402.32,554.25,9046.6,47.402
20,95,121,1584.76,1403.93,554.23,9051.0,47.478
20,96,120,1585.27,1404.27,553.88,9043.3,47.437
20,97,119,1586.00,1407.64,553.42,9051.6,47.420
20,98,118,1586.75,1402.91,553.96,9045.3,47.432
20,99,117,1585.12,1405.14,553.44,9052.6,47.448
20,100,116,1585.40,1405.09,553.37,9053.2,47.418
20,101,115,1586.10,1404.58,553.68,9048.3,47.487
20,102,114,1586.28,1403.86,553.40,9052.9,47.372
20,103,113,1584.28,1403.44,553.60,9045.9,47.347
20,104,112,1584.47,1405.04,553.33,9049.5,47.540
20,105,111,1585.40,1404.84,553.41,9058.3,47.414
20,106,110,1585.31,1405.79,553.63,9051.0,47.426
20,107,109,1585.34,1405.01,553.84,9048.7,47.401
20,108,108,1585.13,1403.50,553.18,9052.1,47.485
20,109,107,1586.39,1402.70,553.57,9047.4,47.444
20,110,106,1585.42,1405.46,553.62,9044.7,47.387
20,111,105,1585.84,1405.10,553.18,9046.1,47.437
20,112,104,1584.78,1403.61,553.45,9049.9,47.388
20,113,103,1585.42,1405.22,553.35,9052.0,47.412
20,114,102,1586.20,1406.09,553.80,9056.4,47.471
20,115,101,1586.34,1405.01,553.42,9049.0,47.428
20,116,100,1586.79,1404.85,553.50,9049.8,47.437
20,117,99,1585.88,1404.94,553.29,9054.1,47.420
20,118,98,1586.06,1405.95,553.35,9056.4,47.374
20,119,97,1586.35,1404.57,553.35,9046.8,47.458
20,120,96,1587.20,1406.65,553.44,9049.7,47.379
20,121,95,1587.91,1407.35,553.44,9051.2,47.486
20,122,94,1586.23,1406.39,553.79,9050.2,47.457
20,123,93,1587.30,1406.27,553.06,9050.8,47.428
20,124,92,1585.85,1406.54,553.50,9057.0,47.341
20,125,91,1588.14,1408.08,553.44,9050.1,47.393
20,126,90,1587.15,1406.92,553.29,9054.9,47.403
20,127,89,1587.51,1406.40,553.16,9052.1,47.501
20,128,88,1588.58,1407.44,553.64,9057.1,47.412
20,129,87,1586.32,1406.84,553.11,9050.5,47.327
20,130,86,1588.03,1407.51,552.84,9052.1,47.457
20,131,85,1587.05,1407.51,553.10,9056.7,47.354
20,132,84,1587.94,1407.65,553.20,9055.4,47.412
20,133,83,1589.74,1409.95,552.91,9047.2,47.422
20,134,82,1588.25,1408.75,553.16,9055.7,47.446
20,135,81,1589.24,1406.69,552.80,9055.4,47.392
20,136,80,1588.17,1408.48,553.32,9062.0,47.414
20,137,79,1587.79,1408.11,552.97,9058.0,47.402
20,138,78,1590.24,1407.99,553.07,9064.6,47.351
20,139,77,1588.85,1407.71,552.95,9053.9,47.430
20,140,76,1588.98,1407.88,553.15,9057.5,47.423
20,141,75,1588.08,1409.21,553.10,9055.6,47.309
20,142,74,1589.09,1410.15,553.17,9055.8,47.306
20,143,73,1588.92,1408.79,552.94,9057.2,47.329
20,144,72,1590.28,1409.51,552.90,9051.8,47.243
20,145,71,1588.39,1409.12,552.91,9049.9,47.441
20,146,70,1589.82,1410.94,552.44,9060.1,47.363
20,147,69,1590.48,1409.68,552.82,9062.4,47.324
20,148,68,1590.16,1408.37,552.85,9065.7,47.291
20,149,67,1590.04,1411.04,552.62,9059.7,47.331
20,150,66,1589.92,1410.35,552.59,9055.2,47.344
20,151,65,1591.66,1410.23,552.17,9059.1,47.309
20,152,64,1589.49,1410.92,552.29,9057.7,47.350
20,153,63,1589.48,1409.41,552.67,9053.4,47.290
20,154,62,1589.42,1410.73,552.56,9060.8,47.456
20,155,61,1591.88,1410.51,552.04,9070.2,47.386
20,156,60,1591.64,1411.61,552.44,9055.8,47.338
20,157,59,1591.39,1410.92,552.16,9066.6,47.321
20,158,58,1593.14,1410.36,552.13,9056.1,47.263
20,159,57,1590.99,1412.41,552.33,9059.4,47.209
20,160,56,1592.99,1412.07,551.88,9063.1,47.328
20,161,55,1591.72,1412.66,551.83,9065.1,47.265
20,162,54,1591.65,1413.31,552.50,9068.2,47.364
20,163,53,1592.05,1411.54,552.52,9067.8,47.274
20,164,52,1593.21,1412.83,552.51,9061.5,47.404
20,165,51,1593.27,1414.96,551.88,9065.0,47.253
20,166,50,1593.49,1414.36,552.70,9065.6,47.334
20,167,49,1592.61,1414.24,551.82,9064.6,47.303
20,168,48,1592.88,1414.03,551.78,9063.2,47.345
20,169,47,1593.47,1414.50,551.42,9066.3,47.315
20,170,46,1593.19,1416.27,551.13,9067.9,47.320
20,171,45,1594.12,1414.77,551.94,9068.5,47.245
20,172,44,1594.10,1414.67,551.40,9068.3,47.249
20,173,43,1592.85,1414.57,551.45,9069.7,47.282
20,174,42,1595.33,1414.68,551.91,9076.3,47.288
20,175,41,1595.10,1416.12,551.18,9068.8,47.282
20,176,40,1594.39,1414.93,551.77,9063.7,47.370
20,177,39,1594.87,1414.85,551.36,9066.4,47.380
20,178,38,1594.26,1416.08,551.31,9069.5,47.230
20,179,37,1594.24,1416.23,551.34,9066.0,47.226
20,180,36,1596.29,1416.35,551.05,9066.8,47.252
20,181,35,1594.47,1418.34,551.60,9073.7,47.265
20,182,34,1594.05,1418.49,551.04,9066.3,47.249
20,183,33,1597.02,1418.29,551.52,9068.3,47.221
20,184,32,1596.39,1417.47,551.47,9072.7,47.263
20,185,31,1594.29,1417.94,551.13,9070.7,47.192
20,186,30,1595.45,1418.48,551.01,9072.5,47.193
20,187,29,1597.84,1419.21,551.16,9070.1,47.265
20,188,28,1597.22,1418.77,551.33,9076.2,47.156
20,189,27,1596.27,1418.10,550.52,9071.3,47.245
20,190,26,1597.29,1418.56,551.27,9072.4,47.228
20,191,25,1598.44,1419.18,551.50,9070.7,47.307
20,192,24,1596.94,1420.01,550.64,9076.5,47.179
20,193,23,1598.16,1419.21,551.07,9070.7,47.283
20,194,22,1597.34,1418.84,551.02,9071.3,47.194
20,195,21,1598.08,1419.12,550.66,9078.1,47.241
20,196,20,1598.74,1421.56,550.32,9073.0,47.206
20,197,19,1598.66,1420.60,550.23,9067.2,47.223
20,198,18,1599.17,1421.89,550.41,9072.3,47.179
20,199,17,1599.87,1421.13,550.73,9071.7,47.166
20,200,16,1599.35,1422.71,550.50,9081.7,47.103
20,201,15,1599.72,1422.03,550.58,9073.1,47.250
20,202,14,1599.85,1421.15,550.33,9075.3,47.301
20,203,13,1600.89,1422.44,550.25,9080.1,47.207
20,204,12,1597.94,1423.25,550.24,9072.6,47.197
20,205,11,1602.29,1423.44,550.51,9083.9,47.107
20,206,10,1599.23,1423.80,550.06,9073.1,47.140
20,207,9,1601.52,1423.35,549.84,9077.6,47.139
20,208,8,1599.62,1423.63,549.63,9081.0,47.058
20,209,7,1602.20,1423.66,549.81,9080.2,47.088
20,210,6,1601.84,1423.65,549.76,9081.0,47.070
20,211,5,1600.83,1424.81,549.86,9080.5,47.139
20,212,4,1602.12,1425.41,549.85,9073.3,47.031
20,213,3,1603.85,1425.15,550.05,9079.6,47.111
20,214,2,1602.17,1427.65,549.78,9079.3,47.026
20,215,1,1604.35,1425.57,549.88,9084.6,47.081
20,216,0,1603.54,1425.46,549.30,9086.1,47.092
21,1,211,1585.33,1402.57,554.01,9051.1,47.415
21,2,210,1585.33,1403.21,554.13,9051.8,47.468
21,3,209,1584.63,1404.70,554.16,9055.6,47.423
21,4,208,1585.65,1405.26,553.73,9054.9,47.458
21,5,207,1584.19,1403.36,553.37,9049.9,47.442
21,6,206,1585.15,1405.23,553.80,9049.1,47.440
21,7,205,1583.52,1404.62,553.75,9050.3,47.440
21,8,204,1585.10,1402.82,553.80,9047.9,47.452
21,9,203,1584.19,1404.43,553.81,9045.5,47.497
21,10,202,1584.59,1403.68,554.04,9053.8,47.427
21,11,201,1585.09,1404.61,554.18,9050.3,47.474
21,12,200,1584.27,1402.64,553.97,9047.2,47.404
21,13,199,1585.51,1403.87,553.87,9045.5,47.404
21,14,198,1586.30,1403.41,553.74,9050.8,47.397
21,15,197,1586.08,1404.01,553.73,9053.7,47.496
21,16,196,1586.57,1403.61,554.46,9052.3,47.535
21,17,195,1585.79,1403.42,553.55,9043.7,47.349
21,18,194,1584.51,1405.14,553.65,9047.6,47.485
21,19,193,1584.31,1405.66,553.72,9053.3,47.440
21,20,192,1585.02,1405.01,553.87,9055.2,47.411
21,21,191,1583.96,1402.43,554.18,9053.2,47.437
21,22,190,1585.24,1404.96,553.74,9043.8,47.363
21,23,189,1584.12,1404.09,553.52,9053.6,47.386
21,24,188,1584.45,1402.36,553.67,9050.0,47.504
21,25,187,1585.10,1404.67,554.10,9051.4,47.405
21,26,186,1585.32,1405.34,553.71,9051.9,47.476
21,27,185,1584.70,1404.84,553.68,9051.6,47.438
21,28,184,1585.03,1404.84,553.22,9052.2,47.485
21,29,183,1584.54,1403.97,553.51,9047.2,47.464
21,30,182,1587.10,1404.60,553.55,9052.7,47.479
21,31,181,1583.62,1403.72,553.76,9050.4,47.448
21,32,180,1585.12,1403.16,553.70,9049.1,47.508
21,33,179,1584.44,1403.78,553.69,9055.6,47.483
21,34,178,1584.25,1404.36,553.50,9050.9,47.518
21,35,177,1583.43,1403.09,553.85,9048.6,47.461
21,36,176,1584.93,1402.49,553.99,9045.3,47.460
21,37,175,1584.64,1406.16,553.76,9051.2,47.478
21,38,174,1585.27,1403.98,553.50,9049.6,47.357
21,39,173,1585.39,1406.63,553.85,9051.2,47.372
21,40,172,1584.35,1404.81,553.37,9047.5,47.478
21,41,171,1585.65,1403.90,553.84,9050.4,47.388
21,42,170,1584.94,1404.22,553.77,9043.3,47.527
21,43,169,1584.13,1404.06,553.90,9048.4,47.462
21,44,168,1584.38,1405.93,553.72,9053.1,47.395
21,45,167,1585.58,1403.35,553.38,9046.3,47.408
21,46,166,1585.09,1406.59,554.62,9048.9,47.498
21,47,165,1584.00,1402.11,553.81,9051.9,47.489
21,48,164,1585.86,1403.70,553.82,9052.9,47.510
21,49,163,1584.27,1404.19,553.99,9050.5,47.419
21,50,162,1585.00,1404.48,553.57,9045.8,47.553
21,51,161,1585.15,1404.84,553.86,9053.7,47.454
21,52,160,1585.47,1403.00,553.27,9048.3,47.379
21,53,159,1583.31,1404.27,553.27,9053.3,47.522
21,54,158,1583.85,1404.26,554.36,9048.3,47.481
21,55,157,1586.91,1402.49,553.49,9052.0,47.559
21,56,156,1584.43,1406.19,553.84,9043.1,47.530
21,57,155,1584.63,1404.40,553.30,9047.4,47.375
21,58,154,1583.72,1404.09,553.97,9048.1,47.378
21,59,153,1583.98,1404.33,553.83,9051.4,47.528
21,60,152,1585.46,1404.37,554.51,9049.0,47.569
21,61,151,1586.14,1403.73,554.04,9049.2,47.378
21,62,150,1584.99,1402.68,553.87,9052.8,47.439
21,63,149,1585.18,1404.19,554.05,9050.3,47.434
21,64,148,1585.64,1404.14,553.16,9048.8,47.424
21,65,147,1585.12,1404.04,553.21,9044.8,47.402
21,66,146,1585.05,1404.97,553.32,9047.6,47.448
21,67,145,1584.25,1404.08,553.99,9047.4,47.466
21,68,144,1584.91,1402.97,553.76,9051.6,47.521
21,69,143,1586.32,1403.49,553.61,9050.1,47.423
21,70,142,1585.97,1404.09,553.82,9052.3,47.458
21,71,141,1585.24,1404.24,553.76,9046.8,47.538
21,72,140,1584.28,1405.49,553.90,9047.9,47.478
21,73,139,1585.63,1405.55,553.41,9049.5,47.519
21,74,138,1585.60,1404.44,554.24,9049.4,47.330
21,75,137,1584.71,1405.81,553.89,9047.1,47.517
21,76,136,1585.68,1404.13,553.98,9046.4,47.432
21,77,135,1584.95,1404.99,553.64,9049.9,47.522
21,78,134,1587.02,1403.22,553.84,9044.7,47.449
21,79,133,1584.77,1405.13,553.45,9045.4,47.526
21,80,132,1584.49,1404.18,553.89,9047.2,47.411
21,81,131,1585.90,1404.61,553.80,9049.5,47.466
21,82,130,1585.31,1405.14,553.79,9051.6,47.486
21,83,129,1585.59,1405.30,553.80,9048.0,47.432
21,84,128,1585.51,1403.90,554.49,9050.0,47.402
21,85,127,1585.26,1405.38,553.56,9047.0,47.441
21,86,126,1584.48,1402.78,553.34,9050.8,47.486
21,87,125,1584.44,1403.94,553.86,9046.1,47.493
21,88,124,1585.17,1404.47,554.00,9058.5,47.399
21,89,123,1584.29,1405.51,554.00,9050.2,47.426
21,90,122,1584.81,1403.81,553.35,9053.4,47.349
21,91,121,1584.32,1403.61,554.44,9049.6,47.466
21,92,120,1584.30,1404.78,554.69,9051.7,47.433
21,93,119,1583.37,1404.62,553.50,9047.4,47.497
21,94,118,1584.62,1403.92,554.02,9047.5,47.386
21,95,117,1585.37,1404.68,553.63,9047.8,47.395
21,96,116,1585.57,1405.73,554.08,9049.7,47.486
21,97,115,1584.34,1404.34,553.47,9049.6,47.504
21,98,114,1585.68,1404.54,553.92,9047.5,47.457
21,99,113,1585.68,1403.84,553.73,9048.4,47.435
21,100,112,1584.46,1404.12,553.68,9045.0,47.578
21,101,111,1584.29,1404.02,553.79,9048.3,47.443
21,102,110,1584.50,1404.85,553.76,9052.8,47.520
21,103,109,1584.98,1404.94,554.21,9049.9,47.481
21,104,108,1584.88,1405.38,553.59,9052.9,47.495
21,105,107,1584.36,1403.77,553.52,9054.3,47.385
21,106,106,1585.62,1405.09,553.77,9055.1,47.347
21,107,105,1585.90,1404.34,553.25,9047.0,47.520
21,108,104,1585.98,1405.31,553.98,9046.1,47.453
21,109,103,1586.42,1404.30,554.08,9048.8,47.446
21,110,102,1585.93,1405.43,553.57,9054.6,47.460
21,111,101,1584.37,1406.49,553.35,9057.9,47.429
21,112,100,1585.48,1405.28,553.41,9044.7,47.430
21,113,99,1586.13,1406.40,553.25,9053.5,47.429
21,114,98,1585.94,1405.99,553.43,9052.2,47.487
21,115,97,1586.82,1404.12,553.38,9051.3,47.471
21,116,96,1585.88,1405.40,553.92,9050.7,47.503
21,117,95,1584.88,1405.07,553.12,9052.5,47.465
21,118,94,1586.13,1405.11,553.10,9058.1,47.424
21,119,93,1585.99,1407.06,553.38,9049.2,47.388
21,120,92,1585.76,1404.81,553.25,9061.0,47.364
21,121,91,1585.35,1406.14,553.42,9055.1,47.392
21,122,90,1585.95,1407.52,552.93,9054.2,47.453
21,123,89,1587.40,1405.86,553.02,9058.4,47.394
21,124,88,1588.08,1406.59,553.22,9054.7,47.472
21,125,87,1587.02,1405.73,552.81,9052.0,47.452
21,126,86,1586.26,1407.14,553.33,9056.3,47.293
21,127,85,1586.04,1406.25,553.85,9051.2,47.401
21,128,84,1589.01,1407.19,553.52,9051.8,47.464
21,129,83,1588.47,1407.40,553.21,9056.2,47.322
21,130,82,1588.40,1406.32,553.13,9059.1,47.456
21,131,81,1586.35,1406.38,553.37,9048.6,47.470
21,132,80,1587.86,1408.66,552.93,9052.6,47.448
21,133,79,1587.66,1406.42,553.29,9049.6,47.466
21,134,78,1588.17,1406.89,553.44,9059.4,47.391
21,135,77,1589.97,1409.87,553.16,9059.3,47.454
21,136,76,1587.37,1408.26,552.83,9052.9,47.392
21,137,75,1588.57,1406.72,553.11,9055.2,47.454
21,138,74,1589.47,1407.56,553.37,9058.2,47.370
21,139,73,1588.27,1407.46,552.58,9050.1,47.380
21,140,72,1587.17,1407.88,553.11,9062.0,47.318
21,141,71,1589.44,1408.56,552.72,9057.6,47.340
21,142,70,1589.03,1409.07,553.19,9062.1,47.340
21,143,69,1589.03,1409.91,552.76,9060.0,47.413
21,144,68,1590.20,1409.44,552.43,9057.2,47.339
21,145,67,1590.16,1410.91,553.21,9061.2,47.315
21,146,66,1590.81,1410.11,552.46,9061.3,47.348
21,147,65,1588.27,1409.03,552.65,9058.2,47.303
21,148,64,1590.59,1410.56,552.21,9068.1,47.292
21,149,63,1589.77,1410.62,552.46,9064.2,47.341
21,150,62,1589.56,1411.03,551.69,9061.3,47.412
21,151,61,1588.61,1410.30,552.03,9059.7,47.456
21,152,60,1590.80,1410.66,551.64,9056.1,47.334
21,153,59,1590.85,1411.37,552.68,9057.1,47.340
21,154,58,1590.54,1410.41,552.15,9062.4,47.206
21,155,57,1589.62,1414.31,552.18,9066.0,47.328
21,156,56,1590.82,1412.25,552.36,9060.5,47.326
21,157,55,1591.75,1411.25,552.15,9058.0,47.264
21,158,54,1593.09,1411.26,552.56,9060.5,47.349
21,159,53,1591.78,1410.67,552.23,9064.2,47.270
21,160,52,1593.81,1413.23,552.42,9065.6,47.198
21,161,51,1592.69,1414.76,552.37,9061.7,47.256
21,162,50,1591.33,1411.73,551.98,9059.2,47.300
21,163,49,1592.64,1411.59,551.83,9061.3,47.274
21,164,48,1592.67,1413.47,551.89,9061.3,47.300
21,165,47,1593.99,1412.27,552.31,9058.2,47.316
21,166,46,1593.86,1412.61,552.03,9060.6,47.353
21,167,45,1591.93,1413.23,551.92,9067.1,47.295
21,168,44,1593.79,1413.76,551.51,9070.0,47.312
21,169,43,1593.19,1413.00,552.17,9069.7,47.272
21,170,42,1593.24,1414.48,551.69,9068.3,47.223
21,171,41,1593.49,1414.78,551.79,9069.0,47.291
21,172,40,1595.55,1414.29,552.10,9062.9,47.252
21,173,39,1594.65,1416.48,551.50,9068.0,47.253
21,174,38,1592.70,1415.62,551.20,9071.4,47.328
21,175,37,1594.07,1415.01,551.34,9069.2,47.288
21,176,36,1597.66,1415.86,551.51,9074.4,47.271
21,177,35,1594.26,1416.69,551.65,9066.8,47.293
21,178,34,1595.90,1416.22,551.85,9065.6,47.271
21,179,33,1595.05,1415.35,551.45,9075.5,47.242
21,180,32,1594.54,1417.33,551.05,9072.8,47.230
21,181,31,1594.53,1417.83,551.31,9068.4,47.185
21,182,30,1597.58,1417.22,551.47,9068.2,47.267
21,183,29,1596.40,1417.91,550.90,9072.0,47.299
21,184,28,1595.74,1417.39,551.98,9067.1,47.197
21,185,27,1597.89,1419.67,550.32,9073.6,47.211
21,186,26,1596.87,1419.71,550.90,9069.5,47.201
21,187,25,1596.93,1419.23,551.35,9073.2,47.212
21,188,24,1597.86,1419.88,551.07,9069.7,47.230
21,189,23,1595.94,1420.83,551.31,9075.6,47.267
21,190,22,1597.80,1419.04,550.42,9076.4,47.162
21,191,21,1597.78,1420.18,550.74,9074.2,47.105
21,192,20,1598.11,1420.99,550.57,9070.6,47.239
21,193,19,1598.18,1420.69,550.58,9074.0,47.264
21,194,18,1599.20,1419.70,550.48,9073.0,47.194
21,195,17,1599.70,1421.10,550.54,9067.0,47.245
21,196,16,1599.06,1421.58,550.56,9072.5,47.162
21,197,15,1598.80,1422.87,549.77,9072.3,47.153
21,198,14,1600.85,1422.55,549.89,9075.6,47.201
21,199,13,1601.66,1421.88,549.97,9077.6,47.158
21,200,12,1600.49,1423.09,550.37,9078.7,47.238
21,201,11,1600.11,1421.66,550.31,9072.8,47.095
21,202,10,1599.92,1421.92,550.51,9077.9,47.182
21,203,9,1601.23,1423.14,550.40,9076.4,47.134
21,204,8,1600.49,1424.88,550.02,9080.6,47.109
21,205,7,1601.97,1424.61,549.51,9079.0,47.139
21,206,6,1601.29,1425.45,549.58,9077.8,47.086
21,207,5,1602.60,1423.58,549.34,9081.3,47.117
21,208,4,1602.85,1425.53,549.82,9075.2,47.059
21,209,3,1600.84,1424.97,549.57,9080.1,47.123
21,210,2,1604.02,1425.92,549.74,9075.6,47.111
21,211,1,1603.46,1426.05,549.34,9080.2,47.108
21,212,0,1602.67,1425.44,548.96,9079.3,47.113
22,1,220,1584.29,1404.05,554.19,9049.5,47.398
22,2,219,1583.73,1403.31,553.68,9052.9,47.394
22,3,218,1586.24,1402.80,554.50,9056.0,47.457
22,4,217,1583.68,1403.95,553.68,9045.5,47.465
22,5,216,1584.34,1403.36,553.74,9048.0,47.554
22,6,215,1584.57,1404.40,553.84,9051.2,47.471
22,7,214,1585.71,1404.24,553.87,9050.2,47.443
22,8,213,1584.27,1403.95,553.87,9051.4,47.459
22,9,212,1584.81,1403.95,553.63,9051.1,47.439
22,10,211,1585.14,1404.90,553.59,9052.1,47.452
22,11,210,1586.62,1403.81,554.01,9050.1,47.381
22,12,209,1584.58,1404.79,553.67,9042.2,47.448
22,13,208,1584.13,1404.12,554.27,9052.7,47.527
22,14,207,1584.55,1403.87,553.49,9047.6,47.404
22,15,206,1583.95,1405.23,553.17,9054.8,47.512
22,16,205,1585.40,1403.00,553.33,9048.1,47.481
22,17,204,1585.00,1403.06,554.14,9055.9,47.439
22,18,203,1585.09,1402.64,553.68,9051.8,47.468
22,19,202,1584.59,1403.75,553.67,9049.0,47.471
22,20,201,1583.43,1403.93,553.90,9048.0,47.426
22,21,200,1584.64,1403.57,553.80,9050.5,47.345
22,22,199,1585.52,1403.74,554.38,9045.8,47.407
22,23,198,1584.84,1404.37,553.21,9047.1,47.480
22,24,197,1584.24,1405.23,553.66,9046.9,47.481
22,25,196,1586.29,1404.37,554.18,9055.9,47.404
22,26,195,1585.75,1402.63,553.93,9049.8,47.512
22,27,194,1585.94,1404.51,553.89,9051.8,47.453
22,28,193,1584.95,1405.30,554.27,9049.5,47.462
22,29,192,1585.07,1402.55,553.70,9055.6,47.413
22,30,191,1586.69,1405.05,553.92,9052.0,47.404
22,31,190,1584.79,1405.30,553.62,9053.7,47.381
22,32,189,1584.04,1405.71,553.80,9048.1,47.518
22,33,188,1586.00,1404.83,553.63,9049.0,47.466
22,34,187,1585.56,1403.54,553.85,9050.9,47.514
22,35,186,1585.60,1402.64,553.74,9046.7,47.478
22,36,185,1585.74,1404.09,553.72,9050.2,47.460
22,37,184,1584.49,1402.90,553.18,9054.4,47.475
22,38,183,1585.29,1405.14,553.42,9043.9,47.469
22,39,182,1585.23,1402.44,553.91,9048.6,47.410
22,40,181,1584.73,1401.80,553.62,9047.5,47.478
22,41,180,1584.87,1404.57,553.04,9047.1,47.478
22,42,179,1584.75,1404.76,553.26,9052.6,47.418
22,43,178,1584.41,1404.89,554.15,9053.6,47.552
22,44,177,1586.01,1403.28,553.84,9048.7,47.551
22,45,176,1585.88,1403.83,554.06,9045.7,47.463
22,46,175,1584.25,1402.48,554.04,9053.2,47.473
22,47,174,1584.85,1402.86,553.45,9046.6,47.438
22,48,173,1585.86,1404.95,553.31,9047.6,47.414
22,49,172,1582.97,1404.51,553.73,9049.6,47.517
22,50,171,1585.07,1403.61,553.97,9053.7,47.465
22,51,170,1585.55,1403.87,553.78,9050.4,47.412
22,52,169,1584.55,1405.24,554.40,9055.6,47.384
22,53,168,1583.86,1402.93,553.84,9040.2,47.421
22,54,167,1586.13,1404.88,553.65,9048.5,47.478
22,55,166,1585.75,1403.52,553.73,9048.0,47.383
22,56,165,1584.82,1403.73,553.42,9052.3,47.474
22,57,164,1585.56,1403.31,553.20,9051.6,47.417
22,58,163,1584.29,1402.87,553.72,9055.5,47.425
22,59,162,1584.13,1404.59,553.85,9042.6,47.483
22,60,161,1586.70,1401.66,553.43,9040.0,47.446
22,61,160,1585.79,1404.09,554.22,9052.9,47.535
22,62,159,1585.93,1403.64,553.82,9047.0,47.438
22,63,158,1585.05,1403.92,554.20,9048.8,47.403
22,64,157,1584.30,1404.59,553.38,9049.3,47.516
22,65,156,1585.23,1403.93,553.79,9046.4,47.407
22,66,155,1584.84,1404.24,554.08,9050.3,47.518
22,67,154,1586.28,1404.72,554.17,9046.5,47.393
22,68,153,1585.41,1402.79,553.71,9052.7,47.521
22,69,152,1584.80,1403.42,553.90,9046.2,47.441
22,70,151,1584.99,1403.97,553.83,9047.1,47.414
22,71,150,1584.40,1402.54,553.90,9053.1,47.490
22,72,149,1584.79,1403.27,554.02,9052.2,47.461
22,73,148,1586.40,1403.98,553.72,9048.6,47.372
22,74,147,1585.53,1403.91,553.95,9056.4,47.430
22,75,146,1583.13,1404.43,553.85,9047.4,47.470
22,76,145,1585.63,1403.15,553.71,9055.2,47.414
22,77,144,1585.05,1401.64,553.36,9050.6,47.511
22,78,143,1583.91,1404.07,553.69,9053.3,47.389
22,79,142,1585.34,1403.41,553.87,9050.2,47.437
22,80,141,1585.38,1404.04,553.76,9048.8,47.454
22,81,140,1585.18,1403.11,553.70,9046.3,47.448
22,82,139,1584.53,1404.69,554.00,9046.8,47.450
22,83,138,1585.51,1403.84,553.58,9046.2,47.493
22,84,137,1585.72,1403.81,554.03,9039.6,47.516
22,85,136,1584.87,1404.13,553.70,9054.9,47.397
22,86,135,1586.18,1404.36,553.99,9048.8,47.385
22,87,134,1585.74,1404.28,554.21,9049.3,47.429
22,88,133,1586.11,1405.72,553.80,9047.4,47.491
22,89,132,1584.80,1404.54,553.72,9055.5,47.415
22,90,131,1585.38,1403.56,553.72,9048.6,47.487
22,91,130,1585.73,1404.50,553.77,9050.5,47.495
22,92,129,1585.74,1401.58,553.72,9049.2,47.483
22,93,128,1584.95,1404.65,553.48,9050.9,47.495
22,94,127,1583.82,1406.26,554.16,9050.0,47.409
22,95,126,1584.86,1404.08,553.93,9055.3,47.426
22,96,125,1585.45,1402.84,553.68,9051.3,47.485
22,97,124,1584.40,1403.60,554.24,9054.1,47.460
22,98,123,1583.21,1406.26,553.79,9048.9,47.424
22,99,122,1585.30,1404.35,554.09,9046.8,47.434
22,100,121,1586.62,1404.20,553.75,9046.7,47.475
22,101,120,1585.82,1404.79,553.72,9051.3,47.534
22,102,119,1585.86,1403.29,553.04,9051.0,47.490
22,103,118,1584.13,1403.99,553.72,9050.4,47.423
22,104,117,1586.03,1404.13,553.54,9053.2,47.387
22,105,116,1586.03,1404.89,554.22,9049.4,47.425
22,106,115,1585.07,1403.92,553.60,9048.1,47.432
22,107,114,1584.06,1404.61,553.78,9048.9,47.394
22,108,113,1584.07,1405.74,553.61,9052.1,47.458
22,109,112,1582.78,1405.61,554.01,9047.3,47.449
22,110,111,1584.08,1405.64,553.53,9048.2,47.414
22,111,110,1585.06,1405.23,554.34,9048.6,47.469
22,112,109,1585.07,1403.12,554.53,9054.8,47.459
22,113,108,1586.27,1405.09,553.82,9051.1,47.526
22,114,107,1584.24,1405.51,553.73,9055.3,47.450
22,115,106,1585.27,1403.97,553.64,9049.1,47.519
22,116,105,1583.15,1402.88,553.58,9046.2,47.525
22,117,104,1586.01,1404.53,553.61,9054.7,47.371
22,118,103,1586.71,1403.38,553.72,9048.5,47.396
22,119,102,1586.54,1404.71,554.16,9045.7,47.459
22,120,101,1585.42,1404.24,553.45,9053.8,47.456
22,121,100,1584.24,1402.33,553.98,9058.6,47.399
22,122,99,1585.14,1405.00,553.42,9048.3,47.407
22,123,98,1585.79,1405.19,553.85,9047.1,47.428
22,124,97,1584.50,1403.12,553.77,9052.0,47.475
22,125,96,1584.99,1404.05,553.78,9045.5,47.458
22,126,95,1584.53,1402.79,553.91,9047.9,47.461
22,127,94,1585.68,1403.14,553.83,9043.7,47.527
22,128,93,1583.93,1403.55,554.20,9049.2,47.390
22,129,92,1585.61,1404.67,553.60,9048.2,47.427
22,130,91,1584.91,1402.39,553.73,9056.4,47.404
22,131,90,1584.65,1403.08,553.96,9054.4,47.507
22,132,89,1584.17,1404.65,554.19,9052.1,47.471
22,133,88,1584.84,1404.47,554.12,9051.5,47.383
22,134,87,1584.92,1405.43,553.83,9050.9,47.417
22,135,86,1586.30,1405.92,554.10,9055.7,47.425
22,136,85,1585.02,1404.37,553.71,9055.8,47.500
22,137,84,1585.93,1403.32,553.18,9051.7,47.484
22,138,83,1585.52,1406.43,553.34,9046.8,47.405
22,139,82,1585.11,1405.29,553.52,9045.8,47.482
22,140,81,1584.35,1403.96,553.14,9052.1,47.445
22,141,80,1587.39,1405.87,554.03,9052.5,47.385
22,142,79,1586.06,1405.70,553.79,9050.0,47.456
22,143,78,1585.31,1404.36,553.22,9052.0,47.371
22,144,77,1585.83,1406.24,553.22,9050.3,47.431
22,145,76,1586.48,1405.11,553.74,9054.3,47.482
22,146,75,1586.33,1405.24,553.27,9053.6,47.404
22,147,74,1586.06,1405.45,553.24,9053.4,47.350
22,148,73,1586.88,1406.61,553.24,9059.6,47.419
22,149,72,1585.51,1405.90,553.41,9054.7,47.403
22,150,71,1586.08,1405.33,553.16,9051.4,47.356
22,151,70,1586.44,1407.07,553.82,9056.2,47.476
22,152,69,1587.94,1407.39,553.19,9054.3,47.387
22,153,68,1587.13,1406.88,553.48,9055.6,47.397
22,154,67,1587.49,1407.38,553.43,9049.0,47.349
22,155,66,1588.48,1407.11,553.07,9053.7,47.386
22,156,65,1588.19,1406.35,553.17,9055.7,47.416
22,157,64,1588.07,1408.00,552.95,9051.9,47.517
22,158,63,1587.81,1407.56,553.29,9061.0,47.363
22,159,62,1587.41,1406.81,553.53,9052.1,47.386
22,160,61,1587.59,1406.82,552.93,9052.7,47.350
22,161,60,1590.14,1408.71,553.25,9059.2,47.376
22,162,59,1588.35,1408.75,552.99,9054.6,47.384
22,163,58,1588.31,1408.58,552.80,9052.4,47.257
22,164,57,1588.30,1410.57,552.76,9059.9,47.265
22,165,56,1588.42,1407.95,552.75,9066.0,47.391
22,166,55,1590.76,1409.16,553.18,9065.1,47.359
22,167,54,1589.16,1408.42,552.64,9058.4,47.462
22,168,53,1588.74,1409.89,552.14,9057.0,47.373
22,169,52,1590.37,1410.59,552.76,9060.8,47.356
22,170,51,1589.31,1408.63,552.43,9058.7,47.413
22,171,50,1590.26,1410.35,552.67,9058.6,47.387
22,172,49,1592.12,1412.74,552.54,9061.0,47.421
22,173,48,1590.62,1411.62,552.12,9059.1,47.396
22,174,47,1590.36,1411.14,551.94,9067.6,47.398
22,175,46,1591.29,1411.96,552.49,9065.8,47.305
22,176,45,1591.93,1412.73,552.68,9053.4,47.297
22,177,44,1590.74,1412.15,551.67,9054.5,47.431
22,178,43,1592.26,1412.38,552.33,9062.5,47.368
22,179,42,1591.47,1412.70,552.24,9058.7,47.378
22,180,41,1591.84,1413.71,552.16,9068.5,47.258
22,181,40,1591.55,1412.25,552.11,9068.6,47.385
22,182,39,1590.79,1413.56,551.05,9066.4,47.357
22,183,38,1592.83,1413.68,551.99,9061.2,47.319
22,184,37,1592.90,1414.72,551.88,9061.4,47.216
22,185,36,1591.82,1415.34,551.72,9066.0,47.378
22,186,35,1593.09,1413.88,551.77,9065.3,47.378
22,187,34,1595.03,1415.29,552.19,9065.0,47.294
22,188,33,1593.77,1413.85,552.06,9067.9,47.276
22,189,32,1594.25,1413.95,551.35,9067.6,47.244
22,190,31,1594.31,1415.50,551.38,9063.5,47.185
22,191,30,1594.61,1416.45,551.04,9067.2,47.275
22,192,29,1594.18,1417.47,551.36,9067.4,47.248
22,193,28,1593.81,1417.40,551.13,9067.3,47.281
22,194,27,1596.64,1415.83,551.22,9073.5,47.270
22,195,26,1596.26,1416.16,551.18,9068.5,47.199
22,196,25,1594.64,1416.96,551.65,9069.7,47.305
22,197,24,1596.37,1417.04,551.56,9070.7,47.280
22,198,23,1595.63,1418.98,551.44,9071.4,47.186
22,199,22,1596.71,1418.91,551.13,9073.0,47.272
22,200,21,1596.49,1417.64,550.99,9070.2,47.256
22,201,20,1596.42,1419.92,551.34,9071.8,47.214
22,202,19,1596.93,1418.84,550.75,9077.3,47.203
22,203,18,1596.75,1419.89,551.06,9072.7,47.274
22,204,17,1598.70,1419.04,550.58,9074.0,47.112
22,205,16,1598.62,1418.74,550.99,9076.9,47.216
22,206,15,1598.09,1420.81,550.47,9070.6,47.168
22,207,14,1599.46,1421.04,550.99,9077.4,47.213
22,208,13,1597.90,1421.08,550.17,9074.6,47.140
22,209,12,1599.16,1422.64,550.57,9079.2,47.089
22,210,11,1599.80,1422.90,550.81,9070.8,47.146
22,211,10,1600.86,1422.20,550.02,9071.3,47.110
22,212,9,1598.97,1422.78,550.49,9072.8,47.165
22,213,8,1601.29,1423.08,549.67,9079.1,47.144
22,214,7,1600.78,1422.95,550.12,9080.1,47.260
22,215,6,1601.29,1425.16,550.13,9078.4,47.142
22,216,5,1600.52,1424.43,549.35,9076.3,47.135
22,217,4,1602.75,1425.81,549.81,9080.4,47.173
22,218,3,1601.03,1425.25,549.56,9079.8,47.095
22,219,2,1602.74,1425.75,550.01,9082.1,47.120
22,220,1,1604.18,1424.25,550.18,9080.4,47.134
22,221,0,1602.74,1425.37,549.75,9085.6,47.124
23,1,185,1583.19,1404.19,553.68,9052.8,47.436
23,2,184,1584.54,1404.84,554.18,9049.7,47.446
23,3,183,1586.02,1405.04,554.11,9048.6,47.417
23,4,182,1586.31,1404.55,553.58,9049.6,47.454
23,5,181,1584.92,1403.74,554.17,9051.8,47.563
23,6,180,1586.03,1404.12,554.23,9051.2,47.571
23,7,179,1584.75,1404.41,553.62,9048.7,47.433
23,8,178,1585.99,1404.19,553.06,9050.3,47.401
23,9,177,1584.65,1405.04,553.40,9045.7,47.367
23,10,176,1584.69,1402.48,553.32,9049.2,47.466
23,11,175,1584.27,1404.32,553.83,9051.9,47.398
23,12,174,1586.59,1402.97,553.61,9051.8,47.456
23,13,173,1585.68,1403.72,553.43,9044.7,47.539
23,14,172,1584.76,1403.85,554.34,9048.3,47.451
23,15,171,1584.17,1402.82,554.37,9056.7,47.501
23,16,170,1585.79,1404.68,553.58,9051.0,47.425
23,17,169,1582.93,1405.01,553.97,9045.4,47.432
23,18,168,1585.84,1404.12,553.29,9045.8,47.543
23,19,167,1585.05,1404.95,554.35,9048.4,47.468
23,20,166,1583.43,1403.45,553.97,9049.3,47.473
23,21,165,1585.74,1404.50,553.90,9050.7,47.422
23,22,164,1584.26,1405.22,554.04,9047.2,47.453
23,23,163,1583.89,1403.57,553.96,9050.9,47.456
23,24,162,1584.29,1403.02,554.08,9055.9,47.477
23,25,161,1584.86,1405.10,553.55,9053.7,47.420
23,26,160,1584.56,1403.70,553.77,9053.2,47.385
23,27,159,1584.52,1404.19,553.97,9044.0,47.410
23,28,158,1583.60,1403.37,553.67,9051.8,47.335
23,29,157,1585.52,1403.54,553.70,9053.4,47.517
23,30,156,1584.48,1403.40,553.69,9047.7,47.378
23,31,155,1584.97,1403.41,553.83,9056.0,47.445
23,32,154,1584.40,1403.75,553.84,9049.4,47.422
23,33,153,1583.67,1404.57,553.53,9055.1,47.432
23,34,152,1584.59,1403.58,553.85,9047.0,47.416
23,35,151,1585.50,1403.08,553.96,9052.9,47.483
23,36,150,1585.19,1402.38,553.44,9045.3,47.431
23,37,149,1585.02,1402.93,553.75,9052.4,47.400
23,38,148,1584.35,1405.06,553.52,9051.2,47.512
23,39,147,1584.05,1403.00,553.73,9050.2,47.418
23,40,146,1586.58,1404.48,553.56,9045.2,47.447
23,41,145,1585.35,1405.66,553.82,9049.1,47.401
23,42,144,1585.30,1404.92,553.26,9050.3,47.399
23,43,143,1583.91,1405.52,554.07,9047.9,47.442
23,44,142,1584.75,1402.99,553.64,9052.7,47.422
23,45,141,1585.37,1403.50,553.44,9054.2,47.343
23,46,140,1586.43,1404.90,553.85,9048.4,47.432
23,47,139,1585.16,1404.17,553.51,9050.2,47.463
23,48,138,1584.76,1406.02,553.76,9043.8,47.399
23,49,137,1585.56,1403.35,553.50,9054.9,47.458
23,50,136,1584.52,1401.51,553.99,9050.1,47.515
23,51,135,1584.12,1403.66,553.89,9054.4,47.463
23,52,134,1584.43,1405.17,553.71,9050.6,47.488
23,53,133,1586.25,1404.33,554.58,9049.7,47.465
23,54,132,1584.51,1404.29,553.89,9053.7,47.472
23,55,131,1584.58,1404.23,553.60,9051.9,47.422
23,56,130,1583.88,1402.98,553.45,9048.2,47.408
23,57,129,1584.98,1403.65,553.95,9051.3,47.434
23,58,128,1585.99,1403.17,554.10,9050.5,47.430
23,59,127,1585.90,1404.50,553.48,9051.3,47.468
23,60,126,1585.81,1404.53,554.00,9048.5,47.440
23,61,125,1584.80,1402.56,554.19,9046.1,47.463
23,62,124,1584.74,1403.79,554.00,9047.3,47.473
23,63,123,1585.37,1403.30,554.07,9054.8,47.551
23,64,122,1584.79,1404.17,553.88,9052.3,47.537
23,65,121,1585.39,1404.46,553.47,9057.2,47.426
23,66,120,1582.87,1401.95,553.90,9045.5,47.453
23,67,119,1583.80,1404.27,553.97,9050.6,47.415
23,68,118,1585.70,1403.64,553.74,9048.2,47.437
23,69,117,1586.50,1404.00,553.42,9046.6,47.436
23,70,116,1584.36,1404.85,553.37,9049.6,47.501
23,71,115,1584.50,1404.40,553.79,9049.9,47.476
23,72,114,1583.51,1405.08,553.23,9054.0,47.472
23,73,113,1585.38,1405.45,554.16,9052.8,47.435
23,74,112,1584.71,1404.76,553.94,9051.1,47.447
23,75,111,1584.67,1402.75,553.99,9049.4,47.438
23,76,110,1583.55,1404.08,553.39,9048.5,47.490
23,77,109,1585.05,1403.91,553.58,9048.1,47.529
23,78,108,1585.62,1403.58,553.77,9050.9,47.472
23,79,107,1584.98,1402.41,553.79,9049.7,47.553
23,80,106,1587.15,1404.58,553.60,9052.4,47.365
23,81,105,1584.57,1402.54,553.97,9045.8,47.436
23,82,104,1584.96,1403.97,553.66,9051.2,47.387
23,83,103,1586.39,1403.07,553.81,9052.2,47.484
23,84,102,1585.62,1402.57,553.52,9050.5,47.474
23,85,101,1586.01,1403.54,553.53,9048.1,47.563
23,86,100,1586.20,1403.85,554.19,9048.0,47.498
23,87,99,1583.90,1404.32,554.11,9048.9,47.481
23,88,98,1584.55,1404.27,553.66,9052.9,47.387
23,89,97,1584.19,1405.18,553.06,9047.8,47.443
23,90,96,1585.28,1403.57,553.46,9054.3,47.503
23,91,95,1584.70,1402.39,553.89,9050.6,47.417
23,92,94,1583.44,1403.76,554.03,9053.2,47.448
23,93,93,1584.50,1404.66,553.46,9045.3,47.446
23,94,92,1586.25,1405.44,553.40,9048.5,47.571
23,95,91,1584.49,1405.51,554.08,9054.2,47.427
23,96,90,1584.74,1403.27,554.02,9044.4,47.440
23,97,89,1586.42,1404.68,554.07,9044.5,47.398
23,98,88,1586.11,1404.32,553.45,9052.5,47.420
23,99,87,1587.25,1404.81,553.47,9053.5,47.526
23,100,86,1585.28,1403.66,553.75,9048.4,47.432
23,101,85,1584.24,1405.22,553.37,9052.8,47.428
23,102,84,1585.61,1404.10,553.76,9052.3,47.424
23,103,83,1584.12,1404.92,553.80,9045.9,47.391
23,104,82,1585.31,1402.66,553.87,9049.3,47.453
23,105,81,1584.83,1406.65,553.22,9049.5,47.497
23,106,80,1584.85,1405.03,553.81,9046.1,47.402
23,107,79,1586.02,1405.47,553.35,9058.0,47.457
23,108,78,1586.59,1405.83,553.10,9051.3,47.430
23,109,77,1585.87,1405.50,552.92,9052.4,47.414
23,110,76,1584.49,1405.83,553.17,9050.8,47.414
23,111,75,1584.82,1404.03,553.66,9050.2,47.405
23,112,74,1586.48,1404.15,553.35,9052.1,47.511
23,113,73,1585.80,1406.59,553.44,9048.8,47.388
23,114,72,1587.36,1406.73,553.26,9054.2,47.366
23,115,71,1586.65,1405.80,553.66,9054.8,47.381
23,116,70,1586.46,1406.33,553.30,9052.4,47.395
23,117,69,1588.16,1406.11,553.41,9062.1,47.368
23,118,68,1587.35,1406.91,553.28,9054.1,47.363
23,119,67,1587.63,1405.21,553.79,9060.2,47.388
23,120,66,1588.33,1406.78,553.22,9052.0,47.443
23,121,65,1587.17,1407.93,553.17,9054.6,47.324
23,122,64,1587.84,1406.38,553.17,9061.7,47.326
23,123,63,1587.83,1407.03,552.80,9052.5,47.466
23,124,62,1589.49,1406.85,553.20,9052.3,47.356
23,125,61,1586.63,1409.91,553.37,9053.5,47.401
23,126,60,1588.11,1409.04,552.90,9055.4,47.350
23,127,59,1589.08,1410.39,552.88,9055.4,47.379
23,128,58,1588.98,1408.34,552.80,9057.0,47.289
23,129,57,1588.50,1407.02,552.73,9053.7,47.405
23,130,56,1588.53,1408.71,552.19,9060.9,47.316
23,131,55,1588.91,1409.95,553.03,9053.8,47.393
23,132,54,1588.56,1409.69,552.52,9054.4,47.365
23,133,53,1589.09,1411.52,552.53,9054.1,47.314
23,134,52,1589.84,1410.03,552.76,9061.8,47.272
23,135,51,1590.81,1409.34,552.74,9065.0,47.312
23,136,50,1589.57,1409.48,552.48,9063.7,47.292
23,137,49,1590.04,1411.52,552.72,9057.9,47.334
23,138,48,1591.37,1412.31,553.00,9064.8,47.307
23,139,47,1592.29,1410.47,551.94,9060.8,47.410
23,140,46,1591.57,1411.32,552.48,9062.6,47.340
23,141,45,1591.01,1410.97,552.38,9060.7,47.329
23,142,44,1592.29,1411.67,552.23,9062.1,47.456
23,143,43,1590.80,1413.13,552.15,9061.6,47.255
23,144,42,1593.39,1412.61,552.39,9057.0,47.284
23,145,41,1592.43,1412.53,552.28,9070.0,47.337
23,146,40,1591.96,1412.36,551.86,9061.5,47.288
23,147,39,1592.64,1413.69,552.17,9063.9,47.313
23,148,38,1594.80,1412.84,551.98,9057.6,47.280
23,149,37,1592.28,1413.11,551.58,9059.5,47.301
23,150,36,1593.79,1413.36,551.27,9065.0,47.314
23,151,35,1594.00,1413.42,551.65,9061.1,47.249
23,152,34,1593.06,1414.16,551.70,9065.9,47.239
23,153,33,1593.82,1414.10,551.19,9067.8,47.243
23,154,32,1592.78,1415.71,551.59,9067.9,47.293
23,155,31,1593.53,1416.34,551.05,9065.3,47.244
23,156,30,1594.03,1416.90,551.64,9062.2,47.199
23,157,29,1596.62,1415.67,551.25,9071.6,47.169
23,158,28,1596.26,1415.68,551.59,9066.4,47.174
23,159,27,1595.54,1417.56,550.67,9064.4,47.310
23,160,26,1595.97,1417.44,551.59,9070.6,47.250
23,161,25,1596.80,1416.98,551.25,9072.3,47.200
23,162,24,1597.30,1417.91,550.85,9069.2,47.164
23,163,23,1596.49,1417.62,550.87,9064.1,47.188
23,164,22,1596.54,1417.95,550.65,9070.9,47.173
23,165,21,1597.69,1419.57,550.93,9076.8,47.211
23,166,20,1596.18,1420.00,551.43,9075.2,47.174
23,167,19,1596.50,1418.95,551.63,9068.1,47.248
23,168,18,1597.68,1420.44,550.45,9071.8,47.157
23,169,17,1597.36,1420.59,550.42,9074.2,47.199
23,170,16,1597.54,1419.60,550.80,9073.6,47.193
23,171,15,1598.40,1420.34,550.62,9079.2,47.212
23,172,14,1598.76,1419.97,550.44,9071.4,47.141
23,173,13,1597.65,1421.28,551.12,9075.8,47.211
23,174,12,1600.20,1421.38,550.37,9070.8,47.179
23,175,11,1599.76,1421.22,550.71,9073.4,47.306
23,176,10,1600.33,1422.32,550.88,9068.7,47.144
23,177,9,1599.95,1422.53,550.30,9076.5,47.223
23,178,8,1600.94,1423.49,550.30,9073.2,47.157
23,179,7,1601.07,1422.40,550.36,9071.1,47.267
23,180,6,1601.15,1423.00,550.21,9081.0,47.238
23,181,5,1602.90,1422.94,549.87,9076.1,47.167
23,182,4,1602.91,1423.32,549.87,9077.6,47.166
23,183,3,1602.41,1425.93,549.69,9080.0,47.138
23,184,2,1602.17,1425.52,550.12,9088.4,47.088
23,185,1,1604.41,1425.17,549.93,9079.7,47.055
23,186,0,1603.98,1425.96,549.99,9084.6,47.121
24,1,212,1585.87,1403.76,553.59,9052.8,47.411
24,2,211,1584.63,1404.06,554.21,9050.7,47.476
24,3,210,1584.76,1403.93,553.79,9051.0,47.435
24,4,209,1586.07,1403.66,553.29,9059.6,47.434
24,5,208,1586.05,1405.26,554.08,9049.3,47.464
24,6,207,1583.98,1405.79,553.54,9049.1,47.455
24,7,206,1584.91,1403.41,554.22,9053.3,47.466
24,8,205,1584.68,1404.96,553.66,9055.5,47.456
24,9,204,1585.98,1403.90,553.82,9054.3,47.560
24,10,203,1586.25,1404.79,553.98,9048.2,47.465
24,11,202,1584.27,1404.34,553.93,9043.1,47.452
24,12,201,1585.33,1403.92,553.91,9045.3,47.411
24,13,200,1585.83,1404.00,553.90,9048.1,47.451
24,14,199,1583.16,1404.76,554.34,9046.3,47.403
24,15,198,1585.35,1405.33,553.80,9045.7,47.440
24,16,197,1584.18,1403.40,553.71,9046.7,47.411
24,17,196,1585.06,1404.19,553.37,9051.4,47.431
24,18,195,1585.58,1404.70,553.64,9052.1,47.408
24,19,194,1586.06,1403.28,553.91,9049.3,47.399
24,20,193,1585.72,1403.45,553.29,9039.9,47.406
24,21,192,1586.10,1405.13,553.58,9048.7,47.427
24,22,191,1583.93,1403.15,554.09,9051.8,47.464
24,23,190,1583.93,1404.09,553.11,9052.9,47.463
24,24,189,1583.92,1405.45,553.26,9051.9,47.478
24,25,188,1584.01,1403.97,553.31,9040.0,47.397
24,26,187,1584.51,1404.58,553.82,9050.3,47.399
24,27,186,1584.58,1403.16,553.43,9047.9,47.454
24,28,185,1584.54,1403.71,554.01,9048.2,47.383
24,29,184,1585.45,1404.24,553.90,9052.2,47.473
24,30,183,1585.02,1406.15,553.41,9047.9,47.498
24,31,182,1585.11,1404.68,553.85,9054.8,47.400
24,32,181,1586.07,1405.05,553.44,9052.2,47.448
24,33,180,1584.51,1402.30,553.50,9052.5,47.491
24,34,179,1584.83,1404.74,554.08,9050.5,47.414
24,35,178,1585.35,1404.44,554.00,9053.0,47.382
24,36,177,1584.59,1402.29,554.02,9049.3,47.472
24,37,176,1583.82,1405.26,553.44,9052.7,47.456
24,38,175,1584.85,1403.76,553.61,9054.5,47.451
24,39,174,1583.98,1403.65,553.84,9053.1,47.420
24,40,173,1584.57,1404.02,554.06,9045.2,47.475
24,41,172,1584.63,1403.71,554.40,9049.3,47.488
24,42,171,1585.58,1402.94,553.25,9052.9,47.396
24,43,170,1583.67,1404.92,553.49,9047.3,47.549
24,44,169,1583.67,1402.87,553.66,9049.2,47.405
24,45,168,1584.07,1405.36,553.88,9052.0,47.443
24,46,167,1585.23,1404.84,553.50,9050.9,47.485
24,47,166,1586.24,1405.75,553.82,9054.0,47.316
24,48,165,1586.24,1403.35,553.73,9051.5,47.442
24,49,164,1585.16,1405.43,553.68,9046.2,47.541
24,50,163,1585.42,1405.73,554.06,9045.4,47.482
24,51,162,1584.21,1404.01,553.78,9044.3,47.409
24,52,161,1586.76,1404.21,553.75,9056.3,47.430
24,53,160,1584.93,1404.89,553.68,9047.4,47.337
24,54,159,1584.25,1403.15,553.85,9047.9,47.558
24,55,158,1584.15,1405.26,553.87,9052.8,47.487
24,56,157,1583.23,1403.99,553.72,9046.0,47.473
24,57,156,1586.37,1401.59,553.64,9045.6,47.454
24,58,155,1584.74,1403.45,554.01,9055.7,47.583
24,59,154,1584.41,1402.36,553.97,9055.6,47.491
24,60,153,1586.29,1403.80,553.62,9050.4,47.433
24,61,152,1585.53,1404.87,554.11,9051.8,47.462
24,62,151,1585.64,1402.23,553.86,9050.2,47.461
24,63,150,1584.93,1404.39,553.63,9054.0,47.474
24,64,149,1585.12,1403.37,554.04,9050.7,47.412
24,65,148,1584.95,1404.57,553.97,9051.7,47.455
24,66,147,1585.82,1405.11,554.02,9047.9,47.397
24,67,146,1584.56,1405.76,553.88,9057.4,47.444
24,68,145,1584.79,1403.93,553.77,9047.3,47.393
24,69,144,1585.40,1404.95,554.53,9048.5,47.432
24,70,143,1584.38,1405.01,554.04,9046.9,47.405
24,71,142,1585.76,1404.34,554.03,9046.9,47.356
24,72,141,1584.30,1404.62,554.43,9048.5,47.564
24,73,140,1585.66,1402.75,553.86,9053.0,47.329
24,74,139,1585.52,1405.06,553.92,9049.8,47.441
24,75,138,1584.81,1402.94,553.59,9048.5,47.456
24,76,137,1584.55,1403.22,554.03,9051.3,47.423
24,77,136,1585.41,1403.59,553.82,9053.4,47.420
24,78,135,1584.06,1403.87,553.39,9049.0,47.436
24,79,134,1583.03,1404.48,553.75,9054.1,47.461
24,80,133,1585.59,1405.07,553.76,9050.0,47.371
24,81,132,1585.99,1403.87,553.50,9052.6,47.341
24,82,131,1584.66,1404.82,553.67,9047.5,47.429
24,83,130,1583.39,1404.64,553.76,9049.0,47.437
24,84,129,1585.01,1404.59,553.78,9045.2,47.479
24,85,128,1585.40,1404.18,554.12,9050.1,47.506
24,86,127,1586.13,1404.52,553.58,9049.5,47.512
24,87,126,1583.80,1403.65,553.70,9047.0,47.494
24,88,125,1585.30,1403.36,553.98,9049.4,47.405
24,89,124,1584.43,1404.39,554.08,9048.3,47.477
24,90,123,1586.27,1402.87,553.91,9052.9,47.445
24,91,122,1585.99,1405.98,553.90,9049.2,47.499
24,92,121,1585.68,1401.74,553.80,9048.6,47.470
24,93,120,1584.87,1403.95,553.54,9052.6,47.532
24,94,119,1584.37,1402.80,553.79,9050.0,47.508
24,95,118,1584.09,1403.61,553.14,9054.9,47.461
24,96,117,1584.74,1402.94,553.41,9051.6,47.393
24,97,116,1585.23,1406.02,553.66,9046.9,47.466
24,98,115,1584.21,1405.78,554.18,9049.8,47.402
24,99,114,1584.89,1404.02,553.86,9054.0,47.394
24,100,113,1586.09,1404.90,553.58,9046.7,47.450
24,101,112,1584.48,1405.32,553.39,9052.5,47.440
24,102,111,1584.93,1404.38,554.03,9046.5,47.422
24,103,110,1584.84,1404.50,553.49,9044.6,47.389
24,104,109,1586.81,1404.83,553.75,9049.9,47.438
24,105,108,1585.22,1405.16,553.70,9046.9,47.452
24,106,107,1583.66,1405.14,553.23,9050.8,47.378
24,107,106,1585.70,1405.37,554.09,9045.8,47.485
24,108,105,1585.87,1404.53,553.85,9050.5,47.471
24,109,104,1585.05,1404.46,553.89,9056.7,47.432
24,110,103,1583.69,1404.94,553.60,9050.8,47.449
24,111,102,1585.62,1405.97,553.22,9056.1,47.508
24,112,101,1585.35,1404.50,553.67,9047.8,47.404
24,113,100,1587.04,1406.08,554.12,9052.7,47.397
24,114,99,1586.29,1405.39,553.47,9052.1,47.379
24,115,98,1586.56,1404.36,553.27,9052.0,47.311
24,116,97,1587.04,1403.89,553.67,9048.0,47.402
24,117,96,1586.93,1407.83,553.48,9045.8,47.468
24,118,95,1586.43,1406.03,553.59,9045.1,47.419
24,119,94,1586.38,1407.19,553.62,9047.3,47.480
24,120,93,1587.17,1404.82,553.40,9056.8,47.354
24,121,92,1588.01,1404.97,553.12,9050.1,47.482
24,122,91,1586.62,1405.41,553.46,9055.9,47.444
24,123,90,1586.90,1406.81,553.11,9059.6,47.466
24,124,89,1588.09,1407.43,553.44,9049.6,47.438
24,125,88,1587.42,1407.99,553.50,9056.1,47.320
24,126,87,1587.37,1406.48,553.31,9052.9,47.389
24,127,86,1587.92,1406.73,553.24,9049.2,47.359
24,128,85,1588.19,1406.15,553.55,9058.2,47.385
24,129,84,1590.18,1408.52,552.87,9057.6,47.399
24,130,83,1587.28,1406.58,553.42,9053.1,47.388
24,131,82,1587.29,1407.02,553.06,9056.7,47.262
24,132,81,1588.16,1407.17,553.49,9065.9,47.371
24,133,80,1586.89,1408.10,552.98,9062.7,47.470
24,134,79,1589.09,1407.62,553.21,9057.0,47.396
24,135,78,1587.27,1409.26,553.01,9055.9,47.352
24,136,77,1588.01,1408.75,552.42,9059.3,47.326
24,137,76,1587.13,1410.26,552.66,9054.2,47.433
24,138,75,1590.40,1407.40,552.60,9053.9,47.421
24,139,74,1590.36,1407.97,553.28,9054.7,47.388
24,140,73,1588.17,1409.00,552.79,9056.3,47.388
24,141,72,1588.51,1408.48,552.92,9062.4,47.365
24,142,71,1589.86,1410.13,553.01,9054.6,47.324
24,143,70,1589.05,1411.36,552.88,9059.8,47.379
24,144,69,1588.69,1411.54,552.84,9061.0,47.270
24,145,68,1590.51,1409.65,552.26,9055.3,47.292
24,146,67,1589.01,1410.20,552.51,9060.1,47.436
24,147,66,1590.07,1408.31,552.52,9063.4,47.345
24,148,65,1591.55,1410.92,552.01,9059.9,47.361
24,149,64,1591.34,1412.33,552.79,9061.3,47.377
24,150,63,1590.49,1409.56,552.50,9061.3,47.280
24,151,62,1591.84,1411.97,552.04,9065.1,47.322
24,152,61,1590.31,1412.23,552.40,9067.2,47.292
24,153,60,1589.71,1411.20,552.61,9057.6,47.265
24,154,59,1591.44,1410.32,552.43,9059.9,47.353
24,155,58,1590.30,1413.01,552.25,9064.1,47.373
24,156,57,1590.65,1412.83,551.84,9056.9,47.420
24,157,56,1592.62,1414.10,552.12,9062.3,47.345
24,158,55,1591.89,1411.76,551.92,9063.0,47.263
24,159,54,1591.19,1412.99,552.12,9065.8,47.291
24,160,53,1591.77,1413.22,551.87,9060.6,47.278
24,161,52,1592.23,1414.64,551.66,9067.7,47.343
24,162,51,1593.82,1416.08,552.46,9066.7,47.237
24,163,50,1591.79,1413.79,551.48,9065.9,47.193
24,164,49,1593.84,1413.38,551.99,9061.5,47.201
24,165,48,1594.08,1415.09,551.81,9066.7,47.273
24,166,47,1593.49,1414.78,552.04,9069.4,47.315
24,167,46,1593.46,1413.63,551.69,9067.8,47.211
24,168,45,1594.50,1414.28,551.54,9061.5,47.316
24,169,44,1593.79,1416.18,551.37,9063.6,47.274
24,170,43,1593.38,1414.98,551.80,9067.7,47.351
24,171,42,1593.12,1415.50,551.47,9067.8,47.293
24,172,41,1593.56,1414.61,551.77,9066.7,47.257
24,173,40,1595.06,1416.31,551.42,9064.0,47.202
24,174,39,1594.75,1414.60,551.56,9071.5,47.243
24,175,38,1594.48,1417.91,551.94,9064.9,47.264
24,176,37,1595.36,1416.52,551.99,9068.3,47.266
24,177,36,1595.84,1417.64,551.68,9070.2,47.172
24,178,35,1595.09,1417.55,551.43,9071.5,47.341
24,179,34,1594.73,1418.07,551.21,9072.2,47.240
24,180,33,1597.57,1417.40,551.07,9070.8,47.255
24,181,32,1596.97,1417.93,551.96,9069.3,47.230
24,182,31,1595.78,1417.84,551.24,9071.0,47.234
24,183,30,1595.97,1417.21,551.01,9074.4,47.295
24,184,29,1596.60,1417.40,551.06,9078.0,47.273
24,185,28,1597.30,1419.36,551.49,9067.1,47.200
24,186,27,1596.64,1419.27,551.03,9074.1,47.190
24,187,26,1598.36,1418.93,551.15,9076.0,47.267
24,188,25,1597.76,1419.98,551.41,9074.0,47.171
24,189,24,1598.14,1419.46,550.14,9074.2,47.209
24,190,23,1598.81,1419.07,550.34,9073.5,47.218
24,191,22,1598.17,1420.02,550.42,9072.8,47.178
24,192,21,1599.16,1420.60,550.61,9079.7,47.178
24,193,20,1598.96,1420.37,551.14,9074.3,47.193
24,194,19,1598.62,1420.96,550.96,9077.4,47.184
24,195,18,1600.30,1421.83,550.42,9070.0,47.158
24,196,17,1599.49,1421.84,550.90,9071.3,47.153
24,197,16,1598.43,1420.36,550.26,9076.8,47.209
24,198,15,1598.83,1421.11,549.86,9076.7,47.130
24,199,14,1601.14,1422.47,550.29,9074.1,47.087
24,200,13,1598.94,1421.81,550.08,9073.2,47.177
24,201,12,1600.66,1422.23,550.82,9071.0,47.156
24,202,11,1600.30,1422.42,549.98,9077.5,47.138
24,203,10,1600.38,1422.02,549.65,9076.9,47.125
24,204,9,1600.77,1423.36,549.93,9077.6,47.098
24,205,8,1602.37,1423.02,549.92,9076.2,47.099
24,206,7,1601.40,1423.92,549.84,9078.1,47.096
24,207,6,1601.93,1426.14,549.66,9080.9,47.129
24,208,5,1602.37,1425.20,549.93,9079.8,47.101
24,209,4,1601.45,1424.77,549.43,9078.3,47.174
24,210,3,1602.38,1425.94,550.20,9080.1,47.124
24,211,2,1602.29,1424.69,549.42,9084.1,47.120
24,212,1,1604.24,1426.59,549.44,9084.5,47.089
24,213,0,1603.97,1425.56,549.28,9079.2,47.063
25,1,177,1584.54,1405.65,554.10,9054.2,47.416
25,2,176,1585.16,1403.06,553.87,9043.8,47.503
25,3,175,1584.48,1404.27,553.95,9048.1,47.410
25,4,174,1584.90,1404.72,553.76,9052.1,47.490
25,5,173,1584.85,1403.90,553.84,9054.0,47.433
25,6,172,1585.91,1404.23,553.58,9049.9,47.394
25,7,171,1583.92,1404.55,554.04,9049.9,47.452
25,8,170,1584.54,1404.15,554.39,9053.5,47.446
25,9,169,1584.87,1403.66,553.38,9048.3,47.484
25,10,168,1584.25,1403.75,553.46,9052.7,47.386
25,11,167,1585.47,1404.93,553.70,9047.6,47.474
25,12,166,1586.28,1405.21,553.78,9046.9,47.438
25,13,165,1583.65,1403.50,553.94,9048.7,47.420
25,14,164,1584.96,1403.76,554.03,9045.4,47.476
25,15,163,1584.96,1404.39,553.38,9053.1,47.477
25,16,162,1586.34,1403.25,553.62,9043.8,47.409
25,17,161,1586.15,1404.27,553.58,9050.5,47.447
25,18,160,1583.47,1402.44,554.13,9052.6,47.376
25,19,159,1584.90,1403.36,554.13,9051.6,47.395
25,20,158,1585.10,1403.96,553.79,9048.2,47.451
25,21,157,1584.32,1402.93,553.43,9046.3,47.471
25,22,156,1585.36,1405.31,553.73,9052.5,47.452
25,23,155,1585.24,1404.73,553.97,9050.4,47.419
25,24,154,1585.22,1405.23,553.85,9048.6,47.491
25,25,153,1583.89,1403.68,553.51,9049.6,47.512
25,26,152,1585.51,1402.32,553.61,9044.8,47.503
25,27,151,1584.53,1404.07,553.84,9050.7,47.305
25,28,150,1585.29,1403.51,554.05,9050.7,47.482
25,29,149,1584.42,1402.98,554.07,9052.0,47.461
25,30,148,1585.18,1404.38,553.41,9053.8,47.442
25,31,147,1584.90,1403.62,553.06,9052.0,47.400
25,32,146,1585.09,1403.26,553.70,9048.6,47.408
25,33,145,1584.82,1403.57,553.49,9054.1,47.410
25,34,144,1585.45,1404.60,554.08,9048.1,47.440
25,35,143,1584.87,1404.47,553.73,9051.6,47.437
25,36,142,1585.89,1403.99,553.76,9051.2,47.532
25,37,141,1584.52,1404.94,553.55,9050.2,47.410
25,38,140,1584.70,1403.39,554.01,9048.3,47.477
25,39,139,1584.58,1404.00,554.24,9047.4,47.414
25,40,138,1584.80,1403.98,553.99,9050.2,47.462
25,41,137,1584.08,1404.27,553.90,9052.4,47.434
25,42,136,1584.99,1404.64,553.48,9043.7,47.395
25,43,135,1584.49,1404.97,554.41,9046.8,47.446
25,44,134,1584.58,1404.43,553.88,9046.9,47.419
25,45,133,1584.89,1405.11,553.60,9044.6,47.515
25,46,132,1585.40,1402.95,553.89,9052.8,47.455
25,47,131,1586.09,1404.50,553.89,9050.7,47.457
25,48,130,1585.70,1403.87,554.08,9051.1,47.455
25,49,129,1584.75,1403.73,553.90,9053.5,47.475
25,50,128,1584.43,1402.56,554.02,9059.4,47.436
25,51,127,1584.63,1404.74,553.54,9055.2,47.471
25,52,126,1584.98,1403.30,554.06,9048.4,47.485
25,53,125,1585.32,1405.16,553.85,9060.9,47.478
25,54,124,1585.12,1403.65,554.06,9048.7,47.411
25,55,123,1584.63,1403.83,554.47,9051.0,47.417
25,56,122,1585.87,1404.17,554.19,9056.7,47.375
25,57,121,1583.10,1405.79,553.59,9044.1,47.424
25,58,120,1584.23,1403.30,554.06,9048.7,47.369
25,59,119,1585.03,1403.23,553.73,9049.3,47.492
25,60,118,1584.60,1404.63,553.32,9053.1,47.515
25,61,117,1584.82,1403.26,553.48,9049.9,47.511
25,62,116,1584.66,1405.00,553.45,9048.8,47.448
25,63,115,1585.17,1403.70,554.17,9054.4,47.441
25,64,114,1584.58,1403.46,554.11,9047.7,47.377
25,65,113,1583.95,1404.60,553.39,9048.6,47.455
25,66,112,1583.65,1404.16,553.70,9043.3,47.460
25,67,111,1585.32,1404.17,553.95,9050.9,47.487
25,68,110,1584.24,1402.74,553.45,9047.2,47.551
25,69,109,1584.36,1403.53,553.73,9048.8,47.541
25,70,108,1583.62,1405.97,553.84,9053.4,47.451
25,71,107,1585.65,1403.15,553.39,9059.1,47.546
25,72,106,1584.16,1404.64,554.15,9052.3,47.440
25,73,105,1586.62,1404.62,553.52,9048.6,47.397
25,74,104,1584.91,1403.87,554.03,9052.6,47.469
25,75,103,1585.29,1404.94,553.73,9041.6,47.556
25,76,102,1584.27,1404.63,553.70,9054.9,47.402
25,77,101,1584.43,1403.55,553.97,9050.8,47.478
25,78,100,1585.10,1404.84,554.08,9055.3,47.467
25,79,99,1585.27,1405.59,554.16,9051.8,47.380
25,80,98,1583.65,1404.55,554.00,9047.5,47.468
25,81,97,1584.27,1404.51,553.98,9052.1,47.467
25,82,96,1584.76,1403.81,554.15,9051.5,47.474
25,83,95,1585.07,1404.59,554.09,9047.8,47.480
25,84,94,1584.82,1404.28,554.05,9044.9,47.396
25,85,93,1584.47,1403.34,553.75,9055.9,47.509
25,86,92,1584.54,1404.78,553.79,9051.2,47.401
25,87,91,1583.94,1404.66,553.81,9051.8,47.530
25,88,90,1584.81,1403.79,554.33,9050.1,47.410
25,89,89,1585.59,1403.79,553.55,9050.3,47.491
25,90,88,1584.07,1402.94,553.78,9046.1,47.386
25,91,87,1585.00,1405.00,554.04,9049.6,47.514
25,92,86,1586.39,1404.44,553.69,9055.5,47.526
25,93,85,1585.20,1405.10,553.57,9042.8,47.401
25,94,84,1585.17,1403.93,554.09,9044.8,47.377
25,95,83,1585.62,1402.73,553.72,9050.1,47.417
25,96,82,1585.51,1402.20,554.34,9048.9,47.441
25,97,81,1587.24,1402.88,553.47,9055.1,47.370
25,98,80,1585.53,1403.62,553.28,9052.1,47.475
25,99,79,1585.20,1406.10,553.52,9053.4,47.463
25,100,78,1586.04,1403.87,553.32,9048.1,47.442
25,101,77,1585.88,1404.43,553.79,9056.6,47.442
25,102,76,1584.99,1404.91,553.19,9044.7,47.435
25,103,75,1584.76,1404.07,553.96,9052.7,47.436
25,104,74,1585.66,1404.35,553.92,9053.8,47.488
25,105,73,1586.45,1404.90,553.43,9050.7,47.442
25,106,72,1585.26,1406.44,554.10,9051.0,47.486
25,107,71,1586.36,1404.66,553.71,9048.9,47.388
25,108,70,1586.41,1405.69,554.37,9051.3,47.404
25,109,69,1586.88,1405.37,553.34,9050.0,47.419
25,110,68,1587.11,1405.94,553.25,9058.7,47.380
25,111,67,1585.81,1406.76,553.92,9053.7,47.358
25,112,66,1586.61,1404.64,554.19,9053.7,47.460
25,113,65,1586.37,1407.66,553.26,9050.0,47.433
25,114,64,1587.52,1408.13,553.86,9057.4,47.381
25,115,63,1586.39,1405.60,553.30,9046.8,47.480
25,116,62,1586.29,1405.55,553.19,9049.1,47.441
25,117,61,1586.49,1407.22,553.55,9052.1,47.370
25,118,60,1586.78,1405.99,553.11,9054.5,47.334
25,119,59,1587.08,1407.31,553.21,9045.3,47.431
25,120,58,1588.75,1406.85,552.64,9052.2,47.357
25,121,57,1588.89,1406.59,553.01,9061.1,47.401
25,122,56,1588.26,1407.70,553.37,9056.9,47.482
25,123,55,1589.85,1408.29,553.02,9056.4,47.358
25,124,54,1588.57,1406.94,552.78,9058.9,47.410
25,125,53,1588.55,1408.84,553.40,9055.1,47.307
25,126,52,1589.34,1409.18,553.13,9052.6,47.300
25,127,51,1589.25,1409.11,552.75,9062.2,47.371
25,128,50,1590.22,1409.97,552.49,9054.4,47.304
25,129,49,1589.78,1409.51,553.17,9060.0,47.299
25,130,48,1589.27,1407.77,552.81,9068.0,47.366
25,131,47,1590.01,1409.91,552.78,9058.1,47.387
25,132,46,1589.44,1409.53,552.23,9058.9,47.296
25,133,45,1591.44,1410.06,551.98,9055.4,47.354
25,134,44,1591.01,1411.03,552.27,9057.8,47.309
25,135,43,1591.17,1411.09,552.33,9057.8,47.313
25,136,42,1590.94,1412.46,552.47,9059.4,47.314
25,137,41,1592.53,1412.28,552.65,9063.6,47.328
25,138,40,1592.35,1410.50,552.77,9064.0,47.350
25,139,39,1591.03,1412.94,552.60,9059.3,47.287
25,140,38,1591.04,1412.89,552.17,9069.6,47.240
25,141,37,1591.41,1412.70,552.34,9064.8,47.316
25,142,36,1592.63,1413.09,552.40,9061.1,47.285
25,143,35,1593.15,1414.70,551.84,9064.4,47.283
25,144,34,1593.29,1412.12,551.87,9061.9,47.280
25,145,33,1591.07,1415.72,551.16,9066.1,47.228
25,146,32,1592.36,1414.34,552.06,9061.1,47.232
25,147,31,1592.58,1414.72,551.48,9069.8,47.225
25,148,30,1594.31,1416.24,551.75,9059.5,47.297
25,149,29,1593.94,1415.14,552.14,9066.4,47.298
25,150,28,1593.88,1415.25,551.94,9067.2,47.281
25,151,27,1595.48,1417.30,551.19,9065.5,47.335
25,152,26,1596.55,1415.93,551.56,9068.9,47.268
25,153,25,1595.43,1417.73,550.87,9065.9,47.283
25,154,24,1595.11,1417.10,551.67,9074.3,47.260
25,155,23,1596.98,1417.31,551.19,9063.8,47.190
25,156,22,1596.08,1417.56,551.29,9076.1,47.272
25,157,21,1597.00,1419.53,551.04,9068.4,47.290
25,158,20,1597.04,1418.20,551.06,9070.1,47.218
25,159,19,1596.94,1418.33,551.18,9073.8,47.190
25,160,18,1597.96,1417.81,551.10,9073.7,47.208
25,161,17,1597.58,1419.11,550.72,9072.3,47.179
25,162,16,1598.75,1417.80,550.76,9066.2,47.147
25,163,15,1597.68,1421.27,551.08,9073.6,47.198
25,164,14,1599.28,1421.45,550.49,9076.3,47.141
25,165,13,1598.44,1421.35,550.39,9073.2,47.100
25,166,12,1599.43,1420.40,550.27,9079.7,47.142
25,167,11,1599.98,1422.56,550.72,9074.7,47.149
25,168,10,1598.97,1420.38,550.60,9078.5,47.188
25,169,9,1597.74,1422.19,550.49,9081.2,47.173
25,170,8,1600.49,1422.13,550.34,9076.4,47.115
25,171,7,1599.73,1422.29,550.24,9073.0,47.131
25,172,6,1602.03,1422.25,550.20,9080.3,47.125
25,173,5,1601.81,1423.77,550.23,9075.3,47.227
25,174,4,1602.80,1422.34,550.27,9077.6,47.198
25,175,3,1602.79,1423.78,550.01,9077.7,47.147
25,176,2,1602.36,1424.51,549.36,9081.6,47.136
25,177,1,1602.53,1424.89,549.53,9077.6,47.143
25,178,0,1601.27,1426.86,549.58,9083.8,47.131
